{"type":"FeatureCollection","source":"Natural Earth 1:10m physical land, public domain. Modern physical coastline only; no political borders.","features":[{"type":"Feature","properties":{},"geometry":{"type":"MultiPolygon","coordinates":[[[[-7.931386,36.966498],[-7.955719,36.980536],[-7.903961,36.97484],[-7.860097,37.000434],[-7.853261,36.986762],[-7.878489,36.970852],[-7.931386,36.966498]]],[[[-7.909169,36.978054],[-7.903717,36.986151],[-7.904612,36.977525],[-7.909169,36.978054]]],[[[-7.881174,37.000596],[-7.894968,36.989366],[-7.906077,36.99608],[-7.881174,37.000596]]],[[[-8.848541,38.479682],[-8.834625,38.482489],[-8.839874,38.473782],[-8.848541,38.479682]]],[[[-9.041127,38.867621],[-9.041412,38.849189],[-9.079661,38.820136],[-9.061391,38.85224],[-9.041127,38.867621]]],[[[-9.002756,38.861396],[-9.026031,38.864773],[-9.020009,38.878526],[-9.0065,38.878526],[-9.002756,38.861396]]],[[[-9.026194,38.904853],[-9.013499,38.914008],[-9.027577,38.888983],[-9.026194,38.904853]]],[[[-9.508249,39.42178],[-9.501698,39.420233],[-9.511952,39.4112],[-9.508249,39.42178]]],[[[-8.827952,40.123643],[-8.848215,40.146837],[-8.796091,40.130845],[-8.827952,40.123643]]],[[[-6.342681,49.883938],[-6.355377,49.888902],[-6.354888,49.894029],[-6.344309,49.893704],[-6.342681,49.883938]]],[[[-6.292226,49.932074],[-6.287506,49.914008],[-6.309153,49.913642],[-6.307444,49.927436],[-6.292226,49.932074]]],[[[-6.35322,49.949774],[-6.365712,49.951117],[-6.358551,49.961086],[-6.35322,49.949774]]],[[[-6.332509,49.941718],[-6.348053,49.956204],[-6.348948,49.964342],[-6.328033,49.95661],[-6.332509,49.941718]]],[[[-6.307118,49.967678],[-6.268219,49.962958],[-6.289215,49.956895],[-6.307118,49.967678]]],[[[-9.492177,51.448798],[-9.47643,51.43891],[-9.527984,51.426378],[-9.519683,51.437567],[-9.492177,51.448798]]],[[[-9.90099,51.636664],[-9.858266,51.642401],[-9.799306,51.636786],[-9.892161,51.611274],[-9.917877,51.619371],[-9.90099,51.636664]]],[[[-10.426015,51.88227],[-10.412017,51.90412],[-10.351674,51.931138],[-10.297678,51.918402],[-10.361562,51.892035],[-10.426015,51.88227]]],[[[-9.801178,53.14647],[-9.671051,53.13052],[-9.671539,53.109198],[-9.642445,53.093817],[-9.778717,53.123481],[-9.811431,53.1376],[-9.801178,53.14647]]],[[[-9.725657,53.225653],[-9.76065,53.227403],[-9.760162,53.231757],[-9.736399,53.245632],[-9.72411,53.241563],[-9.725657,53.225653]]],[[[-9.662668,53.275458],[-9.638336,53.251044],[-9.658315,53.232652],[-9.692372,53.226386],[-9.710357,53.238593],[-9.720082,53.266059],[-9.710357,53.275458],[-9.662668,53.275458]]],[[[-9.707509,53.301744],[-9.690012,53.307278],[-9.639353,53.296617],[-9.701121,53.28559],[-9.707509,53.301744]]],[[[-9.86026,53.311632],[-9.845774,53.28734],[-9.873199,53.305732],[-9.86026,53.311632]]],[[[-6.168853,53.35692],[-6.125925,53.366116],[-6.185699,53.342597],[-6.168853,53.35692]]],[[[-6.122792,53.392768],[-6.215321,53.358059],[-6.21817,53.347154],[-6.155181,53.299384],[-6.096995,53.285549],[-6.104888,53.229438],[-6.071034,53.184272],[-6.078114,53.166205],[-6.030385,53.111029],[-6.051625,53.009263],[-5.99352,52.957424],[-6.037953,52.919664],[-6.071929,52.872016],[-6.064443,52.864569],[-6.130116,52.815985],[-6.153879,52.768378],[-6.147857,52.746161],[-6.215321,52.665961],[-6.209096,52.545844],[-6.356191,52.409003],[-6.366119,52.344428],[-6.390045,52.358832],[-6.468861,52.360012],[-6.462961,52.377997],[-6.49649,52.364325],[-6.456125,52.335842],[-6.454986,52.312242],[-6.423736,52.307929],[-6.409169,52.289252],[-6.372955,52.322699],[-6.38976,52.2956],[-6.318349,52.24079],[-6.369862,52.179999],[-6.399485,52.185492],[-6.382314,52.211982],[-6.425608,52.193793],[-6.469106,52.19359],[-6.448638,52.199774],[-6.472564,52.206977],[-6.579742,52.178209],[-6.715566,52.21662],[-6.805572,52.212836],[-6.77599,52.233222],[-6.764027,52.261298],[-6.792958,52.240424],[-6.832265,52.24079],[-6.839101,52.212836],[-6.818593,52.220364],[-6.832265,52.19359],[-6.818593,52.186184],[-6.932118,52.124661],[-6.948964,52.130927],[-6.903717,52.172187],[-6.92101,52.212836],[-6.970123,52.247382],[-6.997385,52.289211],[-6.969472,52.220364],[-6.97997,52.18594],[-6.955149,52.179348],[-7.017201,52.138373],[-7.106028,52.130927],[-7.071848,52.165717],[-7.106353,52.173],[-7.120229,52.165717],[-7.106028,52.152045],[-7.149648,52.156317],[-7.187367,52.132758],[-7.435455,52.125678],[-7.565297,52.083726],[-7.582631,52.104234],[-7.599965,52.10102],[-7.631093,52.079047],[-7.627349,52.06269],[-7.602162,52.071682],[-7.545155,52.054999],[-7.582631,52.02851],[-7.589915,51.991156],[-7.709299,51.973863],[-7.723297,51.944566],[-7.829335,51.953437],[-7.849843,51.980129],[-7.869862,51.929511],[-7.922231,51.911811],[-7.880605,51.891995],[-7.891469,51.881903],[-8.008168,51.85578],[-8.023061,51.843573],[-8.00414,51.829901],[-8.020579,51.82392],[-8.134185,51.804755],[-8.246205,51.80272],[-8.247955,51.813422],[-8.223256,51.823676],[-8.230092,51.836737],[-8.175404,51.857164],[-8.202789,51.864],[-8.18224,51.884508],[-8.187082,51.893134],[-8.210194,51.884508],[-8.284657,51.891995],[-8.293202,51.903306],[-8.429351,51.884508],[-8.329254,51.861314],[-8.347401,51.829901],[-8.298329,51.829901],[-8.305165,51.81623],[-8.292104,51.810004],[-8.319488,51.802558],[-8.284657,51.802558],[-8.305165,51.782131],[-8.297353,51.766018],[-8.345693,51.724677],[-8.435536,51.692694],[-8.4558,51.712307],[-8.483957,51.713813],[-8.464182,51.695014],[-8.483957,51.678412],[-8.491119,51.698676],[-8.512441,51.706041],[-8.55842,51.706366],[-8.497548,51.692694],[-8.539174,51.648383],[-8.531728,51.610785],[-8.572662,51.644965],[-8.757639,51.644965],[-8.690012,51.631293],[-8.702952,51.617011],[-8.682525,51.610785],[-8.699778,51.597235],[-8.696156,51.576646],[-8.853871,51.595933],[-8.88801,51.555569],[-8.933176,51.535346],[-8.991119,51.562974],[-9.072865,51.549384],[-9.120758,51.562974],[-9.107737,51.549384],[-9.115712,51.537909],[-9.1433,51.523871],[-9.192535,51.524604],[-9.189605,51.508368],[-9.223785,51.487291],[-9.26476,51.487291],[-9.272125,51.508368],[-9.349233,51.474026],[-9.381418,51.473619],[-9.346669,51.500922],[-9.376861,51.494615],[-9.319936,51.535061],[-9.327463,51.542548],[-9.401845,51.500922],[-9.413889,51.511135],[-9.401845,51.545966],[-9.443267,51.559516],[-9.456532,51.555569],[-9.447987,51.543647],[-9.547475,51.525295],[-9.556304,51.508124],[-9.611318,51.493842],[-9.628407,51.494086],[-9.655914,51.520168],[-9.717193,51.480414],[-9.703521,51.473619],[-9.820221,51.445705],[-9.813385,51.473619],[-9.833892,51.487291],[-9.683095,51.542548],[-9.621653,51.582831],[-9.545888,51.610785],[-9.59203,51.613715],[-9.785024,51.552476],[-9.847524,51.549384],[-9.786366,51.573472],[-9.770334,51.592231],[-9.594553,51.655504],[-9.458608,51.683987],[-9.442942,51.720038],[-9.489817,51.714545],[-9.525461,51.726874],[-9.525461,51.747301],[-9.560211,51.761623],[-9.545888,51.720038],[-9.62682,51.685045],[-9.874135,51.656195],[-9.930084,51.637437],[-9.941884,51.621324],[-10.028798,51.596503],[-10.070058,51.603949],[-10.156077,51.582831],[-10.162831,51.590277],[-10.1433,51.613593],[-10.059804,51.631293],[-10.070668,51.65705],[-10.100819,51.659247],[-10.088124,51.671617],[-10.003774,51.678046],[-9.956858,51.706366],[-9.997792,51.713813],[-9.980702,51.731879],[-9.888539,51.761623],[-9.902252,51.741156],[-9.867909,51.748603],[-9.8544,51.775295],[-9.785512,51.7685],[-9.813385,51.788275],[-9.73766,51.836737],[-9.671051,51.843004],[-9.580719,51.877672],[-9.758046,51.846991],[-9.791737,51.826809],[-9.840077,51.823676],[-9.833892,51.81623],[-9.86384,51.804267],[-9.874867,51.802558],[-9.868031,51.823676],[-9.882192,51.823676],[-10.016754,51.774644],[-10.039377,51.782131],[-10.13561,51.741156],[-10.12975,51.75434],[-10.224355,51.782131],[-10.186147,51.789618],[-10.177073,51.813666],[-10.194203,51.839097],[-10.234609,51.85102],[-10.341054,51.788275],[-10.341054,51.843573],[-10.388905,51.846177],[-10.381947,51.877672],[-10.395619,51.884508],[-10.25414,51.908677],[-10.255035,51.925482],[-10.306874,51.953437],[-10.258453,51.973863],[-10.266225,51.988471],[-10.128163,52.02851],[-10.033274,52.041083],[-9.992665,52.055894],[-9.971059,52.089911],[-9.954335,52.064154],[-9.926381,52.06269],[-9.908437,52.130927],[-9.877512,52.119534],[-9.77184,52.124701],[-9.792958,52.138373],[-9.758168,52.152045],[-9.956858,52.145209],[-9.943756,52.124701],[-9.954661,52.108791],[-9.970326,52.131659],[-9.997792,52.138373],[-10.186269,52.109442],[-10.217519,52.130927],[-10.242055,52.119778],[-10.27892,52.136379],[-10.306874,52.124701],[-10.272084,52.111721],[-10.368316,52.124701],[-10.354075,52.111721],[-10.436594,52.097398],[-10.460764,52.103013],[-10.478179,52.152045],[-10.450917,52.165717],[-10.461293,52.179999],[-10.449696,52.18891],[-10.409291,52.199774],[-10.416656,52.186184],[-10.382069,52.171942],[-10.36148,52.206692],[-10.375803,52.212836],[-10.366567,52.228217],[-10.320546,52.234565],[-10.275787,52.268134],[-10.171864,52.286811],[-10.156077,52.278632],[-10.166249,52.234565],[-10.100819,52.24079],[-10.044911,52.269273],[-10.036041,52.290351],[-10.059804,52.309638],[-10.013539,52.306342],[-10.008778,52.253363],[-9.947499,52.237616],[-9.872222,52.232652],[-9.825592,52.258246],[-9.810048,52.242133],[-9.73766,52.248236],[-9.869374,52.273139],[-9.881093,52.296047],[-9.849233,52.284735],[-9.833892,52.289211],[-9.861887,52.303453],[-9.826487,52.309638],[-9.837636,52.326402],[-9.834462,52.37523],[-9.949941,52.412095],[-9.748931,52.456732],[-9.703521,52.483547],[-9.634633,52.473578],[-9.650502,52.493842],[-9.683095,52.494615],[-9.675649,52.545844],[-9.648305,52.57038],[-9.617909,52.577216],[-9.470326,52.561835],[-9.438385,52.577135],[-9.272125,52.577216],[-9.052398,52.631822],[-9.044179,52.620836],[-9.005605,52.620836],[-8.95995,52.652289],[-8.751169,52.67296],[-8.867502,52.693305],[-8.960846,52.693671],[-8.949371,52.706936],[-8.952056,52.73432],[-8.969879,52.748481],[-8.942616,52.775214],[-9.02359,52.747138],[-9.058217,52.696763],[-9.146799,52.623765],[-9.254791,52.611396],[-9.285797,52.590806],[-9.333079,52.597724],[-9.278676,52.625718],[-9.278961,52.639309],[-9.434478,52.612006],[-9.524892,52.63703],[-9.544179,52.666653],[-9.580719,52.665961],[-9.552805,52.639309],[-9.694407,52.605618],[-9.706858,52.580227],[-9.93635,52.556708],[-9.87564,52.586819],[-9.824086,52.59516],[-9.621653,52.713772],[-9.628407,52.727444],[-9.498647,52.752509],[-9.483795,52.78266],[-9.491282,52.803168],[-9.450347,52.830471],[-9.42748,52.877753],[-9.365305,52.91413],[-9.354075,52.933498],[-9.477651,52.940334],[-9.387603,53.008612],[-9.39509,53.015448],[-9.272206,53.146674],[-9.251088,53.151923],[-9.158599,53.111029],[-9.096669,53.127021],[-9.072865,53.118476],[-9.070058,53.134467],[-9.128163,53.15941],[-9.069569,53.166205],[-9.004058,53.145738],[-9.045644,53.173733],[-9.009633,53.166083],[-8.986684,53.176988],[-8.974233,53.157945],[-8.936391,53.145738],[-8.956858,53.179877],[-8.894846,53.220893],[-9.045644,53.220893],[-8.963124,53.235175],[-8.991119,53.248196],[-8.942616,53.261786],[-9.022084,53.275458],[-9.401438,53.247992],[-9.511708,53.228339],[-9.566396,53.261786],[-9.547271,53.27912],[-9.554555,53.290717],[-9.57136,53.290473],[-9.585194,53.250434],[-9.612294,53.236151],[-9.628407,53.248196],[-9.60912,53.276313],[-9.617299,53.321479],[-9.576975,53.32392],[-9.56078,53.341213],[-9.601145,53.364895],[-9.552805,53.385403],[-9.621653,53.378485],[-9.606597,53.349351],[-9.634633,53.330064],[-9.652496,53.341254],[-9.637766,53.377509],[-9.652659,53.392808],[-9.743072,53.314399],[-9.806711,53.301581],[-9.842926,53.32331],[-9.902252,53.32392],[-9.887196,53.359198],[-9.785512,53.392768],[-9.820221,53.398993],[-9.799184,53.419501],[-9.860178,53.394232],[-9.881093,53.40644],[-9.847524,53.433743],[-9.884755,53.419501],[-9.911448,53.425971],[-9.925649,53.409735],[-9.922353,53.389228],[-9.961415,53.379584],[-10.01415,53.381252],[-10.063222,53.412665],[-10.176503,53.412665],[-10.142242,53.445705],[-10.067983,53.443834],[-10.052968,53.453599],[-10.087148,53.481513],[-10.020579,53.470445],[-10.012074,53.481513],[-10.107289,53.494452],[-10.152659,53.543606],[-10.203236,53.543606],[-10.180287,53.555487],[-10.107655,53.549791],[-10.115102,53.570299],[-10.070668,53.570014],[-10.025746,53.562893],[-10.005238,53.543606],[-9.971059,53.562893],[-10.046783,53.59927],[-9.930735,53.599799],[-9.867909,53.617377],[-9.822865,53.606431],[-9.696767,53.598212],[-9.714101,53.609849],[-9.783762,53.606269],[-9.908437,53.646064],[-9.922678,53.690741],[-9.899526,53.743842],[-9.908437,53.762112],[-9.789215,53.786607],[-9.752024,53.776353],[-9.566396,53.796291],[-9.621653,53.817328],[-9.560211,53.865139],[-9.586903,53.871975],[-9.566396,53.899319],[-9.758168,53.899319],[-9.910756,53.85871],[-9.943756,53.879381],[-9.908437,53.920356],[-9.915883,53.953843],[-9.868031,53.961371],[-9.811635,53.941718],[-9.807607,53.91828],[-9.787506,53.916083],[-9.785512,53.947089],[-9.812652,53.966295],[-9.831695,53.956285],[-9.849599,53.997504],[-9.877675,54.001899],[-9.898915,54.025336],[-9.897694,54.055121],[-9.861887,54.071234],[-9.876088,54.080634],[-9.833892,54.112128],[-9.881093,54.112128],[-9.879709,54.100246],[-9.895375,54.097886],[-9.888539,54.091051],[-9.917388,54.069729],[-9.945546,54.06623],[-9.970693,54.078559],[-9.990956,54.104682],[-9.908437,54.118354],[-9.95108,54.141262],[-9.956858,54.153144],[-9.930084,54.145697],[-9.977284,54.180487],[-9.952016,54.174628],[-9.93635,54.187323],[-10.010894,54.218329],[-10.025746,54.20775],[-10.011464,54.197089],[-10.016998,54.188666],[-10.052968,54.187323],[-10.039377,54.166815],[-10.087148,54.159329],[-10.06664,54.12519],[-10.094594,54.118354],[-10.066884,54.094916],[-10.117421,54.095893],[-10.128163,54.12519],[-10.091217,54.194973],[-10.059804,54.222073],[-10.115102,54.235053],[-10.096059,54.235175],[-10.073476,54.269192],[-9.997792,54.303941],[-9.971791,54.277248],[-9.881093,54.263007],[-9.927154,54.226752],[-9.977284,54.242499],[-9.983632,54.222968],[-9.909901,54.204413],[-9.868031,54.228217],[-9.881663,54.240383],[-9.875152,54.256496],[-9.843861,54.276597],[-9.765004,54.255561],[-9.799184,54.283515],[-9.758168,54.283515],[-9.829213,54.296861],[-9.846018,54.321438],[-9.785512,54.33808],[-9.706939,54.317613],[-9.494374,54.317613],[-9.384511,54.297187],[-9.334218,54.318305],[-9.268422,54.303941],[-9.24767,54.276597],[-9.211008,54.275621],[-9.2176,54.248725],[-9.195872,54.242499],[-9.215077,54.227118],[-9.210357,54.217841],[-9.149322,54.180609],[-9.141225,54.145697],[-9.134999,54.20775],[-9.090199,54.22663],[-9.051259,54.289496],[-8.939036,54.289984],[-8.856597,54.263007],[-8.765126,54.276597],[-8.737457,54.264106],[-8.676422,54.271308],[-8.648346,54.263007],[-8.63329,54.232367],[-8.572662,54.200344],[-8.51122,54.20775],[-8.559234,54.227729],[-8.572133,54.246527],[-8.621002,54.255561],[-8.593739,54.283515],[-8.470286,54.276597],[-8.572662,54.31391],[-8.567209,54.324164],[-8.531728,54.310207],[-8.511708,54.317369],[-8.519154,54.326728],[-8.661366,54.338039],[-8.663889,54.35928],[-8.47411,54.429999],[-8.466705,54.475002],[-8.443023,54.447333],[-8.210194,54.501939],[-8.270985,54.523668],[-8.216379,54.55036],[-8.218861,54.56977],[-8.172515,54.594468],[-8.175404,54.619289],[-8.137563,54.605618],[-8.120839,54.646552],[-8.234934,54.629381],[-8.292104,54.605618],[-8.280344,54.629625],[-8.301747,54.639797],[-8.456614,54.564643],[-8.432281,54.587795],[-8.384755,54.605658],[-8.387685,54.619859],[-8.400054,54.628567],[-8.421864,54.619289],[-8.418691,54.641303],[-8.43163,54.641303],[-8.461537,54.602851],[-8.49413,54.632961],[-8.553456,54.622626],[-8.564036,54.608832],[-8.672597,54.619452],[-8.690012,54.626125],[-8.681956,54.63581],[-8.691396,54.641303],[-8.791819,54.659613],[-8.778147,54.68008],[-8.79776,54.691962],[-8.755198,54.705756],[-8.733266,54.732611],[-8.636586,54.768459],[-8.456614,54.756415],[-8.5454,54.783759],[-8.529897,54.788072],[-8.484934,54.789374],[-8.444692,54.763129],[-8.408193,54.762641],[-8.461293,54.793524],[-8.55842,54.817857],[-8.490712,54.851996],[-8.471018,54.840522],[-8.401967,54.84455],[-8.325673,54.831529],[-8.381337,54.855943],[-8.366689,54.88109],[-8.312652,54.87934],[-8.337026,54.903632],[-8.374013,54.907294],[-8.380849,54.886176],[-8.409291,54.88703],[-8.450795,54.922065],[-8.46345,54.940823],[-8.450429,54.946275],[-8.418446,54.934556],[-8.366567,54.948188],[-8.418609,54.968085],[-8.456614,55.002875],[-8.415028,55.002875],[-8.403188,55.030666],[-8.374013,55.036363],[-8.347401,55.064276],[-8.335072,55.035061],[-8.319976,55.034329],[-8.305165,55.058051],[-8.320424,55.104926],[-8.278472,55.160549],[-8.206532,55.146877],[-8.141265,55.160549],[-8.159576,55.138739],[-8.156484,55.124498],[-8.114858,55.154731],[-8.020985,55.188788],[-7.999582,55.219631],[-7.976796,55.22191],[-7.950185,55.210273],[-8.00414,55.17414],[-7.908559,55.188422],[-7.894887,55.17414],[-7.898793,55.156399],[-7.860097,55.167914],[-7.894887,55.140082],[-7.856435,55.138983],[-7.834706,55.164984],[-7.866119,55.214911],[-7.798695,55.25609],[-7.791249,55.248684],[-7.815745,55.194648],[-7.798695,55.180976],[-7.770741,55.188422],[-7.7176,55.166571],[-7.695627,55.133205],[-7.702504,55.099066],[-7.668202,55.147203],[-7.695058,55.207465],[-7.716054,55.22191],[-7.723948,55.214586],[-7.709299,55.17414],[-7.723134,55.175727],[-7.791737,55.206],[-7.788157,55.218573],[-7.760854,55.25609],[-7.725087,55.252672],[-7.673492,55.273871],[-7.643951,55.272773],[-7.611399,55.2414],[-7.614491,55.19599],[-7.572743,55.180976],[-7.525787,55.116156],[-7.541412,55.092231],[-7.641021,55.050686],[-7.561838,55.044501],[-7.572743,55.023383],[-7.634185,54.995429],[-7.681386,54.954413],[-7.661488,54.957953],[-7.529368,55.030707],[-7.456166,55.056138],[-7.454416,55.086249],[-7.477528,55.096381],[-7.46288,55.143459],[-7.541412,55.198065],[-7.54955,55.215399],[-7.516225,55.254136],[-7.524322,55.290269],[-7.478586,55.283922],[-7.46288,55.290269],[-7.469106,55.3039],[-7.405914,55.286933],[-7.347524,55.314276],[-7.312082,55.290269],[-7.339955,55.290269],[-7.320872,55.282172],[-7.256744,55.284003],[-7.350697,55.335191],[-7.353017,55.358547],[-7.400217,55.380276],[-7.384429,55.386379],[-7.208852,55.34512],[-7.129058,55.285834],[-6.975697,55.248684],[-6.953521,55.25434],[-6.939565,55.239081],[-6.942779,55.218573],[-7.172841,55.1435],[-7.232289,55.091864],[-7.256744,55.050686],[-7.17748,55.056952],[-7.099477,55.040961],[-7.0537,55.048733],[-7.017201,55.071112],[-7.009918,55.10224],[-6.974924,55.135443],[-6.962554,55.194648],[-6.883778,55.17414],[-6.754506,55.177802],[-6.640452,55.208319],[-6.571278,55.211249],[-6.498118,55.247138],[-6.415924,55.231879],[-6.352895,55.242621],[-6.239817,55.208319],[-6.120839,55.217841],[-6.047231,55.178534],[-6.037099,55.167914],[-6.040639,55.112047],[-6.062082,55.074123],[-5.975738,55.053046],[-5.970204,55.025824],[-5.986236,54.981757],[-5.930328,54.970893],[-5.886342,54.940823],[-5.869252,54.910386],[-5.820953,54.875067],[-5.800526,54.820746],[-5.715647,54.783759],[-5.797597,54.84455],[-5.781728,54.861721],[-5.751617,54.856879],[-5.701975,54.824693],[-5.689849,54.793118],[-5.692616,54.765204],[-5.729319,54.728502],[-5.845367,54.701239],[-5.890736,54.672309],[-5.927235,54.632961],[-5.907379,54.605618],[-5.839019,54.649726],[-5.747955,54.680406],[-5.694692,54.668687],[-5.574696,54.68008],[-5.53661,54.657457],[-5.514394,54.597886],[-5.478912,54.569485],[-5.468617,54.516262],[-5.430776,54.485175],[-5.433827,54.461005],[-5.464263,54.425238],[-5.461171,54.392076],[-5.489125,54.369574],[-5.474843,54.358588],[-5.515777,54.33808],[-5.57665,54.402777],[-5.543691,54.457831],[-5.558013,54.511908],[-5.644887,54.567776],[-5.701975,54.577704],[-5.697418,54.551215],[-5.715647,54.536689],[-5.6256,54.516262],[-5.670318,54.505683],[-5.639963,54.495754],[-5.644602,54.472113],[-5.6256,54.461005],[-5.6256,54.441107],[-5.661448,54.379584],[-5.708852,54.351752],[-5.579701,54.383694],[-5.550526,54.365424],[-5.540679,54.327338],[-5.579498,54.275702],[-5.633127,54.255561],[-5.639963,54.235053],[-5.655751,54.229682],[-5.678822,54.246161],[-5.736887,54.249091],[-5.86205,54.230536],[-5.86852,54.161322],[-5.893788,54.104682],[-6.040517,54.036444],[-6.095448,54.036363],[-6.112904,54.050116],[-6.08495,54.056952],[-6.174306,54.074286],[-6.185862,54.092678],[-6.263661,54.104682],[-6.269887,54.097927],[-6.107289,54.013617],[-6.143544,53.97842],[-6.359853,54.016018],[-6.347808,54.003607],[-6.372955,53.964423],[-6.372955,53.899319],[-6.317291,53.87108],[-6.243235,53.865139],[-6.254994,53.822211],[-6.222768,53.796291],[-6.243276,53.782538],[-6.248443,53.755764],[-6.229888,53.656562],[-6.169789,53.605658],[-6.092397,53.577135],[-6.077301,53.554633],[-6.081532,53.525946],[-6.133372,53.461086],[-6.158355,53.472846],[-6.194814,53.461086],[-6.130605,53.442613],[-6.112904,53.412665],[-6.126536,53.398993],[-6.050852,53.385403],[-6.074615,53.366889],[-6.122792,53.392768]]],[[[-6.010691,53.47724],[-6.02774,53.493801],[-5.999094,53.488715],[-6.010691,53.47724]]],[[[-10.049875,53.803453],[-9.985422,53.825181],[-9.947947,53.808336],[-9.977976,53.792263],[-10.048614,53.790473],[-10.049875,53.803453]]],[[[-10.190175,53.963528],[-10.26594,53.981838],[-10.218495,53.986029],[-10.189565,54.016018],[-10.156077,54.016018],[-10.134429,54.000312],[-10.063222,54.022773],[-9.975901,54.021145],[-9.93635,53.989244],[-9.956858,53.989244],[-9.963612,53.953843],[-9.930653,53.959052],[-9.922678,53.947089],[-9.937367,53.923529],[-9.93635,53.892483],[-9.957997,53.880601],[-10.0183,53.912909],[-10.055531,53.913723],[-10.055816,53.958808],[-10.06664,53.967597],[-10.190175,53.963528]]],[[[-8.509023,55.005561],[-8.483957,54.975531],[-8.527415,54.967515],[-8.565826,54.975531],[-8.565826,54.995429],[-8.5454,55.002875],[-8.543528,55.015326],[-8.509023,55.005561]]],[[[-6.194814,55.262926],[-6.187978,55.284003],[-6.21109,55.295315],[-6.283559,55.297065],[-6.236399,55.311347],[-6.174306,55.3039],[-6.194814,55.262926]]],[[[-6.319244,55.628241],[-6.243235,55.660142],[-6.277089,55.704006],[-6.325185,55.715399],[-6.320953,55.733466],[-6.249989,55.776842],[-6.328725,55.783149],[-6.349029,55.773424],[-6.386586,55.722317],[-6.462961,55.674465],[-6.490956,55.67182],[-6.503529,55.681342],[-6.489654,55.715399],[-6.503896,55.722846],[-6.448638,55.776842],[-6.482167,55.790473],[-6.460805,55.803209],[-6.452789,55.840888],[-6.33137,55.88996],[-6.318349,55.886705],[-6.338206,55.845771],[-6.310902,55.818427],[-6.31843,55.844916],[-6.296986,55.867174],[-6.204254,55.916571],[-6.140126,55.941352],[-6.123687,55.935492],[-6.099233,55.801011],[-6.049794,55.766343],[-6.058258,55.742743],[-6.030385,55.729071],[-6.023508,55.681871],[-6.131907,55.631822],[-6.215321,55.626654],[-6.226959,55.601752],[-6.287343,55.578437],[-6.311187,55.583238],[-6.325185,55.605536],[-6.319244,55.628241]]],[[[-6.211741,56.096991],[-6.174306,56.106431],[-6.181793,56.119452],[-6.13801,56.124701],[-6.133372,56.112616],[-6.165639,56.081488],[-6.174306,56.043769],[-6.221669,56.030829],[-6.269887,56.037543],[-6.211741,56.096991]]],[[[-5.880116,56.325588],[-5.852203,56.352851],[-5.897206,56.352851],[-5.914784,56.335517],[-6.065989,56.289211],[-6.102366,56.298245],[-6.146962,56.283922],[-6.239817,56.283922],[-6.266835,56.263495],[-6.345611,56.288316],[-6.366119,56.32217],[-6.335439,56.34455],[-6.290395,56.345404],[-6.247222,56.311672],[-6.228912,56.325588],[-6.249989,56.332343],[-6.186635,56.331244],[-6.08495,56.352851],[-6.020823,56.382025],[-6.154042,56.358954],[-6.178944,56.359931],[-6.203236,56.380316],[-6.157216,56.407375],[-6.126536,56.448432],[-6.02184,56.464097],[-6.003285,56.489407],[-6.016672,56.503648],[-6.127431,56.474351],[-6.174306,56.516669],[-6.307729,56.537299],[-6.338206,56.552069],[-6.290395,56.571967],[-6.325185,56.606106],[-6.256256,56.620347],[-6.230214,56.608588],[-6.220286,56.63227],[-6.151275,56.651801],[-6.058258,56.640204],[-6.064443,56.620347],[-6.033518,56.618842],[-6.008778,56.5987],[-5.962554,56.526109],[-5.794342,56.516669],[-5.756663,56.490058],[-5.710357,56.484849],[-5.680898,56.45185],[-5.648427,56.44774],[-5.653554,56.427965],[-5.688303,56.434801],[-5.657623,56.400092],[-5.703033,56.393378],[-5.74234,56.414293],[-5.739084,56.40119],[-5.783925,56.373358],[-5.695953,56.375434],[-5.71996,56.352769],[-5.808705,56.318915],[-5.848215,56.313625],[-5.880116,56.325588]]],[[[-6.263661,56.483222],[-6.215321,56.503648],[-6.160024,56.46955],[-6.237457,56.470038],[-6.263661,56.483222]]],[[[-6.989898,56.503648],[-6.741851,56.547838],[-6.729237,56.530341],[-6.743316,56.517808],[-6.803822,56.513617],[-6.805572,56.496894],[-6.869293,56.479641],[-6.887522,56.462104],[-6.881581,56.444281],[-6.965199,56.459866],[-6.989898,56.503648]]],[[[-6.559234,56.665269],[-6.505849,56.68537],[-6.452545,56.688422],[-6.489654,56.640204],[-6.564117,56.5987],[-6.616322,56.575181],[-6.668935,56.577786],[-6.677887,56.558254],[-6.696278,56.575995],[-6.701894,56.585639],[-6.648101,56.602851],[-6.559234,56.665269]]],[[[-6.269887,57.010199],[-6.243235,57.010199],[-6.276031,56.953111],[-6.341868,56.941881],[-6.376129,56.971177],[-6.455474,57.003974],[-6.364247,57.05565],[-6.325185,57.05858],[-6.250966,57.026557],[-6.269887,57.010199]]],[[[-7.524322,57.010199],[-7.457102,57.031562],[-7.444692,57.058539],[-7.414418,57.044908],[-7.434967,57.02383],[-7.393951,57.010199],[-7.373525,56.982856],[-7.411041,56.979722],[-7.460805,56.943183],[-7.556752,56.95307],[-7.544911,56.972317],[-7.51651,56.981187],[-7.514027,57.002916],[-7.524322,57.010199]]],[[[-6.556304,57.070136],[-6.489654,57.05858],[-6.606353,57.051744],[-6.556304,57.070136]]],[[[-7.307607,57.155829],[-7.346181,57.147935],[-7.277252,57.147935],[-7.215891,57.113837],[-7.239125,57.100531],[-7.321685,57.109931],[-7.353017,57.099555],[-7.390696,57.129055],[-7.416656,57.181586],[-7.414418,57.216254],[-7.455434,57.236721],[-7.389719,57.311957],[-7.428131,57.3876],[-7.353017,57.408026],[-7.26358,57.373928],[-7.298411,57.367092],[-7.222646,57.339789],[-7.250356,57.331855],[-7.371083,57.3876],[-7.393951,57.380764],[-7.370473,57.355129],[-7.195424,57.305609],[-7.256744,57.236721],[-7.353017,57.242906],[-7.288808,57.225898],[-7.262196,57.200873],[-7.259918,57.159817],[-7.271067,57.147935],[-7.307607,57.155829]]],[[[-6.606801,57.443915],[-6.599477,57.469428],[-6.630605,57.501776],[-6.61144,57.512193],[-6.564117,57.503607],[-6.599355,57.537543],[-6.654775,57.552069],[-6.631012,57.576809],[-6.640452,57.607327],[-6.572255,57.582506],[-6.554596,57.552476],[-6.464915,57.512519],[-6.420766,57.51789],[-6.443471,57.488105],[-6.412099,57.50137],[-6.400258,57.520982],[-6.310902,57.462633],[-6.324615,57.496812],[-6.389556,57.552476],[-6.359853,57.592963],[-6.400258,57.599799],[-6.395863,57.613471],[-6.415679,57.645819],[-6.359853,57.668118],[-6.337961,57.699164],[-6.310902,57.702826],[-6.153879,57.589545],[-6.133372,57.476264],[-6.146962,57.425116],[-6.187978,57.394355],[-6.126536,57.408026],[-6.117909,57.397773],[-6.140126,57.373928],[-6.135243,57.357367],[-6.099233,57.332343],[-6.153879,57.305609],[-6.0454,57.308295],[-6.041086,57.300116],[-6.078114,57.277655],[-6.008453,57.28677],[-5.976674,57.270331],[-5.923248,57.266913],[-5.900624,57.242906],[-5.767893,57.277411],[-5.647369,57.264635],[-5.663889,57.239814],[-5.662953,57.212714],[-5.690907,57.189521],[-5.782053,57.166246],[-5.800364,57.123725],[-5.852203,57.102973],[-5.934926,57.041205],[-6.006744,57.028388],[-6.030385,57.044908],[-6.027252,57.062161],[-6.000234,57.08393],[-6.003041,57.099555],[-5.986928,57.118232],[-5.941558,57.154771],[-5.845367,57.1883],[-5.986236,57.174628],[-5.995595,57.195746],[-6.044016,57.229926],[-6.023508,57.195746],[-6.050852,57.168443],[-6.044016,57.161038],[-6.088612,57.127427],[-6.10143,57.135199],[-6.112904,57.1883],[-6.164459,57.201361],[-6.174306,57.195746],[-6.15982,57.187649],[-6.177154,57.18122],[-6.318349,57.161038],[-6.276723,57.201972],[-6.345611,57.1883],[-6.379791,57.22309],[-6.345611,57.242906],[-6.408193,57.243354],[-6.482167,57.311835],[-6.416412,57.33454],[-6.310902,57.298163],[-6.323883,57.311428],[-6.406158,57.351549],[-6.462961,57.346584],[-6.448638,57.360256],[-6.475942,57.367092],[-6.462961,57.373928],[-6.478871,57.381903],[-6.475942,57.40119],[-6.523793,57.380764],[-6.517649,57.398871],[-6.530629,57.415473],[-6.571523,57.3876],[-6.564117,57.346584],[-6.580556,57.338813],[-6.672475,57.355943],[-6.714752,57.376614],[-6.731679,57.416978],[-6.773183,57.434068],[-6.783844,57.456448],[-6.722401,57.456448],[-6.747141,57.487942],[-6.715932,57.514228],[-6.638092,57.453274],[-6.606801,57.443915]]],[[[-6.017649,57.418199],[-5.989491,57.347317],[-6.054799,57.326402],[-6.071929,57.332343],[-6.069081,57.436103],[-6.061635,57.452704],[-6.016672,57.462633],[-6.037099,57.489936],[-5.995595,57.489936],[-6.009836,57.511054],[-5.982533,57.497463],[-6.017649,57.418199]]],[[[-7.318267,57.408026],[-7.396148,57.433987],[-7.407623,57.445624],[-7.402699,57.464342],[-7.369618,57.489325],[-7.298411,57.489936],[-7.202138,57.462633],[-7.26358,57.448961],[-7.249664,57.435248],[-7.212026,57.432196],[-7.205434,57.418606],[-7.318267,57.408026]]],[[[-5.95519,57.572496],[-5.968251,57.51789],[-5.983713,57.522366],[-5.982533,57.566311],[-5.95519,57.572496]]],[[[-7.154286,57.587348],[-7.106028,57.592963],[-7.149973,57.561713],[-7.236318,57.552069],[-7.256744,57.572496],[-7.312082,57.552069],[-7.240061,57.544582],[-7.181304,57.5539],[-7.133901,57.538398],[-7.157541,57.511054],[-7.236318,57.503607],[-7.314687,57.514594],[-7.346181,57.544582],[-7.318267,57.552069],[-7.442372,57.579291],[-7.470855,57.567206],[-7.54483,57.599799],[-7.522206,57.608385],[-7.476552,57.661933],[-7.387115,57.661933],[-7.414418,57.648261],[-7.396555,57.635321],[-7.312082,57.688544],[-7.332509,57.661933],[-7.256744,57.648261],[-7.277252,57.661933],[-7.181711,57.688544],[-7.165395,57.669867],[-7.189117,57.655097],[-7.0926,57.652086],[-7.065053,57.633979],[-7.099192,57.607327],[-7.171132,57.641425],[-7.215891,57.641425],[-7.197255,57.631252],[-7.202138,57.613471],[-7.164418,57.609931],[-7.154286,57.587348]]],[[[-7.222646,57.709662],[-7.180165,57.734687],[-7.152008,57.726304],[-7.198964,57.707953],[-7.222646,57.709662]]],[[[-8.552235,57.818915],[-8.590891,57.804755],[-8.621002,57.833197],[-8.605295,57.826402],[-8.552235,57.818915]]],[[[-7.079335,57.89468],[-7.015533,57.921942],[-6.997385,57.915107],[-6.99706,57.893541],[-7.009185,57.889594],[-7.044586,57.902086],[-7.055165,57.884182],[-7.079335,57.880316],[-7.079335,57.89468]]],[[[-6.832265,57.902086],[-6.865834,57.921332],[-6.839101,57.935614],[-6.897084,57.935614],[-6.952056,57.956732],[-7.009755,57.955268],[-7.036285,57.960639],[-7.044586,57.976549],[-7.065826,57.971015],[-7.112782,57.99022],[-7.05191,58.011379],[-7.058217,58.02497],[-6.934641,58.052314],[-7.058217,58.038642],[-7.045766,58.052639],[-7.024037,58.052314],[-7.05191,58.058539],[-7.024037,58.079576],[-7.075551,58.062242],[-7.112782,58.100084],[-7.107533,58.112006],[-7.126454,58.123969],[-7.123402,58.136664],[-7.093007,58.168402],[-7.112782,58.182034],[-7.017201,58.189439],[-7.053944,58.201361],[-7.058217,58.213365],[-7.030873,58.244696],[-6.907338,58.216783],[-6.937082,58.211005],[-6.897084,58.172105],[-6.888051,58.135891],[-6.859609,58.106879],[-6.859609,58.134833],[-6.887522,58.168402],[-6.869496,58.189439],[-6.798451,58.202379],[-6.736684,58.168402],[-6.709381,58.189439],[-6.742909,58.203111],[-6.757192,58.230414],[-6.783844,58.230414],[-6.811838,58.264594],[-6.791249,58.271389],[-6.818593,58.285102],[-6.715566,58.339667],[-6.557485,58.368557],[-6.345611,58.463202],[-6.267405,58.51203],[-6.243235,58.510972],[-6.205393,58.481269],[-6.16686,58.419501],[-6.192372,58.409125],[-6.215321,58.367621],[-6.16747,58.346503],[-6.233713,58.322821],[-6.249989,58.312974],[-6.246409,58.297553],[-6.31786,58.268297],[-6.318349,58.244696],[-6.366119,58.23725],[-6.347727,58.221137],[-6.270904,58.216498],[-6.150706,58.258368],[-6.16747,58.230414],[-6.160024,58.216783],[-6.233551,58.184272],[-6.400258,58.209947],[-6.366119,58.162095],[-6.378041,58.153632],[-6.372955,58.141059],[-6.441233,58.127387],[-6.489654,58.100084],[-6.523793,58.106879],[-6.619374,58.086412],[-6.581288,58.079006],[-6.407094,58.106879],[-6.366119,58.058539],[-6.400258,58.045478],[-6.352447,58.038642],[-6.424469,58.003892],[-6.544911,58.017524],[-6.550689,58.010077],[-6.469635,57.986884],[-6.455474,57.969713],[-6.507558,57.935981],[-6.551096,57.943061],[-6.537465,57.921332],[-6.559804,57.915229],[-6.593861,57.924872],[-6.629872,57.956732],[-6.612538,57.921332],[-6.619374,57.915107],[-6.666168,57.933905],[-6.709381,58.003892],[-6.694651,58.030097],[-6.665842,58.044664],[-6.59203,58.058539],[-6.688303,58.058539],[-6.692698,58.040961],[-6.764027,58.003892],[-6.730092,57.962958],[-6.67398,57.928778],[-6.695668,57.921332],[-6.667795,57.908271],[-6.660959,57.880316],[-6.787017,57.89883],[-6.805572,57.880316],[-6.764027,57.867906],[-6.736684,57.839423],[-6.741933,57.831488],[-6.791249,57.825751],[-6.783844,57.81269],[-6.852691,57.833197],[-6.859609,57.825751],[-6.839101,57.81269],[-6.887522,57.784817],[-6.87328,57.777981],[-6.9735,57.733344],[-7.124623,57.830756],[-7.096995,57.838039],[-7.079335,57.81269],[-6.984853,57.864895],[-6.914174,57.867906],[-6.962554,57.89468],[-6.881703,57.914293],[-6.832265,57.902086]]],[[[-6.880035,58.257758],[-6.809641,58.232245],[-6.791249,58.209947],[-6.87328,58.209947],[-6.859609,58.223049],[-6.88622,58.247626],[-6.880035,58.257758]]],[[[-4.299392,35.171656],[-4.301054,35.172902],[-4.2969,35.172249],[-4.299392,35.171656]]],[[[-2.44078,35.176089],[-2.44093,35.181015],[-2.43884,35.179075],[-2.44078,35.176089]]],[[[-2.421427,35.175994],[-2.421875,35.183009],[-2.418143,35.179725],[-2.421427,35.175994]]],[[[-2.429394,35.186038],[-2.431414,35.178766],[-2.435859,35.18119],[-2.429394,35.186038]]],[[[-3.902533,35.214787],[-3.902329,35.215905],[-3.901957,35.215464],[-3.902533,35.214787]]],[[[-3.899953,35.217861],[-3.901308,35.217319],[-3.901274,35.217624],[-3.899953,35.217861]]],[[[-5.41597,35.913531],[-5.42084,35.914269],[-5.418774,35.915597],[-5.41597,35.913531]]],[[[-3.03978,35.943863],[-3.036411,35.944368],[-3.037927,35.942515],[-3.03978,35.943863]]],[[[-0.748199,37.770494],[-0.732737,37.747748],[-0.740142,37.70246],[-0.726471,37.665188],[-0.746897,37.683783],[-0.748199,37.770494]]],[[[1.401002,38.730326],[1.418142,38.727891],[1.435395,38.755357],[1.486095,38.694566],[1.526383,38.677768],[1.565684,38.691486],[1.582367,38.674913],[1.581391,38.653062],[1.523448,38.6494],[1.458086,38.681341],[1.412792,38.646446],[1.38295,38.642061],[1.393728,38.70421],[1.382823,38.711575],[1.401002,38.730326]]],[[[1.36085,38.851915],[1.283458,38.87462],[1.259939,38.857896],[1.216645,38.885077],[1.212169,38.903225],[1.226736,38.960191],[1.300955,38.96776],[1.292817,39.033271],[1.304454,39.043443],[1.356781,39.077623],[1.403331,39.077623],[1.522716,39.118883],[1.605968,39.091295],[1.623057,39.029202],[1.593272,39.02025],[1.576182,38.985826],[1.541189,38.96776],[1.509776,38.930162],[1.458669,38.900133],[1.444998,38.913153],[1.414728,38.890622],[1.403105,38.832278],[1.37065,38.831809],[1.36085,38.851915]]],[[[2.930867,39.118176],[2.913614,39.151963],[2.980582,39.18556],[2.982308,39.139184],[2.962154,39.116062],[2.930867,39.118176]]],[[[3.282481,39.420111],[3.268809,39.427558],[3.252615,39.386176],[3.221039,39.35989],[3.060802,39.26907],[3.001313,39.317694],[2.991384,39.347276],[2.958832,39.363227],[2.82545,39.363593],[2.786632,39.375922],[2.761729,39.400214],[2.751231,39.454779],[2.736583,39.462104],[2.754893,39.502631],[2.715099,39.543524],[2.655284,39.564724],[2.633474,39.559272],[2.569102,39.531521],[2.520193,39.472846],[2.492686,39.470242],[2.469005,39.505886],[2.480642,39.516221],[2.453949,39.537421],[2.438162,39.525214],[2.425955,39.537421],[2.382091,39.529242],[2.355642,39.558661],[2.351736,39.596747],[2.357677,39.611884],[2.468272,39.659369],[2.517589,39.700141],[2.569672,39.71308],[2.631358,39.770128],[2.651866,39.770128],[2.710623,39.818549],[2.813243,39.872585],[2.843598,39.872585],[2.933279,39.914496],[3.075694,39.936103],[3.179454,39.968777],[3.214203,39.955105],[3.115489,39.908759],[3.096934,39.91352],[3.094737,39.881212],[3.130219,39.87641],[3.206798,39.893012],[3.187185,39.854356],[3.126313,39.831855],[3.136485,39.788764],[3.162608,39.76911],[3.223888,39.749701],[3.292491,39.749701],[3.354503,39.784369],[3.474376,39.749701],[3.453868,39.659695],[3.401866,39.623236],[3.406016,39.591986],[3.323253,39.523871],[3.291759,39.475775],[3.282481,39.420111]]],[[[3.803396,40.01317],[3.821869,40.047634],[3.891531,40.059556],[4.052013,40.058173],[4.105072,40.079413],[4.139089,40.045925],[4.142263,40.024807],[4.170502,40.064602],[4.17864,40.038845],[4.264903,39.986396],[4.27239,39.955349],[4.254568,39.949693],[4.298025,39.941962],[4.337087,39.867174],[4.302908,39.8876],[4.300059,39.821763],[4.248139,39.816474],[3.981375,39.936062],[3.869314,39.925523],[3.830658,39.936062],[3.850515,39.983873],[3.803396,40.01317]]],[[[6.190115,42.99018],[6.164724,43.005072],[6.241885,43.02565],[6.251004,43.017297],[6.252209,43.002632],[6.190115,42.99018]]],[[[6.506602,43.051622],[6.432953,43.00967],[6.434662,43.027208],[6.472667,43.050686],[6.506602,43.051622]]],[[[-1.285146,46.001654],[-1.233632,45.991685],[-1.224355,45.935045],[-1.177724,45.906928],[-1.184193,45.85635],[-1.209218,45.814154],[-1.226877,45.81977],[-1.260365,45.881822],[-1.378326,45.975979],[-1.371653,45.995307],[-1.404937,46.053168],[-1.339915,46.037828],[-1.285146,46.001654]]],[[[-1.425364,46.223822],[-1.308095,46.206936],[-1.25414,46.162421],[-1.33609,46.167222],[-1.432851,46.210842],[-1.504262,46.207668],[-1.555816,46.251776],[-1.480092,46.259223],[-1.467885,46.249905],[-1.473866,46.238105],[-1.507965,46.245551],[-1.490549,46.224433],[-1.411122,46.238105],[-1.425364,46.223822]]],[[[-2.268951,46.697414],[-2.371409,46.704291],[-2.382924,46.722642],[-2.337229,46.731594],[-2.268951,46.697414]]],[[[-2.144846,46.957465],[-2.142568,46.909857],[-2.194814,46.961859],[-2.220204,46.973863],[-2.247304,46.964301],[-2.295644,47.033189],[-2.200022,47.024359],[-2.200103,46.985419],[-2.144846,46.957465]]],[[[-3.062815,47.320624],[-3.067006,47.301947],[-3.093617,47.296617],[-3.223459,47.312161],[-3.240956,47.320624],[-3.23762,47.336371],[-3.262074,47.383246],[-3.242991,47.395331],[-3.176503,47.371487],[-3.114654,47.331488],[-3.062815,47.320624]]],[[[-5.03661,48.472602],[-5.087961,48.447211],[-5.10554,48.444648],[-5.091868,48.451483],[-5.097768,48.46133],[-5.132802,48.458319],[-5.069,48.485053],[-5.03661,48.472602]]],[[[-1.8249,48.866685],[-1.836497,48.878811],[-1.827097,48.873236],[-1.8249,48.866685]]],[[[-2.177154,49.180162],[-2.200103,49.191962],[-2.233632,49.184516],[-2.226471,49.206],[-2.241119,49.26024],[-2.082672,49.26024],[-2.02066,49.235256],[-2.00829,49.21247],[-2.024526,49.171332],[-2.096995,49.183661],[-2.137929,49.205634],[-2.177154,49.180162]]],[[[-2.375478,49.435452],[-2.363759,49.446845],[-2.3544,49.427802],[-2.373525,49.411566],[-2.375478,49.435452]]],[[[-2.650258,49.46369],[-2.538197,49.509833],[-2.501698,49.506659],[-2.534088,49.436225],[-2.552073,49.426703],[-2.673451,49.433498],[-2.651845,49.445217],[-2.650258,49.46369]]],[[[-2.454498,49.466132],[-2.453684,49.481879],[-2.447825,49.483954],[-2.445221,49.474595],[-2.454498,49.466132]]],[[[-2.170318,49.723212],[-2.200836,49.705715],[-2.226226,49.707831],[-2.204701,49.724107],[-2.174469,49.731391],[-2.170318,49.723212]]],[[[-1.545318,50.686103],[-1.418691,50.733791],[-1.425364,50.72012],[-1.400868,50.721991],[-1.343495,50.761054],[-1.295766,50.773179],[-1.10912,50.732856],[-1.062327,50.692816],[-1.162221,50.645982],[-1.168446,50.603461],[-1.279205,50.582506],[-1.485951,50.669338],[-1.569488,50.658026],[-1.545318,50.686103]]],[[[-1.020741,50.788398],[-0.959869,50.829332],[-0.947825,50.817816],[-0.959869,50.802069],[-0.938832,50.780951],[-1.020741,50.788398]]],[[[-4.676422,51.193101],[-4.663971,51.177069],[-4.670481,51.160102],[-4.678538,51.16706],[-4.676422,51.193101]]],[[[0.733897,51.412177],[0.746837,51.439643],[0.766938,51.447943],[0.900564,51.417548],[0.942149,51.383002],[0.911469,51.364407],[0.79477,51.370551],[0.733897,51.412177]]],[[[-4.690785,51.629218],[-4.707021,51.64289],[-4.677642,51.635728],[-4.690785,51.629218]]],[[[3.689464,51.725043],[3.81422,51.748236],[3.961762,51.738105],[4.036632,51.685858],[4.097341,51.670233],[4.099376,51.65412],[4.054861,51.632636],[3.960297,51.623847],[3.901541,51.641995],[3.88559,51.668362],[3.809255,51.69953],[3.765391,51.678412],[3.700043,51.680609],[3.686697,51.692694],[3.689464,51.725043]]],[[[-5.314931,51.73725],[-5.293162,51.74315],[-5.271392,51.735256],[-5.300526,51.726996],[-5.314931,51.73725]]],[[[-5.337636,51.854031],[-5.349802,51.874132],[-5.331125,51.875841],[-5.337636,51.854031]]],[[[-4.793853,52.768297],[-4.779937,52.762641],[-4.802276,52.745429],[-4.800974,52.754584],[-4.793853,52.768297]]],[[[4.909923,53.118842],[4.892589,53.111029],[4.913097,53.104804],[4.893077,53.076117],[4.795665,53.000312],[4.726817,53.003079],[4.707693,53.028469],[4.733653,53.084215],[4.805675,53.133002],[4.85434,53.18773],[4.885753,53.186713],[4.909923,53.118842]]],[[[5.036469,53.291815],[4.910167,53.21247],[4.878917,53.220893],[4.986501,53.289984],[5.054454,53.313788],[5.104828,53.309638],[5.036469,53.291815]]],[[[-4.343861,53.132066],[-4.412831,53.132066],[-4.413686,53.147121],[-4.385121,53.18244],[-4.410878,53.182196],[-4.447581,53.15941],[-4.495351,53.179877],[-4.499623,53.211249],[-4.571034,53.275458],[-4.558665,53.363349],[-4.571034,53.392768],[-4.425364,53.426703],[-4.324696,53.419501],[-4.276723,53.401028],[-4.266916,53.368964],[-4.234731,53.358059],[-4.235178,53.340074],[-4.203236,53.298489],[-4.142486,53.302802],[-4.121978,53.317084],[-4.042877,53.302802],[-4.098053,53.250149],[-4.195546,53.220282],[-4.220367,53.201483],[-4.222035,53.182115],[-4.343861,53.132066]]],[[[-4.590443,53.297553],[-4.558461,53.252753],[-4.571889,53.239488],[-4.632558,53.282945],[-4.676666,53.285102],[-4.693959,53.309638],[-4.667307,53.32392],[-4.626291,53.320868],[-4.590443,53.297553]]],[[[5.437022,53.436469],[5.585297,53.453599],[5.562022,53.434312],[5.475434,53.426947],[5.4817,53.412665],[5.468598,53.408515],[5.208344,53.352688],[5.179861,53.353095],[5.167654,53.368232],[5.178884,53.385443],[5.250173,53.40644],[5.407237,53.422553],[5.437022,53.436469]]],[[[5.9546,53.461086],[5.752778,53.447414],[5.678966,53.430121],[5.636078,53.448676],[5.658865,53.471869],[5.913829,53.473863],[5.9546,53.461086]]],[[[6.122813,53.481635],[6.211762,53.508857],[6.338715,53.508857],[6.153168,53.468817],[6.133311,53.453599],[6.122813,53.481635]]],[[[6.510102,53.543606],[6.460704,53.543362],[6.441173,53.556627],[6.510102,53.543606]]],[[[-4.830596,54.049628],[-4.801015,54.057929],[-4.812205,54.040432],[-4.830596,54.049628]]],[[[-4.71227,54.21662],[-4.612457,54.265448],[-4.530995,54.366116],[-4.495351,54.385891],[-4.385732,54.415717],[-4.351308,54.413804],[-4.3756,54.348334],[-4.358225,54.317613],[-4.324696,54.310207],[-4.31192,54.287177],[-4.365631,54.235053],[-4.399159,54.222073],[-4.390777,54.194729],[-4.549794,54.100653],[-4.590932,54.091051],[-4.612131,54.056952],[-4.620758,54.069648],[-4.656402,54.063788],[-4.704498,54.084866],[-4.766225,54.059231],[-4.790151,54.063788],[-4.728139,54.142564],[-4.71227,54.21662]]],[[[-2.804758,56.349107],[-2.768625,56.332343],[-2.655263,56.32217],[-2.576812,56.277777],[-2.648346,56.228705],[-2.783599,56.191962],[-2.830719,56.190741],[-2.892079,56.208889],[-2.964345,56.205634],[-3.091054,56.13227],[-3.127553,56.12287],[-3.163564,56.06387],[-3.248443,56.055976],[-3.342681,56.027167],[-3.671498,56.050849],[-3.745432,56.072211],[-3.817006,56.11225],[-3.837473,56.106431],[-3.760854,56.072455],[-3.721425,56.030707],[-3.686635,56.030707],[-3.656239,56.010199],[-3.577382,56.017035],[-3.405426,55.989732],[-3.331044,55.994086],[-3.303456,55.977607],[-3.121816,55.969306],[-3.078236,55.946845],[-2.939931,55.969306],[-2.882883,56.00849],[-2.857981,56.010199],[-2.870961,56.030707],[-2.82315,56.05976],[-2.635121,56.058051],[-2.569407,56.024482],[-2.583648,56.002753],[-2.528961,55.996568],[-2.507924,56.010199],[-2.307769,55.935004],[-2.13801,55.914618],[-2.128774,55.889797],[-2.08019,55.869371],[-2.009674,55.790839],[-1.877838,55.694892],[-1.816477,55.63288],[-1.781402,55.645657],[-1.74767,55.619208],[-1.767974,55.612982],[-1.699127,55.612982],[-1.630849,55.58511],[-1.634674,55.564399],[-1.617177,55.550279],[-1.630849,55.537299],[-1.602935,55.523627],[-1.611318,55.508043],[-1.58495,55.48371],[-1.589345,55.376532],[-1.555816,55.311347],[-1.568227,55.279608],[-1.556467,55.255032],[-1.520985,55.229397],[-1.529164,55.216254],[-1.507965,55.194648],[-1.517934,55.157131],[-1.495961,55.134589],[-1.480092,55.085395],[-1.459584,55.078599],[-1.412913,55.000312],[-1.36266,54.964789],[-1.355824,54.904283],[-1.275461,54.74844],[-1.240468,54.721666],[-1.172231,54.701239],[-1.192454,54.689276],[-1.164703,54.652777],[-1.203725,54.625718],[-1.152659,54.613186],[-1.138051,54.646552],[-1.103627,54.624661],[-0.787913,54.560777],[-0.562978,54.477362],[-0.522857,54.447089],[-0.520416,54.420071],[-0.447743,54.373196],[-0.41454,54.297309],[-0.390736,54.283515],[-0.397572,54.269192],[-0.370473,54.247707],[-0.277089,54.21776],[-0.260365,54.176988],[-0.233876,54.160468],[-0.11144,54.131578],[-0.07551,54.112128],[-0.16393,54.083401],[-0.194692,54.062323],[-0.219472,54.022773],[-0.151112,53.899319],[0.133474,53.642646],[0.149262,53.609605],[0.131196,53.573432],[0.10963,53.562893],[0.135997,53.610663],[0.120209,53.618109],[0.034516,53.646064],[-0.045033,53.625556],[-0.092275,53.631049],[-0.260365,53.735419],[-0.305165,53.739691],[-0.431142,53.714301],[-0.544423,53.709459],[-0.579172,53.727973],[-0.637034,53.732001],[-0.726471,53.700629],[-0.692454,53.686998],[-0.67748,53.702826],[-0.619537,53.711859],[-0.529937,53.67768],[-0.486318,53.694485],[-0.30724,53.71426],[-0.279368,53.707099],[-0.188629,53.620429],[-0.095937,53.577135],[-0.04662,53.57038],[0.095958,53.488349],[0.151866,53.475816],[0.175792,53.43769],[0.219493,53.419501],[0.211925,53.412665],[0.256114,53.375067],[0.342133,53.226304],[0.356619,53.145738],[0.329845,53.086493],[0.282481,53.074856],[0.160818,53.008979],[0.082123,52.938666],[0.022146,52.912584],[0.010265,52.886461],[0.105642,52.88935],[0.170909,52.862128],[0.246755,52.795722],[0.325531,52.803168],[0.384532,52.768378],[0.379242,52.790839],[0.43865,52.840725],[0.472341,52.916449],[0.520274,52.955268],[0.671886,52.974433],[0.664399,52.981879],[0.684744,52.986396],[0.835704,52.974433],[0.968435,52.947496],[1.013927,52.96015],[0.966075,52.974433],[1.274669,52.929185],[1.396007,52.891425],[1.644216,52.775824],[1.697032,52.731024],[1.747244,52.62519],[1.747569,52.532782],[1.771169,52.485907],[1.683604,52.32453],[1.630544,52.270453],[1.63087,52.199774],[1.582286,52.081488],[1.486827,52.049018],[1.472016,52.05622],[1.424815,52.001858],[1.332286,51.94009],[1.264415,51.994371],[1.157888,52.02851],[1.214366,51.991441],[1.270763,51.981513],[1.274425,51.960883],[1.20574,51.953437],[1.165294,51.967027],[1.069102,51.953437],[1.262055,51.939154],[1.281993,51.946601],[1.278494,51.927924],[1.199555,51.877672],[1.264415,51.864],[1.286632,51.881659],[1.276378,51.844794],[1.167817,51.790229],[1.06544,51.775295],[1.037283,51.782172],[0.979828,51.843573],[0.962087,51.813788],[0.886974,51.782131],[0.873709,51.747301],[0.835704,51.73371],[0.7671,51.739447],[0.698578,51.720038],[0.749278,51.708482],[0.760753,51.692694],[0.789073,51.71015],[0.930024,51.743598],[0.945567,51.73371],[0.938162,51.706366],[0.951834,51.678412],[0.934744,51.635891],[0.911469,51.623847],[0.951834,51.617011],[0.92449,51.588324],[0.873302,51.559475],[0.771251,51.528266],[0.650564,51.535793],[0.568858,51.508368],[0.552745,51.517971],[0.456065,51.505561],[0.428477,51.467108],[0.384532,51.453111],[0.448416,51.459947],[0.469574,51.480414],[0.534841,51.491685],[0.694835,51.477037],[0.723155,51.446723],[0.640961,51.444159],[0.554535,51.412177],[0.585948,51.391059],[0.712901,51.384223],[0.700369,51.409817],[0.72641,51.419013],[0.764415,51.364407],[0.977224,51.349189],[1.100922,51.373236],[1.423839,51.392076],[1.448253,51.38288],[1.435557,51.343736],[1.41863,51.329657],[1.377615,51.326239],[1.413097,51.221747],[1.404796,51.183539],[1.357188,51.131008],[1.21811,51.100979],[1.172211,51.077379],[1.087169,51.072984],[1.027599,51.041653],[0.966482,50.982733],[0.979828,50.918158],[0.94516,50.909369],[0.802257,50.939195],[0.762462,50.930894],[0.664399,50.870307],[0.624197,50.85871],[0.365245,50.818996],[0.271007,50.747382],[0.122081,50.76081],[-0.173166,50.829006],[-0.233144,50.821926],[-0.269683,50.831285],[-0.397572,50.802069],[-0.568959,50.802069],[-0.732737,50.767279],[-0.758209,50.777086],[-0.773101,50.766018],[-0.770985,50.736884],[-0.789947,50.730048],[-0.904124,50.771877],[-0.905873,50.788031],[-0.863637,50.808254],[-0.904693,50.829332],[-0.928944,50.822821],[-0.919016,50.836168],[-0.939198,50.843248],[-1.020741,50.843655],[-1.056223,50.783026],[-1.082753,50.780951],[-1.103017,50.795478],[-1.069163,50.843655],[-1.164703,50.843655],[-1.123769,50.818793],[-1.124908,50.788723],[-1.151112,50.781399],[-1.301422,50.843655],[-1.338938,50.872707],[-1.46642,50.918158],[-1.323069,50.825751],[-1.317291,50.800238],[-1.418691,50.788398],[-1.404937,50.774726],[-1.487538,50.757717],[-1.524729,50.761054],[-1.561187,50.71898],[-1.693023,50.739936],[-1.771718,50.72012],[-1.857411,50.726955],[-1.940012,50.690823],[-1.94929,50.713324],[-2.021962,50.72012],[-2.038971,50.739936],[-2.082672,50.698961],[-2.035634,50.713324],[-2.002512,50.681301],[-1.952789,50.676581],[-1.952952,50.651842],[-1.932485,50.644436],[-1.967275,50.617092],[-1.965199,50.6022],[-2.065175,50.595526],[-2.157338,50.62051],[-2.398346,50.645575],[-2.435902,50.637519],[-2.460072,50.606513],[-2.465647,50.58515],[-2.431223,50.570258],[-2.4287,50.557563],[-2.453359,50.527655],[-2.460357,50.565497],[-2.48351,50.590399],[-2.692942,50.692816],[-2.864817,50.733791],[-2.962758,50.723293],[-2.998199,50.708238],[-3.059722,50.713324],[-3.125478,50.685289],[-3.166493,50.692816],[-3.259836,50.674547],[-3.295562,50.637519],[-3.368153,50.617092],[-3.420969,50.629462],[-3.464426,50.678534],[-3.433339,50.610256],[-3.48176,50.568549],[-3.505971,50.520819],[-3.487457,50.459418],[-3.532135,50.454779],[-3.556264,50.432115],[-3.549306,50.415595],[-3.487457,50.404771],[-3.49828,50.383694],[-3.520131,50.374823],[-3.526926,50.349799],[-3.570546,50.356391],[-3.577789,50.334052],[-3.631988,50.312323],[-3.65331,50.251044],[-3.645619,50.22602],[-3.660634,50.221015],[-3.718007,50.212388],[-3.774241,50.222968],[-3.788971,50.212388],[-3.961008,50.322252],[-4.032948,50.294908],[-4.054351,50.30036],[-4.070221,50.309231],[-4.064036,50.322252],[-4.108266,50.336615],[-4.118723,50.351874],[-4.10497,50.370673],[-4.15274,50.370673],[-4.171457,50.382799],[-4.191477,50.417629],[-4.159535,50.459418],[-4.200551,50.459418],[-4.212392,50.441474],[-4.234731,50.4383],[-4.216135,50.415717],[-4.228505,50.397366],[-4.289906,50.397366],[-4.27302,50.381903],[-4.216176,50.387763],[-4.193756,50.376899],[-4.228505,50.370673],[-4.180043,50.356391],[-4.197987,50.342231],[-4.193756,50.322252],[-4.214996,50.323147],[-4.252349,50.356391],[-4.337717,50.370673],[-4.383697,50.367499],[-4.495351,50.328437],[-4.673451,50.315416],[-4.694325,50.343451],[-4.763295,50.322089],[-4.755442,50.301744],[-4.779856,50.284329],[-4.776519,50.26081],[-4.80016,50.22956],[-4.849721,50.234565],[-4.947255,50.199368],[-5.002431,50.14411],[-5.020375,50.191962],[-5.052968,50.195787],[-5.064565,50.158393],[-5.043446,50.14411],[-5.080312,50.132717],[-5.085032,50.109931],[-5.125966,50.09634],[-5.07079,50.089504],[-5.056508,50.060614],[-5.098053,50.01439],[-5.146474,50.010565],[-5.191151,49.959133],[-5.245229,49.993109],[-5.252675,50.027777],[-5.304351,50.080268],[-5.474843,50.130439],[-5.540924,50.113471],[-5.534657,50.082343],[-5.563466,50.059638],[-5.667388,50.042873],[-5.705149,50.052314],[-5.715647,50.082709],[-5.694407,50.095771],[-5.709218,50.132636],[-5.684641,50.161526],[-5.510976,50.219468],[-5.437978,50.194322],[-5.387563,50.240302],[-5.314849,50.253607],[-5.200307,50.330756],[-5.149892,50.350165],[-5.153676,50.399482],[-5.050282,50.428697],[-5.015614,50.538031],[-4.947255,50.562445],[-4.933583,50.52025],[-4.920522,50.527655],[-4.844838,50.514065],[-4.921864,50.554877],[-4.920522,50.589179],[-4.79247,50.595201],[-4.749257,50.644436],[-4.751943,50.670071],[-4.657297,50.711127],[-4.637807,50.741156],[-4.57726,50.774726],[-4.55012,50.809556],[-4.554921,50.897773],[-4.522694,50.972724],[-4.526438,51.01496],[-4.437327,51.01496],[-4.337717,50.996649],[-4.302317,51.007514],[-4.207997,51.076361],[-4.255767,51.151516],[-4.214833,51.151516],[-4.209828,51.172838],[-4.228505,51.19245],[-4.152333,51.211615],[-3.769154,51.247707],[-3.434193,51.209784],[-3.384999,51.186225],[-3.057525,51.208157],[-3.029286,51.220404],[-3.02184,51.213568],[-3.035553,51.199286],[-3.02184,51.19245],[-2.999582,51.233222],[-3.01061,51.310981],[-3.02184,51.322821],[-2.992177,51.321926],[-2.987782,51.346666],[-2.959584,51.374254],[-2.97468,51.384223],[-2.952952,51.398505],[-2.92101,51.394436],[-2.798573,51.482611],[-2.71642,51.499579],[-2.607818,51.607367],[-2.580434,51.618638],[-2.556386,51.659247],[-2.464996,51.725898],[-2.404897,51.741156],[-2.380767,51.761908],[-2.398061,51.782131],[-2.4204,51.753119],[-2.482086,51.742865],[-2.713124,51.586615],[-2.858713,51.546129],[-2.943349,51.542548],[-2.97468,51.562974],[-3.172719,51.453111],[-3.160064,51.43183],[-3.184804,51.39761],[-3.218861,51.402777],[-3.289418,51.384223],[-3.557444,51.405097],[-3.663197,51.476223],[-3.695424,51.471503],[-3.73762,51.490871],[-3.770131,51.5633],[-3.854888,51.623847],[-3.98998,51.606513],[-3.999908,51.590888],[-3.974599,51.562974],[-4.026519,51.554023],[-4.046457,51.568427],[-4.070221,51.555569],[-4.121653,51.565985],[-4.166412,51.542548],[-4.196767,51.549384],[-4.200551,51.538764],[-4.289906,51.555569],[-4.297353,51.569241],[-4.27831,51.578192],[-4.289906,51.617011],[-4.255767,51.623847],[-4.234731,51.644965],[-4.221018,51.623847],[-4.091298,51.639879],[-4.070546,51.675971],[-4.106842,51.664252],[-4.200551,51.685858],[-4.315297,51.677476],[-4.379262,51.726874],[-4.310455,51.73371],[-4.362538,51.742865],[-4.371816,51.754788],[-4.358022,51.773139],[-4.365102,51.789049],[-4.399159,51.761623],[-4.44579,51.773261],[-4.426503,51.747301],[-4.460764,51.735785],[-4.645375,51.732123],[-4.678212,51.717434],[-4.680287,51.692694],[-4.71231,51.650092],[-4.734934,51.659247],[-4.759185,51.644965],[-4.863515,51.64411],[-4.941029,51.596503],[-5.045766,51.626899],[-5.03661,51.637437],[-5.051178,51.656928],[-5.11974,51.678412],[-5.03661,51.678412],[-5.043446,51.692694],[-4.988189,51.685858],[-4.844838,51.713813],[-4.873402,51.737738],[-4.879018,51.76203],[-4.862538,51.782375],[-4.82433,51.788275],[-4.82433,51.795722],[-4.933583,51.775295],[-4.905181,51.771186],[-4.89566,51.728176],[-4.988189,51.706855],[-5.149241,51.718085],[-5.1669,51.713813],[-5.156972,51.697577],[-5.182851,51.689276],[-5.180653,51.706366],[-5.249501,51.73371],[-5.213938,51.735745],[-5.11026,51.77851],[-5.113393,51.828803],[-5.139638,51.864],[-5.221588,51.877672],[-5.310943,51.864],[-5.297353,51.870185],[-5.298329,51.910956],[-5.28893,51.916938],[-5.119537,51.95893],[-5.088043,51.97602],[-5.085032,52.001858],[-5.07079,52.001858],[-5.081207,52.021186],[-5.070221,52.026353],[-5.026601,52.027411],[-4.961741,52.007514],[-4.913686,52.014838],[-4.920522,52.02851],[-4.84142,52.014838],[-4.832265,52.018988],[-4.838002,52.049018],[-4.777577,52.064887],[-4.720286,52.113349],[-4.673451,52.097398],[-4.675689,52.126939],[-4.637522,52.138495],[-4.502268,52.138373],[-4.385569,52.203437],[-4.315826,52.216295],[-4.197133,52.279283],[-4.109609,52.365302],[-4.056549,52.48786],[-4.056549,52.529446],[-4.016184,52.521959],[-3.947336,52.549262],[-3.974477,52.556545],[-4.053131,52.542426],[-4.125478,52.603909],[-4.105946,52.65351],[-4.056549,52.70067],[-3.988271,52.73428],[-4.048818,52.721584],[-4.125152,52.778306],[-4.149037,52.812079],[-4.11734,52.830756],[-4.129872,52.889228],[-4.064036,52.919176],[-4.077626,52.926663],[-4.100494,52.91413],[-4.11856,52.926663],[-4.144399,52.914781],[-4.228505,52.919176],[-4.33731,52.892035],[-4.406606,52.892524],[-4.481679,52.850898],[-4.475494,52.844143],[-4.500966,52.826809],[-4.489125,52.803168],[-4.516469,52.789496],[-4.594635,52.816799],[-4.64859,52.799628],[-4.704498,52.803168],[-4.747426,52.783433],[-4.762847,52.789496],[-4.734934,52.830471],[-4.596059,52.928412],[-4.523997,52.944241],[-4.358225,53.028469],[-4.340891,53.112738],[-4.327626,53.114691],[-4.320668,53.101508],[-4.177968,53.217597],[-4.122222,53.233466],[-4.066884,53.229071],[-3.974599,53.261786],[-3.831288,53.28913],[-3.878407,53.337592],[-3.810129,53.317084],[-3.76887,53.319159],[-3.716298,53.286933],[-3.602203,53.288886],[-3.37206,53.350898],[-3.330312,53.351793],[-3.122222,53.262274],[-3.087758,53.234687],[-3.084543,53.275458],[-3.185211,53.377265],[-3.18635,53.392768],[-3.058258,53.43476],[-3.012196,53.416693],[-2.952952,53.32392],[-2.8815,53.288398],[-2.850575,53.28913],[-2.837554,53.302802],[-2.775502,53.299872],[-2.748118,53.309638],[-2.743153,53.338528],[-2.699778,53.351793],[-2.764394,53.34516],[-2.799794,53.321031],[-2.924957,53.350002],[-2.980824,53.392768],[-3.101918,53.558051],[-3.087636,53.587714],[-3.02184,53.652818],[-2.899037,53.735419],[-2.984853,53.73607],[-3.021474,53.745795],[-3.049184,53.769517],[-3.056386,53.803046],[-3.044911,53.878485],[-3.05663,53.906155],[-3.017568,53.931952],[-2.925689,53.952704],[-2.888539,53.946031],[-2.857981,53.967597],[-2.869252,53.978827],[-2.834462,53.999823],[-2.830068,54.016018],[-2.895497,54.002346],[-2.918202,54.034329],[-2.858876,54.081],[-2.826772,54.088813],[-2.795969,54.12519],[-2.854237,54.194078],[-2.810292,54.2119],[-2.795969,54.248725],[-2.820872,54.221747],[-2.904652,54.187649],[-2.939198,54.155097],[-2.997711,54.159573],[-3.017323,54.19009],[-3.008168,54.200344],[-3.01537,54.2119],[-3.049184,54.222073],[-3.061025,54.161933],[-3.117909,54.108832],[-3.145253,54.100043],[-3.145375,54.063788],[-3.189768,54.097886],[-3.240956,54.112128],[-3.233144,54.159166],[-3.248402,54.173651],[-3.215199,54.179836],[-3.207387,54.263007],[-3.231353,54.247219],[-3.240956,54.222073],[-3.232167,54.202541],[-3.306793,54.191881],[-3.407379,54.277737],[-3.413442,54.342963],[-3.440175,54.351752],[-3.474273,54.3935],[-3.634185,54.512885],[-3.590321,54.564643],[-3.563832,54.642768],[-3.509185,54.721666],[-3.468129,54.735297],[-3.439565,54.761461],[-3.430979,54.780463],[-3.440175,54.797431],[-3.387929,54.883368],[-3.34496,54.902533],[-3.306467,54.886176],[-3.254628,54.899807],[-3.317291,54.920315],[-3.276519,54.943427],[-3.213612,54.954413],[-3.122792,54.932685],[-3.02184,54.954413],[-3.090728,54.954413],[-3.02184,54.975531],[-3.046295,54.982123],[-3.135406,54.968085],[-3.501047,54.992499],[-3.526031,54.977118],[-3.570546,54.995429],[-3.583608,54.968085],[-3.568756,54.916002],[-3.581695,54.883612],[-3.717641,54.880845],[-3.739247,54.859809],[-3.810129,54.866278],[-3.803334,54.858873],[-3.812367,54.85517],[-3.831288,54.866278],[-3.819976,54.878567],[-3.810129,54.872504],[-3.816965,54.886176],[-3.844309,54.866278],[-3.837473,54.851996],[-3.8579,54.84455],[-3.823842,54.824693],[-3.964182,54.771918],[-4.011708,54.768215],[-4.042877,54.769477],[-4.055776,54.782538],[-4.047719,54.813056],[-4.064036,54.831529],[-4.090077,54.80976],[-4.083852,54.776923],[-4.122955,54.773017],[-4.17394,54.792304],[-4.209137,54.826239],[-4.200551,54.866278],[-4.270741,54.839423],[-4.356923,54.865546],[-4.38679,54.904771],[-4.402903,54.907294],[-4.426503,54.869452],[-4.417226,54.845933],[-4.402903,54.824693],[-4.359609,54.816636],[-4.344472,54.794501],[-4.358144,54.770982],[-4.343861,54.756415],[-4.356516,54.741889],[-4.348134,54.701972],[-4.382395,54.68008],[-4.496734,54.700629],[-4.596669,54.775295],[-4.781077,54.833075],[-4.799631,54.861274],[-4.85912,54.866278],[-4.925771,54.837388],[-4.954823,54.804755],[-4.895985,54.704535],[-4.867258,54.690131],[-4.87206,54.649237],[-4.85912,54.632961],[-4.953684,54.659735],[-4.954701,54.728502],[-4.988189,54.735297],[-5.003285,54.771308],[-5.128245,54.848944],[-5.157135,54.879096],[-5.180653,54.954413],[-5.170806,55.008694],[-5.124582,55.016791],[-5.115142,55.031562],[-5.069488,54.986029],[-5.060862,54.931138],[-5.030995,54.911322],[-4.995595,54.920315],[-4.988189,54.934556],[-5.050282,55.026801],[-5.007802,55.141181],[-4.867258,55.22248],[-4.838002,55.284003],[-4.832509,55.331122],[-4.773101,55.369371],[-4.749257,55.413764],[-4.650502,55.448472],[-4.626332,55.468411],[-4.617787,55.495592],[-4.650787,55.537055],[-4.687164,55.544135],[-4.666249,55.562201],[-4.692738,55.605211],[-4.818105,55.637193],[-4.810618,55.653998],[-4.920522,55.708564],[-4.861073,55.756741],[-4.882721,55.821357],[-4.886464,55.919664],[-4.849355,55.948228],[-4.799387,55.957913],[-4.672515,55.933783],[-4.505971,55.919094],[-4.481679,55.92829],[-4.673451,55.961859],[-4.724517,55.998358],[-4.783437,56.017646],[-4.82433,56.078518],[-4.844309,56.072984],[-4.837554,56.050605],[-4.77892,55.992092],[-4.803619,55.982082],[-4.851552,55.988023],[-4.862294,56.002143],[-4.865387,56.066718],[-4.826324,56.124213],[-4.755442,56.188381],[-4.755523,56.206529],[-4.851674,56.112616],[-4.880605,56.119859],[-4.878977,56.150539],[-4.893544,56.174262],[-4.920522,56.167914],[-4.88622,56.08039],[-4.904368,56.054348],[-4.892649,55.989732],[-4.954701,55.996568],[-4.913686,55.961859],[-4.983144,55.871039],[-5.04247,55.884752],[-5.07079,55.958686],[-5.123606,56.009914],[-5.139638,56.002753],[-5.085683,55.931871],[-5.078236,55.910956],[-5.086537,55.901272],[-5.171539,55.935533],[-5.180653,55.969306],[-5.242055,55.89289],[-5.20108,55.831488],[-5.296702,55.852688],[-5.338287,55.903754],[-5.323964,55.958686],[-5.338287,55.996568],[-5.204498,56.119452],[-5.104604,56.151516],[-5.043446,56.216295],[-4.940094,56.25141],[-4.920522,56.277777],[-4.975087,56.247992],[-5.064565,56.229315],[-5.108876,56.174709],[-5.228139,56.129218],[-5.310943,56.058051],[-5.345693,56.051215],[-5.368642,56.009426],[-5.433827,56.010199],[-5.444407,56.027574],[-5.454986,55.955634],[-5.430776,55.948188],[-5.40038,55.89289],[-5.407216,55.879869],[-5.392893,55.873725],[-5.407216,55.866278],[-5.351796,55.832424],[-5.317779,55.783026],[-5.324574,55.769232],[-5.387563,55.750312],[-5.433461,55.721015],[-5.461171,55.688137],[-5.468617,55.653998],[-5.490102,55.644599],[-5.483876,55.610053],[-5.454986,55.591946],[-5.488759,55.569078],[-5.482289,55.550279],[-5.509633,55.516791],[-5.510976,55.484442],[-5.584625,55.427436],[-5.543691,55.406928],[-5.514963,55.373684],[-5.525054,55.358629],[-5.616282,55.306586],[-5.680898,55.311347],[-5.754547,55.297349],[-5.782867,55.313544],[-5.791412,55.398627],[-5.715647,55.447903],[-5.721913,55.513861],[-5.707753,55.543362],[-5.721832,55.564602],[-5.673329,55.640611],[-5.669423,55.660712],[-5.680898,55.674465],[-5.626536,55.700629],[-5.581207,55.757636],[-5.504628,55.789374],[-5.454986,55.845771],[-5.599436,55.764228],[-5.61262,55.763861],[-5.605784,55.776842],[-5.66039,55.797349],[-5.674062,55.845771],[-5.571034,55.934516],[-5.671702,55.886908],[-5.687978,55.893378],[-5.696401,55.915961],[-5.571034,56.037543],[-5.6256,56.024482],[-5.631703,56.005927],[-5.674875,55.977729],[-5.674062,55.955634],[-5.690785,55.937649],[-5.707509,55.942572],[-5.696441,55.982164],[-5.577463,56.096991],[-5.531606,56.08633],[-5.558705,56.130805],[-5.509633,56.188381],[-5.539906,56.183417],[-5.605784,56.13996],[-5.586415,56.181138],[-5.550526,56.216295],[-5.559438,56.22956],[-5.492828,56.260403],[-5.512685,56.270941],[-5.592152,56.249823],[-5.59557,56.269924],[-5.572581,56.32807],[-5.543691,56.352851],[-5.44811,56.359687],[-5.537506,56.359687],[-5.509633,56.400621],[-5.478017,56.412909],[-5.482289,56.421129],[-5.457021,56.440863],[-5.322865,56.454983],[-5.20873,56.446845],[-5.11852,56.507758],[-5.064565,56.565131],[-5.20108,56.462104],[-5.350168,56.472968],[-5.378082,56.45897],[-5.394276,56.465481],[-5.410553,56.503648],[-5.454986,56.46955],[-5.468617,56.475735],[-5.427642,56.537828],[-5.356679,56.51968],[-5.242055,56.565131],[-5.372426,56.530341],[-5.41393,56.544664],[-5.360707,56.606269],[-5.298451,56.64643],[-5.317779,56.661322],[-5.218902,56.688666],[-5.15331,56.68122],[-4.995595,56.715969],[-5.160553,56.695868],[-5.238271,56.71662],[-5.228424,56.736477],[-5.11974,56.818427],[-5.233469,56.760688],[-5.268463,56.71308],[-5.309804,56.706488],[-5.388051,56.655219],[-5.434397,56.64289],[-5.599599,56.529039],[-5.674062,56.496894],[-5.770253,56.537828],[-5.749135,56.571967],[-5.793853,56.54328],[-5.85436,56.550482],[-6.003407,56.61872],[-6.008168,56.642279],[-5.933583,56.654731],[-5.839182,56.626532],[-5.831695,56.633979],[-5.865834,56.661322],[-5.759999,56.700751],[-5.647369,56.68122],[-5.543691,56.695461],[-5.636545,56.688666],[-5.749989,56.714545],[-5.896799,56.675116],[-6.098622,56.696967],[-6.161733,56.678209],[-6.209625,56.688463],[-6.232533,56.706529],[-6.234486,56.728583],[-6.180531,56.754625],[-6.026967,56.763739],[-5.965199,56.784857],[-5.852203,56.746975],[-5.858144,56.768459],[-5.886342,56.784857],[-5.756663,56.784857],[-5.831695,56.805365],[-5.851186,56.828925],[-5.733876,56.844794],[-5.66039,56.872992],[-5.692006,56.875312],[-5.744496,56.854153],[-5.783925,56.859931],[-5.735504,56.89411],[-5.921132,56.89411],[-5.852203,56.900336],[-5.880116,56.922024],[-5.862538,56.933743],[-5.831695,56.997138],[-5.755238,57.026557],[-5.729319,57.02383],[-5.658559,56.979478],[-5.523264,56.997138],[-5.628814,56.991889],[-5.685536,57.009589],[-5.680043,57.0362],[-5.701975,57.044908],[-5.74234,57.038072],[-5.791127,57.059272],[-5.715647,57.120063],[-5.645863,57.129462],[-5.558258,57.100409],[-5.40038,57.106391],[-5.420033,57.120673],[-5.540639,57.106391],[-5.584625,57.133694],[-5.680898,57.157904],[-5.6256,57.216254],[-5.644154,57.233222],[-5.578236,57.26675],[-5.543691,57.270901],[-5.446278,57.223049],[-5.407216,57.229926],[-5.501943,57.277655],[-5.440663,57.319281],[-5.464996,57.324937],[-5.506174,57.298163],[-5.57844,57.277655],[-5.656972,57.291327],[-5.72057,57.284491],[-5.729319,57.298163],[-5.701975,57.332343],[-5.654368,57.353949],[-5.636545,57.339789],[-5.613189,57.341986],[-5.501291,57.370998],[-5.456654,57.393541],[-5.44811,57.421698],[-5.465077,57.423896],[-5.563466,57.363105],[-5.639963,57.373928],[-5.607086,57.389106],[-5.619618,57.416693],[-5.707183,57.359768],[-5.807769,57.354926],[-5.824859,57.394355],[-5.811187,57.40119],[-5.825266,57.4289],[-5.811187,57.442206],[-5.859039,57.452704],[-5.87267,57.49372],[-5.847076,57.558905],[-5.831695,57.558824],[-5.839182,57.579291],[-5.803619,57.581366],[-5.639963,57.511054],[-5.653554,57.531562],[-5.512685,57.54149],[-5.588368,57.561021],[-5.66039,57.544582],[-5.694488,57.566311],[-5.680898,57.579291],[-5.714223,57.582709],[-5.762807,57.633979],[-5.805898,57.642646],[-5.805409,57.667182],[-5.785024,57.679511],[-5.790761,57.69599],[-5.734486,57.707953],[-5.692494,57.691067],[-5.674062,57.709662],[-5.72053,57.733385],[-5.803822,57.743842],[-5.807362,57.84394],[-5.751129,57.873358],[-5.674062,57.8605],[-5.66039,57.792222],[-5.637359,57.774237],[-5.605784,57.770494],[-5.6256,57.792222],[-5.584625,57.784817],[-5.585276,57.831448],[-5.65038,57.877753],[-5.639963,57.887844],[-5.653554,57.89468],[-5.61262,57.928778],[-5.550526,57.915107],[-5.556264,57.887763],[-5.48705,57.855862],[-5.454986,57.853705],[-5.461171,57.8605],[-5.437123,57.89765],[-5.414906,57.908149],[-5.221588,57.846869],[-5.320668,57.898505],[-5.392893,57.918199],[-5.392893,57.935614],[-5.371734,57.931057],[-5.3662,57.943061],[-5.297353,57.908271],[-5.256256,57.915107],[-5.198801,57.897773],[-5.119985,57.867987],[-5.07079,57.833197],[-5.097157,57.870917],[-5.221588,57.921332],[-5.193959,57.935981],[-5.204498,57.96015],[-5.292633,57.980618],[-5.333892,58.008531],[-5.359364,58.011379],[-5.351918,58.017524],[-5.366933,58.028876],[-5.427642,58.031195],[-5.41393,58.052314],[-5.447011,58.084377],[-5.42809,58.097968],[-5.390045,58.09219],[-5.3662,58.065985],[-5.344309,58.075507],[-5.300771,58.070136],[-5.276763,58.086412],[-5.290517,58.120551],[-5.276763,58.127387],[-5.297353,58.134833],[-5.242055,58.147895],[-5.290842,58.156317],[-5.331451,58.182034],[-5.323964,58.203111],[-5.346791,58.206855],[-5.392893,58.244696],[-5.392079,58.261379],[-5.293853,58.240912],[-5.216054,58.26142],[-5.173207,58.250922],[-5.129384,58.271389],[-5.067698,58.250922],[-5.002431,58.250922],[-4.933583,58.223049],[-4.982004,58.250922],[-4.926747,58.264594],[-5.009918,58.271389],[-5.05012,58.259914],[-5.13622,58.305569],[-5.173207,58.353949],[-5.15331,58.353949],[-5.162913,58.374498],[-5.143056,58.414781],[-5.057973,58.387274],[-5.016184,58.388129],[-5.053375,58.406643],[-5.057037,58.422187],[-5.098053,58.414781],[-5.085032,58.429023],[-5.10554,58.43651],[-5.05012,58.453803],[-4.995595,58.43651],[-5.10554,58.487372],[-5.105621,58.505561],[-5.027984,58.544094],[-5.004954,58.617743],[-4.988189,58.628323],[-4.835927,58.605048],[-4.803822,58.559394],[-4.818105,58.524644],[-4.791819,58.541653],[-4.771596,58.590399],[-4.776519,58.607164],[-4.660024,58.555854],[-4.667307,58.53205],[-4.714467,58.505601],[-4.760976,58.447984],[-4.612131,58.524644],[-4.58495,58.574164],[-4.517486,58.575507],[-4.426503,58.546373],[-4.426503,58.524644],[-4.495351,58.44953],[-4.461171,58.46247],[-4.433909,58.483629],[-4.434234,58.496283],[-4.343861,58.538886],[-4.306996,58.546373],[-4.234731,58.524644],[-4.248931,58.53205],[-4.221018,58.551947],[-4.176991,58.546373],[-4.149322,58.565619],[-4.081451,58.561835],[-4.029042,58.59516],[-4.003774,58.570624],[-3.895741,58.565619],[-3.810129,58.573065],[-3.698354,58.611151],[-3.597564,58.627143],[-3.542592,58.620836],[-3.556264,58.614],[-3.532053,58.602118],[-3.447011,58.614],[-3.364084,58.600816],[-3.350819,58.620836],[-3.412913,58.655585],[-3.374867,58.677069],[-3.358266,58.675482],[-3.340566,58.648139],[-3.204091,58.661119],[-3.151926,58.641262],[-3.019114,58.640326],[-3.049184,58.586737],[-3.129262,58.512641],[-3.118723,58.484442],[-3.064443,58.482978],[-3.053334,58.465766],[-3.077056,58.44953],[-3.086334,58.414211],[-3.129791,58.369289],[-3.22053,58.305569],[-3.384999,58.264594],[-3.4381,58.236029],[-3.473459,58.193427],[-3.515289,58.168402],[-3.735015,58.07217],[-3.809193,58.051907],[-3.851715,58.003892],[-3.990956,57.960395],[-4.001943,57.935614],[-4.023061,57.943061],[-4.016184,57.949286],[-4.084381,57.964179],[-4.077626,57.943061],[-4.016184,57.932196],[-3.988271,57.908271],[-4.008941,57.889594],[-4.009348,57.867906],[-4.070221,57.874172],[-4.10497,57.853705],[-4.21817,57.874172],[-4.298899,57.862779],[-4.392405,57.908271],[-4.307729,57.851467],[-4.208241,57.859198],[-4.149729,57.82982],[-4.133453,57.830146],[-4.139068,57.846869],[-4.039906,57.818183],[-3.98351,57.842353],[-3.951487,57.838324],[-3.933705,57.82567],[-3.947336,57.81269],[-3.914784,57.807685],[-3.877675,57.816718],[-3.798451,57.866523],[-3.779449,57.855658],[-3.790028,57.830715],[-3.988271,57.69599],[-4.023671,57.697821],[-4.016184,57.723334],[-4.042958,57.737291],[-4.168568,57.689439],[-4.294789,57.680162],[-4.308827,57.654853],[-4.403188,57.609524],[-4.428456,57.577541],[-4.379872,57.589342],[-4.328725,57.626288],[-4.201894,57.674994],[-4.096791,57.658108],[-4.009348,57.688544],[-4.004506,57.675971],[-4.025258,57.655219],[-4.11856,57.592963],[-4.10497,57.579291],[-4.170644,57.570746],[-4.184926,57.548163],[-4.262603,57.552069],[-4.207997,57.538398],[-4.248931,57.497463],[-4.194814,57.491604],[-4.034983,57.556871],[-4.083852,57.586127],[-3.837473,57.592963],[-3.684804,57.654446],[-3.625152,57.661933],[-3.645619,57.641425],[-3.590972,57.641425],[-3.611562,57.668118],[-3.535756,57.661933],[-3.505442,57.678656],[-3.491851,57.713121],[-3.409169,57.723334],[-3.284739,57.720445],[-3.210072,57.693996],[-3.034901,57.668606],[-2.916086,57.702826],[-2.758046,57.702826],[-2.731068,57.688544],[-2.658925,57.697455],[-2.541982,57.682359],[-2.526112,57.668606],[-2.497955,57.682359],[-2.432851,57.668118],[-2.360504,57.682359],[-2.328969,57.674058],[-2.295644,57.69599],[-2.20995,57.675523],[-2.108144,57.704983],[-1.99767,57.702826],[-1.9735,57.675523],[-1.932485,57.682359],[-1.829457,57.613471],[-1.79601,57.544582],[-1.800038,57.525865],[-1.761138,57.497463],[-1.77538,57.496527],[-1.781239,57.480414],[-1.759348,57.473578],[-1.830149,57.426174],[-1.849965,57.394355],[-1.980295,57.319281],[-2.068512,57.174628],[-2.071401,57.135565],[-2.049306,57.118842],[-2.18692,56.984687],[-2.200103,56.948717],[-2.186391,56.914537],[-2.219879,56.872626],[-2.319814,56.801581],[-2.426422,56.751288],[-2.45165,56.690985],[-2.487457,56.653876],[-2.480621,56.626532],[-2.514556,56.591498],[-2.623769,56.543402],[-2.64094,56.522366],[-2.699778,56.503648],[-2.727651,56.46955],[-2.764801,56.475735],[-3.060618,56.451728],[-3.133901,56.426947],[-3.238189,56.367743],[-3.280181,56.357896],[-3.323476,56.365912],[-3.294016,56.352769],[-3.230621,56.356024],[-2.884999,56.457994],[-2.802805,56.427965],[-2.808258,56.391059],[-2.837554,56.365912],[-2.812978,56.365912],[-2.804758,56.349107]]],[[[-5.392893,55.646552],[-5.355214,55.689602],[-5.290517,55.708564],[-5.297353,55.722846],[-5.180653,55.694892],[-5.145985,55.654975],[-5.125966,55.605536],[-5.137441,55.592027],[-5.094228,55.566555],[-5.091868,55.544135],[-5.125234,55.536933],[-5.11974,55.523627],[-5.07079,55.509345],[-5.093007,55.500434],[-5.078236,55.455308],[-5.117787,55.439765],[-5.217356,55.437974],[-5.345693,55.482652],[-5.359364,55.530463],[-5.345693,55.550279],[-5.389068,55.590237],[-5.392893,55.646552]]],[[[-5.068023,55.852118],[-5.050282,55.845771],[-5.02184,55.805609],[-5.011464,55.774482],[-5.029775,55.749498],[-5.011342,55.737698],[-5.016184,55.722846],[-5.11559,55.784369],[-5.139638,55.841986],[-5.180653,55.862779],[-5.199534,55.911078],[-5.1669,55.920844],[-5.080922,55.879584],[-5.068023,55.852118]]],[[[-6.062408,55.809475],[-6.086903,55.882961],[-6.075185,55.915961],[-5.997426,55.951728],[-5.919057,55.960395],[-5.886342,55.976142],[-5.980702,55.969916],[-5.995595,55.986029],[-5.95519,56.034735],[-5.74649,56.14175],[-5.715932,56.153144],[-5.694488,56.147406],[-5.68932,56.111762],[-5.740224,56.076483],[-5.886342,55.886705],[-5.945424,55.858588],[-5.962066,55.804755],[-6.026601,55.796088],[-6.062408,55.809475]]],[[[-5.688303,56.202053],[-5.673655,56.178941],[-5.749135,56.161078],[-5.738352,56.177476],[-5.688303,56.202053]]],[[[-5.666656,56.22248],[-5.645334,56.255927],[-5.61262,56.263495],[-5.637441,56.189276],[-5.666656,56.22248]]],[[[-5.646718,56.298774],[-5.620758,56.324205],[-5.584625,56.325588],[-5.605336,56.296942],[-5.598988,56.283922],[-5.621693,56.276068],[-5.646718,56.298774]]],[[[-5.502756,56.421129],[-5.557973,56.386461],[-5.584625,56.38703],[-5.557973,56.414293],[-5.502756,56.421129]]],[[[-5.958608,57.284491],[-6.007802,57.303616],[-6.013905,57.31745],[-5.955719,57.321601],[-5.929351,57.307196],[-5.925445,57.291693],[-5.958608,57.284491]]],[[[-2.967193,58.812649],[-3.035553,58.826321],[-2.952952,58.839993],[-2.883656,58.83218],[-2.885365,58.820054],[-2.919423,58.806464],[-2.917836,58.738349],[-2.939931,58.730699],[-2.987782,58.757392],[-2.974355,58.77204],[-3.015696,58.812649],[-2.967193,58.812649]]],[[[-3.433339,58.884955],[-3.393219,58.920233],[-3.337148,58.928697],[-3.246083,58.896186],[-3.193186,58.853583],[-3.207387,58.839993],[-3.172719,58.826321],[-3.248402,58.792182],[-3.131703,58.806464],[-3.156321,58.78677],[-3.299306,58.77912],[-3.327789,58.818305],[-3.378774,58.853583],[-3.378774,58.874091],[-3.430165,58.874823],[-3.433339,58.884955]]],[[[-3.084543,58.94302],[-3.070302,58.928697],[-3.101226,58.930121],[-3.118031,58.915717],[-3.202789,58.91592],[-3.227895,58.928697],[-3.235341,58.972561],[-3.207387,59.005072],[-3.227895,59.03856],[-3.245839,59.030504],[-3.240956,59.011298],[-3.275787,59.011298],[-3.256988,58.978339],[-3.26537,58.969184],[-3.289418,58.950385],[-3.323232,58.95718],[-3.353261,58.982815],[-3.366689,59.016099],[-3.343984,59.052802],[-3.350209,59.097968],[-3.323801,59.127427],[-3.279286,59.143541],[-3.182729,59.147162],[-3.121571,59.123969],[-3.084543,59.127997],[-3.049184,59.1081],[-3.070302,59.101264],[-2.994496,59.07331],[-3.008168,59.066555],[-2.994496,59.059719],[-3.062815,59.049465],[-3.090932,59.018744],[-3.131703,59.005072],[-3.059722,58.9914],[-3.011952,59.017401],[-2.974436,58.999091],[-2.933095,59.011298],[-2.895375,58.991034],[-2.878407,58.998236],[-2.885365,58.977118],[-2.864735,58.97484],[-2.790151,58.992255],[-2.77538,58.983954],[-2.78189,58.973944],[-2.837554,58.950385],[-2.81192,58.929145],[-2.77538,58.928697],[-2.795969,58.956692],[-2.744049,58.969184],[-2.713612,58.966864],[-2.706207,58.947455],[-2.714752,58.925482],[-2.785024,58.910712],[-2.823842,58.881537],[-2.926829,58.904853],[-2.981191,58.96011],[-3.023834,58.940497],[-3.084543,58.94302]]],[[[5.750743,59.072333],[5.667003,59.100409],[5.575206,59.12401],[5.607921,59.134426],[5.77589,59.112738],[5.77475,59.080552],[5.750743,59.072333]]],[[[-2.611562,59.155219],[-2.617787,59.148424],[-2.590077,59.148871],[-2.569407,59.142239],[-2.592885,59.138577],[-2.583648,59.120551],[-2.535268,59.127997],[-2.548451,59.109036],[-2.51476,59.093817],[-2.59732,59.07331],[-2.599477,59.095893],[-2.614369,59.107245],[-2.651845,59.101264],[-2.649159,59.085517],[-2.686106,59.089179],[-2.617787,59.127997],[-2.665517,59.155219],[-2.611562,59.155219]]],[[[-5.828603,59.12873],[-5.816477,59.122707],[-5.843821,59.11754],[-5.828603,59.12873]]],[[[-2.977162,59.163398],[-2.97525,59.133775],[-3.036448,59.129096],[-3.091786,59.142808],[-3.120432,59.176581],[-3.074208,59.197496],[-3.029124,59.182359],[-2.952952,59.183173],[-2.977162,59.163398]]],[[[5.808035,59.169867],[5.802419,59.182522],[5.82252,59.199123],[5.876638,59.184516],[5.876557,59.167385],[5.84018,59.140286],[5.796886,59.138699],[5.773123,59.154283],[5.771251,59.172675],[5.808035,59.169867]]],[[[-2.751088,59.156073],[-2.734486,59.148424],[-2.781361,59.141425],[-2.801625,59.168158],[-2.830068,59.175767],[-2.830068,59.196845],[-2.785959,59.196845],[-2.7919,59.236965],[-2.777455,59.252916],[-2.761098,59.252102],[-2.768625,59.23786],[-2.743642,59.238105],[-2.727651,59.224189],[-2.761098,59.193101],[-2.751088,59.156073]]],[[[5.432302,59.232733],[5.46811,59.196723],[5.443207,59.158922],[5.376801,59.207221],[5.393891,59.240424],[5.432302,59.232733]]],[[[-2.67927,59.209906],[-2.692616,59.192288],[-2.687978,59.217963],[-2.59557,59.264838],[-2.591135,59.278754],[-2.611562,59.293036],[-2.522125,59.306708],[-2.576812,59.271308],[-2.563222,59.265082],[-2.446401,59.293036],[-2.411041,59.318996],[-2.392486,59.285468],[-2.458974,59.27912],[-2.51476,59.230414],[-2.516265,59.252143],[-2.576812,59.224189],[-2.569407,59.244615],[-2.604156,59.244615],[-2.661855,59.207099],[-2.67927,59.209906]]],[[[6.099864,59.276557],[6.056326,59.240709],[5.958181,59.227851],[5.929861,59.243476],[5.932465,59.268988],[5.987559,59.290839],[6.099864,59.276557]]],[[[5.173839,59.334052],[5.17449,59.34927],[5.208507,59.374945],[5.188487,59.383979],[5.185883,59.41474],[5.208507,59.415961],[5.286469,59.32038],[5.278982,59.292548],[5.314098,59.273599],[5.317383,59.228853],[5.297091,59.168884],[5.235929,59.141058],[5.18843,59.157246],[5.166169,59.195682],[5.165278,59.273428],[5.178722,59.292222],[5.228282,59.28559],[5.173839,59.334052]]],[[[-2.870961,59.271308],[-2.830068,59.252102],[-2.885365,59.230414],[-2.870961,59.258287],[-2.947418,59.291205],[-2.97468,59.293036],[-2.960357,59.271308],[-3.008168,59.271308],[-3.039947,59.311998],[-3.077056,59.334052],[-3.008168,59.334052],[-2.965199,59.360907],[-2.94636,59.349555],[-2.963938,59.340237],[-2.960357,59.326565],[-2.987782,59.31977],[-2.895497,59.302965],[-2.870961,59.271308]]],[[[4.888601,59.293158],[4.857026,59.310696],[4.873953,59.317369],[4.903819,59.316189],[4.909679,59.304999],[4.888601,59.293158]]],[[[-1.582387,59.555121],[-1.608144,59.547349],[-1.59675,59.53205],[-1.645497,59.514106],[-1.643666,59.54564],[-1.602854,59.560248],[-1.582387,59.555121]]],[[[5.189952,59.736396],[5.194184,59.713853],[5.153982,59.669827],[5.160167,59.655219],[5.208507,59.682847],[5.187999,59.655504],[5.201671,59.614569],[5.152843,59.59162],[5.115408,59.636054],[5.11671,59.685696],[5.187999,59.758612],[5.124848,59.761868],[5.118419,59.779039],[5.076182,59.766303],[5.070649,59.782782],[5.097423,59.809312],[5.098643,59.82746],[5.146495,59.82746],[5.104828,59.868476],[5.153982,59.874661],[5.168305,59.850002],[5.220225,59.826606],[5.227224,59.807318],[5.259776,59.80268],[5.317638,59.752265],[5.344981,59.71015],[5.27003,59.682847],[5.310313,59.703315],[5.289317,59.749823],[5.27003,59.751776],[5.273448,59.735012],[5.26059,59.733873],[5.22047,59.755439],[5.189952,59.736396]]],[[[5.58074,59.814195],[5.552338,59.856431],[5.589122,59.872952],[5.615815,59.853095],[5.58074,59.814195]]],[[[5.324555,59.782782],[5.256358,59.874661],[5.261974,59.895087],[5.250173,59.90941],[5.297537,59.950995],[5.275401,59.959662],[5.282888,59.96662],[5.326182,59.976508],[5.420665,59.938381],[5.489106,59.861029],[5.497813,59.803412],[5.421886,59.758979],[5.363292,59.764065],[5.358165,59.772203],[5.406505,59.779039],[5.37794,59.792914],[5.352306,59.777655],[5.324555,59.782782]]],[[[5.372406,59.977688],[5.361827,59.995347],[5.3705508877408485,60.0],[5.651708655985111,60.0],[5.605235,59.962226],[5.639903,59.915595],[5.571544,59.923041],[5.508067,59.899115],[5.489106,59.915595],[5.476817,59.962958],[5.432791,59.952338],[5.372406,59.977688]]],[[[5.209321,59.996446],[5.216563,59.98725],[5.201752,59.976101],[5.141205,59.965928],[5.097504,59.991848],[5.209321,59.996446]]],[[[5.2739746824417,60.0],[5.253673,59.993109],[5.245930666666667,60.0],[5.2739746824417,60.0]]],[[[-1.192616,59.997504],[-1.201243,59.986396],[-1.247304,59.997504],[-1.245229,59.955756],[-1.26773,59.923041],[-1.274566,59.929877],[-1.263417,59.907172],[-1.274566,59.882066],[-1.260976,59.8664],[-1.274566,59.854193],[-1.295033,59.874661],[-1.311106,59.865546],[-1.301422,59.888902],[-1.34789,59.891995],[-1.375966,59.908637],[-1.358022,59.921576],[-1.355702,59.945461],[-1.322987,59.950995],[-1.349721,59.970893],[-1.322987,59.977688],[-1.325649673280002,60.0],[-1.192616,59.997504]]],[[[10.987153,34.67178],[11.101329,34.670966],[11.110842,34.659506],[11.055708,34.620962],[10.964122,34.656684],[10.987153,34.67178]]],[[[11.217502,34.781615],[11.25427,34.825822],[11.299484,34.814179],[11.304171,34.805289],[11.278087,34.797675],[11.265798,34.773383],[11.304796,34.742294],[11.297035,34.728693],[11.130746,34.663291],[11.122306,34.680426],[11.170647,34.728592],[11.173025,34.758002],[11.198189,34.74402],[11.222111,34.747645],[11.217502,34.781615]]],[[[12.037608,36.806627],[12.053477,36.767646],[12.03061,36.74136],[11.996104,36.74494],[11.937348,36.788764],[11.922211,36.828355],[11.951345,36.84276],[11.987315,36.824164],[11.999522,36.835924],[12.037608,36.806627]]],[[[10.79599,37.118272],[10.805756,37.140692],[10.822927,37.118313],[10.79599,37.118272]]],[[[8.900483,37.518541],[8.953054,37.539374],[8.958669,37.51911],[8.900483,37.518541]]],[[[8.349294,39.062161],[8.346039,39.097724],[8.360362,39.11815],[8.385916,39.105048],[8.444591,39.102729],[8.458018,39.068061],[8.483897,39.06977],[8.459321,39.049791],[8.432465,38.962836],[8.409841,38.961819],[8.364919,39.029486],[8.349294,39.062161]]],[[[8.22462,39.15705],[8.245291,39.180976],[8.305837,39.193305],[8.305837,39.10456],[8.254731,39.107123],[8.257335,39.124416],[8.22462,39.15705]]],[[[9.654633,40.144599],[9.73227,40.08393],[9.687266,39.961168],[9.696625,39.933783],[9.717784,39.933783],[9.684337,39.894232],[9.683116,39.865546],[9.696625,39.851874],[9.670258,39.793769],[9.67628,39.718085],[9.651134,39.652493],[9.653005,39.56684],[9.628429,39.501776],[9.644867,39.483954],[9.602061,39.355658],[9.603526,39.326239],[9.634613,39.296942],[9.60727,39.289008],[9.567556,39.238105],[9.565603,39.205064],[9.579926,39.187079],[9.566417,39.149237],[9.522716,39.124905],[9.518565,39.10456],[9.496349,39.133612],[9.442882,39.124416],[9.292166,39.221259],[9.28533,39.213813],[9.216319,39.228013],[9.166026,39.187079],[9.136892,39.194322],[9.073009,39.248521],[9.013927,39.263902],[9.037852,39.227118],[9.079845,39.224595],[9.018321,39.146145],[9.018728,39.103949],[9.044932,39.051256],[9.025727,38.995307],[9.004649,38.995307],[8.853282,38.877997],[8.805431,38.905951],[8.805431,38.885443],[8.766612,38.920396],[8.716563,38.932603],[8.668793,38.91059],[8.651622,38.891547],[8.655121,38.871161],[8.640961,38.864325],[8.642833,38.88996],[8.599864,38.899075],[8.615489,38.947577],[8.603282,38.964911],[8.580089,38.960517],[8.559581,39.056708],[8.504405,39.062934],[8.518077,39.083441],[8.504405,39.090888],[8.482758,39.08039],[8.465099,39.119452],[8.442231,39.11815],[8.435395,39.165961],[8.418793,39.177314],[8.409516,39.169338],[8.398692,39.201158],[8.372813,39.222073],[8.43214,39.301825],[8.417247,39.339016],[8.382091,39.359687],[8.374034,39.378852],[8.40504,39.427191],[8.386892,39.469794],[8.46339,39.57685],[8.444021,39.757025],[8.468598,39.75495],[8.516938,39.702135],[8.565766,39.701077],[8.504405,39.721503],[8.545258,39.782945],[8.518077,39.762519],[8.548839,39.807196],[8.555186,39.852688],[8.523448,39.898871],[8.463064,39.91413],[8.435395,39.898993],[8.46339,39.898993],[8.435395,39.858059],[8.437511,39.876776],[8.394542,39.912665],[8.394542,39.98843],[8.407074,40.022203],[8.394542,40.0362],[8.377208,40.033759],[8.401378,40.049872],[8.468598,40.062161],[8.490001,40.104478],[8.46339,40.163153],[8.459646,40.21601],[8.476085,40.292141],[8.441254,40.331448],[8.385997,40.351793],[8.394542,40.423814],[8.379893,40.468695],[8.365571,40.492133],[8.331716,40.510688],[8.312022,40.57807],[8.291515,40.595364],[8.216319,40.570624],[8.195974,40.57807],[8.216319,40.612209],[8.19337,40.617499],[8.176606,40.606594],[8.161794,40.563788],[8.147309,40.593207],[8.140636,40.62519],[8.173839,40.641588],[8.197439,40.69123],[8.1338,40.728909],[8.215343,40.881415],[8.209727,40.914455],[8.178884,40.928168],[8.182302,40.945299],[8.202159,40.975287],[8.229015,40.962551],[8.233165,40.910102],[8.277843,40.865424],[8.310232,40.850653],[8.520518,40.826972],[8.598399,40.852973],[8.640961,40.89647],[8.709158,40.92064],[8.764415,40.913804],[8.82252,40.947333],[8.88795,41.016262],[8.881114,41.023668],[8.922699,41.03677],[9.005544,41.121894],[9.107758,41.139472],[9.13559,41.160305],[9.141856,41.152777],[9.163422,41.184149],[9.171072,41.242906],[9.189952,41.251125],[9.230642,41.262641],[9.238292,41.248847],[9.257823,41.249661],[9.267426,41.201972],[9.278331,41.195014],[9.28533,41.221747],[9.28533,41.195014],[9.312511,41.201239],[9.333018,41.187567],[9.335216,41.211656],[9.388194,41.180732],[9.422374,41.180732],[9.408702,41.160305],[9.442882,41.132961],[9.442882,41.091986],[9.470063,41.126125],[9.456554,41.140367],[9.523936,41.149726],[9.52475,41.132961],[9.566417,41.11933],[9.545909,41.077704],[9.539073,41.091986],[9.511892,41.016262],[9.532237,41.016262],[9.52475,41.030504],[9.543142,41.036933],[9.557628,41.025051],[9.552745,41.009467],[9.615733,41.019599],[9.662608,41.002631],[9.651215,40.991116],[9.604259,41.002631],[9.587576,40.995795],[9.566417,40.948635],[9.571137,40.934882],[9.504242,40.926907],[9.511974,40.915188],[9.539073,40.92064],[9.573253,40.906399],[9.6421,40.92064],[9.614106,40.893378],[9.655772,40.876044],[9.663259,40.858222],[9.683116,40.865424],[9.723969,40.844916],[9.681,40.829779],[9.689789,40.810777],[9.657888,40.799872],[9.668793,40.790351],[9.66977,40.801459],[9.703949,40.759426],[9.744477,40.680487],[9.756521,40.59516],[9.826427,40.529608],[9.808767,40.470771],[9.761729,40.390692],[9.712413,40.3664],[9.62615,40.263088],[9.631114,40.196194],[9.654633,40.144599]]],[[[9.713878,40.873684],[9.74464,40.869167],[9.73406,40.8581],[9.713878,40.873684]]],[[[9.679779,40.891303],[9.733897,40.92475],[9.739268,40.919298],[9.700125,40.890489],[9.679779,40.891303]]],[[[8.326182,41.126125],[8.344737,41.086249],[8.332367,41.064643],[8.27475,41.057278],[8.25115,41.043769],[8.24643,40.993638],[8.209646,40.995795],[8.228852,41.041734],[8.275645,41.06977],[8.277843,41.105658],[8.302094,41.105048],[8.326182,41.126125]]],[[[9.606375,41.079413],[9.597667,41.070421],[9.595958,41.076361],[9.606375,41.079413]]],[[[9.395518,41.189602],[9.408214,41.207424],[9.417491,41.200426],[9.407807,41.185126],[9.395518,41.189602]]],[[[9.479503,41.224189],[9.470388,41.172105],[9.437022,41.18594],[9.459972,41.242377],[9.479503,41.224189]]],[[[9.435313,41.217027],[9.376964,41.213324],[9.373057,41.229885],[9.39796,41.256049],[9.421886,41.260891],[9.435313,41.217027]]],[[[9.146739,41.230007],[9.141612,41.246446],[9.158376,41.242174],[9.146739,41.230007]]],[[[9.353038,41.247829],[9.350759,41.232204],[9.331554,41.233588],[9.332856,41.2508],[9.353038,41.247829]]],[[[9.350597,41.288723],[9.351248,41.276109],[9.331065,41.281033],[9.334972,41.28559],[9.350597,41.288723]]],[[[9.376801,41.307807],[9.364757,41.287909],[9.358246,41.296902],[9.376801,41.307807]]],[[[9.334972,41.308336],[9.354177,41.292873],[9.330903,41.304714],[9.334972,41.308336]]],[[[9.247244,41.337714],[9.254568,41.34219],[9.256928,41.331529],[9.247244,41.337714]]],[[[9.264822,41.372138],[9.262625,41.360785],[9.250418,41.365465],[9.251557,41.371161],[9.264822,41.372138]]],[[[8.611095,42.310045],[8.599864,42.321926],[8.634776,42.338935],[8.612804,42.352444],[8.552094,42.338935],[8.552094,42.386705],[8.598643,42.3876],[8.618663,42.419582],[8.659516,42.429877],[8.676768,42.47248],[8.657074,42.480048],[8.667491,42.509711],[8.716563,42.530707],[8.709158,42.579169],[8.723481,42.565497],[8.786957,42.561998],[8.807465,42.58511],[8.805431,42.606431],[9.049978,42.662177],[9.052989,42.681586],[9.117849,42.732001],[9.236827,42.722561],[9.292166,42.67475],[9.34254,42.749091],[9.33546,42.807603],[9.305675,42.83926],[9.333018,42.867133],[9.330251,42.903551],[9.360199,42.928616],[9.343435,42.97309],[9.34669,43.00373],[9.422374,43.017401],[9.464041,42.990058],[9.453868,42.963813],[9.470063,42.942288],[9.482758,42.802314],[9.450369,42.708889],[9.442882,42.64057],[9.456554,42.634426],[9.456554,42.606431],[9.476899,42.579169],[9.511892,42.565497],[9.489594,42.612616],[9.528087,42.563544],[9.533376,42.456244],[9.545909,42.435126],[9.532237,42.373725],[9.559581,42.294582],[9.559581,42.146552],[9.545584,42.10399],[9.403168,41.952948],[9.394298,41.847968],[9.401622,41.706448],[9.372244,41.683905],[9.37794,41.65644],[9.363617,41.640041],[9.345225,41.640326],[9.34669,41.619574],[9.292166,41.62641],[9.278575,41.598375],[9.345063,41.604478],[9.350597,41.581204],[9.264659,41.530829],[9.264659,41.502875],[9.279145,41.491645],[9.264659,41.476142],[9.270844,41.468736],[9.210704,41.448228],[9.223318,41.427314],[9.210704,41.407294],[9.250336,41.427802],[9.223155,41.372504],[9.206716,41.365912],[9.096446,41.40351],[9.121349,41.434638],[9.06658,41.4619],[9.079845,41.482367],[9.038748,41.4619],[9.038748,41.476142],[9.018321,41.468736],[9.000987,41.483059],[8.93572,41.489203],[8.83961,41.530829],[8.853282,41.54385],[8.791759,41.561225],[8.796397,41.580552],[8.778087,41.59162],[8.801768,41.639065],[8.819021,41.632636],[8.872569,41.651068],[8.922699,41.694648],[8.788829,41.712551],[8.776134,41.722398],[8.784923,41.742499],[8.695567,41.729438],[8.702973,41.742499],[8.655121,41.749905],[8.71754,41.77204],[8.709158,41.804511],[8.784923,41.824408],[8.750824,41.845526],[8.791759,41.859117],[8.778087,41.872789],[8.805431,41.906928],[8.764415,41.934272],[8.614268,41.900784],[8.60727,41.913764],[8.614431,41.944078],[8.586274,41.96898],[8.65504,41.978705],[8.668793,41.996324],[8.656098,42.002875],[8.664561,42.014472],[8.743419,42.044135],[8.744965,42.056586],[8.699229,42.10932],[8.660899,42.105455],[8.647716,42.122016],[8.586274,42.13349],[8.593761,42.146552],[8.559581,42.153998],[8.593761,42.174506],[8.565766,42.174506],[8.581798,42.194525],[8.565766,42.208564],[8.574067,42.219916],[8.545258,42.232856],[8.54949,42.242255],[8.687755,42.272935],[8.625173,42.319159],[8.611095,42.310045]]],[[[11.106456,42.237779],[11.093842,42.260159],[11.110525,42.261217],[11.106456,42.237779]]],[[[10.294444,42.32803],[10.297048,42.344875],[10.306407,42.351549],[10.313243,42.32392],[10.294444,42.32803]]],[[[10.882986,42.392157],[10.939764,42.33066],[10.923331,42.318728],[10.861827,42.366278],[10.882986,42.392157]]],[[[10.058604,42.575995],[10.052582,42.589016],[10.084321,42.614691],[10.095388,42.576972],[10.058604,42.575995]]],[[[9.456554,42.647406],[9.482107,42.620103],[9.476817,42.619086],[9.456554,42.647406]]],[[[10.304535,42.759752],[10.265391,42.744574],[10.245372,42.75727],[10.235199,42.735907],[10.147227,42.737291],[10.106781,42.757392],[10.10141,42.784003],[10.111664,42.801256],[10.158214,42.817288],[10.242198,42.803168],[10.26588,42.804429],[10.259044,42.811916],[10.272146,42.827338],[10.326834,42.826239],[10.322113,42.811713],[10.347341,42.805854],[10.381358,42.832424],[10.399913,42.868842],[10.422048,42.870836],[10.438487,42.855455],[10.430024,42.787584],[10.388845,42.763495],[10.425141,42.74079],[10.430675,42.722113],[10.415538,42.708889],[10.381358,42.722561],[10.337901,42.764838],[10.325043,42.764838],[10.313731,42.742987],[10.304535,42.759752]]],[[[9.825777,43.07463],[9.854811,43.044275],[9.842127,43.024956],[9.801498,43.007805],[9.784595,43.028442],[9.806944,43.066408],[9.825777,43.07463]]],[[[9.908132,43.446601],[9.908458,43.426907],[9.894216,43.432522],[9.897634,43.443427],[9.908132,43.446601]]],[[[7.068979,43.514618],[7.036685,43.51646],[7.032387,43.522494],[7.048963,43.524107],[7.068979,43.514618]]],[[[6.570486,53.538113],[6.583588,53.548082],[6.606049,53.547756],[6.585704,53.533352],[6.570486,53.538113]]],[[[6.722423,53.590766],[6.756521,53.562893],[6.726085,53.577135],[6.677094,53.575629],[6.659516,53.599107],[6.784679,53.620063],[6.798106,53.604438],[6.722423,53.590766]]],[[[6.893728,53.623196],[6.865977,53.633775],[6.867117,53.647569],[6.921804,53.641954],[6.893728,53.623196]]],[[[6.910818,53.683661],[7.08546,53.686998],[6.87379,53.672756],[6.910818,53.683661]]],[[[7.342296,53.722113],[7.173595,53.701402],[7.133149,53.708075],[7.232921,53.729438],[7.342296,53.722113]]],[[[8.195974,53.727973],[8.120128,53.714301],[8.152354,53.739163],[8.195974,53.727973]]],[[[7.435557,53.727973],[7.421235,53.721137],[7.366547,53.727973],[7.403494,53.736721],[7.435557,53.727973]]],[[[7.511241,53.727973],[7.472992,53.731879],[7.47462,53.756822],[7.62672,53.755276],[7.513927,53.74551],[7.511241,53.727973]]],[[[7.694998,53.769517],[7.660899,53.762112],[7.68629,53.780992],[7.812836,53.783149],[7.74822,53.760932],[7.694998,53.769517]]],[[[7.955577,53.782904],[7.875255,53.788398],[7.87379,53.776353],[7.854503,53.784573],[7.897634,53.796291],[7.955577,53.782904]]],[[[11.445323,53.961127],[11.447032,53.997138],[11.423106,53.967719],[11.375662,53.981838],[11.390391,54.004584],[11.426606,54.022935],[11.468028,54.030951],[11.497895,54.022773],[11.468272,53.970689],[11.445323,53.961127]]],[[[8.686127,54.042222],[8.658865,54.064276],[8.681977,54.08043],[8.692882,54.056789],[8.686127,54.042222]]],[[[11.615896,54.112128],[11.539561,54.056952],[11.533946,54.056952],[11.533946,54.084866],[11.615896,54.112128]]],[[[7.879893,54.193915],[7.894542,54.194648],[7.904145,54.180406],[7.899181,54.178168],[7.879893,54.193915]]],[[[7.917654,54.186998],[7.929861,54.195299],[7.933442,54.189887],[7.917654,54.186998]]],[[[11.072927,54.531195],[11.121267,54.535956],[11.206554,54.514472],[11.240001,54.495551],[11.31422,54.413804],[11.188487,54.426174],[11.170177,54.420071],[11.179047,54.414211],[11.112641,54.415229],[11.098643,54.451646],[11.008474,54.454657],[11.005707,54.468451],[11.033702,54.508857],[11.072927,54.531195]]],[[[8.963145,54.523668],[8.88795,54.468451],[8.844493,54.466498],[8.812836,54.482123],[8.825531,54.491197],[8.812836,54.501939],[8.879649,54.52912],[8.963145,54.523668]]],[[[8.595876,54.513658],[8.634532,54.542629],[8.698904,54.55858],[8.692882,54.523261],[8.641287,54.492377],[8.618826,54.492621],[8.595876,54.513658]]],[[[8.320486,54.698717],[8.360362,54.71483],[8.332367,54.693793],[8.401378,54.632961],[8.353689,54.618964],[8.330251,54.631415],[8.291515,54.66706],[8.320486,54.698717]]],[[[8.574067,54.694403],[8.485199,54.688056],[8.394542,54.71483],[8.436778,54.748481],[8.553233,54.754462],[8.593761,54.728502],[8.574067,54.694403]]],[[[11.005707,54.803656],[11.089692,54.810614],[11.108165,54.831529],[11.018809,54.886176],[11.0324,54.919257],[11.073985,54.948188],[11.2317,54.961249],[11.338878,54.919135],[11.368907,54.88109],[11.594737,54.811103],[11.572765,54.847968],[11.656261,54.866278],[11.644786,54.889635],[11.649425,54.91352],[11.787283,54.831529],[11.77296,54.824693],[11.848643,54.773179],[11.855479,54.743598],[11.806977,54.707994],[11.846446,54.697821],[11.842621,54.676215],[11.81072,54.655097],[11.766124,54.646552],[11.610525,54.666409],[11.512218,54.646552],[11.474376,54.626125],[11.187755,54.732245],[11.030528,54.760647],[10.999197,54.78677],[11.005707,54.803656]]],[[[10.388845,54.920315],[10.426036,54.872504],[10.460948,54.874498],[10.450206,54.899807],[10.518565,54.851996],[10.440115,54.841498],[10.406261,54.824693],[10.383474,54.830756],[10.211436,54.939358],[10.18922,54.977484],[10.288748,54.940741],[10.34962,54.896715],[10.391368,54.895453],[10.388845,54.920315]]],[[[8.284434,54.742377],[8.277029,54.782782],[8.288585,54.891303],[8.373709,55.03498],[8.415782,55.065334],[8.46339,55.050686],[8.394542,55.04385],[8.422211,55.042182],[8.430431,55.030015],[8.36199,54.986802],[8.351573,54.966742],[8.354503,54.912746],[8.436534,54.887274],[8.65447,54.893622],[8.629405,54.882148],[8.504405,54.886176],[8.446056,54.866278],[8.377126,54.866278],[8.343923,54.879096],[8.30714,54.865383],[8.294932,54.831529],[8.295746,54.759101],[8.284434,54.742377]]],[[[10.684418,54.887844],[10.724457,54.886176],[10.717784,54.907294],[10.682953,54.907294],[10.697032,54.931342],[10.854991,55.04385],[10.895518,55.121527],[10.934255,55.159654],[10.956716,55.153713],[10.908946,55.030219],[10.837738,54.937242],[10.741059,54.752387],[10.71754,54.735785],[10.681895,54.744818],[10.656423,54.803656],[10.601085,54.838324],[10.64088,54.843207],[10.684418,54.887844]]],[[[11.533865,54.949449],[11.497895,54.979438],[11.560476,54.979478],[11.562918,54.9678],[11.533865,54.949449]]],[[[9.85377,54.899807],[9.780935,54.916815],[9.761241,54.943061],[9.758149,54.981757],[9.827403,54.945461],[9.847504,54.948188],[9.832774,54.965155],[9.842133,54.970282],[9.786794,55.000149],[9.799083,55.016547],[9.674164,55.021064],[9.668793,55.030219],[9.696625,55.050686],[9.645518,55.044867],[9.628429,55.058051],[9.716645,55.082221],[9.793468,55.080756],[9.853038,55.040107],[9.929047,55.02619],[9.986583,54.997748],[10.02589,54.959784],[10.065115,54.890815],[10.064464,54.881008],[9.968028,54.859524],[9.874278,54.886176],[9.90089,54.900702],[9.991547,54.872504],[9.943696,54.903632],[9.88795,54.91352],[9.85377,54.899807]]],[[[10.158376,55.086656],[10.065929,55.092231],[10.156016,55.140082],[10.094005,55.188422],[10.039317,55.180976],[10.003591,55.197333],[9.991547,55.188422],[9.994477,55.172797],[10.029145,55.142401],[10.025645,55.125718],[9.985525,55.127753],[9.98878,55.151842],[9.972016,55.184719],[9.979503,55.212836],[9.911388,55.228502],[9.883962,55.253485],[9.895356,55.28026],[9.881684,55.314439],[9.884776,55.348863],[9.802419,55.362372],[9.778087,55.380276],[9.840099,55.400092],[9.785492,55.413764],[9.819591,55.413764],[9.791026,55.43183],[9.737315,55.438178],[9.703461,55.468411],[9.786306,55.437201],[9.812185,55.441067],[9.71339,55.491034],[9.67628,55.495673],[9.68393,55.506049],[9.755138,55.544135],[9.809093,55.550279],[9.827403,55.548407],[9.840099,55.523627],[9.888194,55.508694],[10.237315,55.605536],[10.272146,55.605536],[10.279552,55.58511],[10.29363,55.58808],[10.293793,55.616116],[10.307628,55.618232],[10.4074,55.582953],[10.444184,55.553168],[10.518809,55.533433],[10.475271,55.531968],[10.470714,55.520209],[10.491222,55.503119],[10.419607,55.458808],[10.436046,55.442125],[10.471528,55.443061],[10.491222,55.465277],[10.609141,55.49258],[10.566905,55.523627],[10.569835,55.532416],[10.601085,55.516791],[10.61378,55.527899],[10.594249,55.578274],[10.614594,55.564602],[10.608572,55.612982],[10.656912,55.594875],[10.704112,55.550279],[10.709239,55.527045],[10.738129,55.509345],[10.742361,55.487494],[10.703949,55.471137],[10.5713,55.461249],[10.554047,55.442572],[10.594249,55.441067],[10.595958,55.459662],[10.682953,55.447903],[10.796641,55.358547],[10.82838,55.306586],[10.834321,55.290269],[10.796886,55.307685],[10.780284,55.304918],[10.77296,55.287095],[10.813324,55.235582],[10.812673,55.194281],[10.783376,55.124213],[10.733653,55.071845],[10.604747,55.062567],[10.538259,55.029731],[10.312755,55.063666],[10.234223,55.092231],[10.205251,55.093695],[10.197032,55.064276],[10.158376,55.086656]]],[[[11.869151,54.659613],[11.870616,54.680365],[11.910167,54.721666],[11.875824,54.729722],[11.882823,54.756415],[11.809093,54.804918],[11.793468,54.84455],[11.749685,54.873114],[11.742035,54.925442],[11.711436,54.948188],[11.759288,54.968085],[11.803966,54.948188],[11.837576,54.966132],[11.862478,54.96369],[11.882823,54.981757],[11.841807,55.030219],[11.72877,55.064276],[11.665538,55.066392],[11.615896,55.092231],[11.827485,55.050686],[11.717621,55.125718],[11.803966,55.134833],[11.806977,55.146877],[11.785411,55.157213],[11.728526,55.154771],[11.711436,55.167914],[11.734711,55.188666],[11.717621,55.208319],[11.695079,55.208075],[11.649425,55.180976],[11.423188,55.22191],[11.299978,55.208319],[11.320486,55.194648],[11.260997,55.200588],[11.238536,55.242418],[11.267833,55.235907],[11.286306,55.25609],[11.241954,55.248684],[11.241547,55.27851],[11.152843,55.328437],[11.188243,55.335273],[11.190115,55.345445],[11.142345,55.352281],[11.108165,55.331855],[11.087738,55.358547],[11.214203,55.403795],[11.16391,55.501899],[11.13559,55.515123],[11.080903,55.513088],[11.088552,55.53384],[11.13795,55.542914],[11.145681,55.576117],[11.087901,55.626939],[10.929942,55.667629],[11.087738,55.660142],[11.071056,55.676947],[10.98463,55.701117],[10.960216,55.724351],[10.875499,55.742743],[11.033051,55.729071],[11.162771,55.749498],[11.121837,55.736518],[11.163422,55.70539],[11.192638,55.700344],[11.218028,55.708564],[11.176443,55.729071],[11.190115,55.736518],[11.252208,55.729071],[11.364024,55.765123],[11.375662,55.807929],[11.348399,55.838324],[11.398448,55.826402],[11.44337,55.845771],[11.47755,55.841539],[11.505219,55.86872],[11.510509,55.908271],[11.477387,55.941352],[11.304535,55.967841],[11.272634,55.996568],[11.400564,55.961982],[11.599376,55.942084],[11.768321,55.970526],[11.779796,55.961859],[11.73878,55.920844],[11.750499,55.910386],[11.743988,55.903754],[11.711436,55.907172],[11.717621,55.920844],[11.663097,55.907172],[11.731619,55.830715],[11.717621,55.810981],[11.656261,55.810981],[11.607758,55.783026],[11.73878,55.797349],[11.762706,55.749498],[11.657237,55.730862],[11.684337,55.721625],[11.746349,55.731024],[11.794444,55.687934],[11.779796,55.660142],[11.855479,55.732815],[11.841807,55.756415],[11.869151,55.804755],[11.937348,55.825263],[11.953624,55.853502],[11.909516,55.915473],[11.91684,55.934516],[11.934744,55.933661],[11.99822,55.902818],[11.992035,55.873725],[12.031261,55.816596],[12.051931,55.73664],[12.026134,55.715399],[11.972667,55.721422],[11.958181,55.693427],[11.910167,55.660142],[11.959158,55.665107],[12.00115,55.698676],[12.040375,55.674465],[12.009288,55.680487],[12.011404,55.669013],[12.060313,55.653998],[12.095063,55.729071],[12.026134,55.941352],[11.992442,55.960598],[11.865489,55.939358],[11.848643,55.948188],[11.865571,55.972724],[12.245128,56.12873],[12.328461,56.126899],[12.414887,56.099026],[12.486095,56.099026],[12.621918,56.043769],[12.512706,55.92829],[12.554454,55.88288],[12.602224,55.797349],[12.587901,55.729071],[12.602224,55.708564],[12.487153,55.609849],[12.403575,55.619208],[12.331309,55.595404],[12.24822,55.546129],[12.19809,55.487494],[12.224864,55.434882],[12.273448,55.410224],[12.368826,55.400092],[12.434744,55.363674],[12.465017,55.290269],[12.392426,55.255316],[12.182791,55.2272],[12.121104,55.191067],[12.10906,55.170722],[12.115001,55.153713],[12.098969,55.141425],[12.08074,55.146877],[12.088145,55.168362],[12.076671,55.181952],[12.056407,55.185696],[12.014659,55.167467],[12.012462,55.157131],[12.046641,55.140082],[12.16863,55.128485],[12.171397,55.095445],[12.1185,55.073554],[12.163341,55.023383],[12.162283,55.004381],[12.03297,54.968085],[11.910167,55.009711],[11.91684,55.002875],[11.897146,54.995429],[11.901541,54.976386],[11.882823,54.940823],[11.918468,54.921942],[11.931163,54.92772],[11.923676,54.940823],[11.957856,54.948188],[12.023936,54.898017],[12.096446,54.898098],[12.170177,54.838324],[12.067149,54.786811],[12.022716,54.735297],[11.960704,54.694078],[11.969005,54.56977],[11.928233,54.58397],[11.869151,54.659613]]],[[[8.408214,55.468411],[8.411957,55.438707],[8.46339,55.427436],[8.450206,55.393378],[8.47641,55.345445],[8.451671,55.339748],[8.425304,55.355536],[8.370942,55.427436],[8.364268,55.449042],[8.37436,55.463284],[8.408214,55.468411]]],[[[10.32602,55.762356],[10.313162,55.742336],[10.238048,55.752753],[10.29477,55.763373],[10.313162,55.788398],[10.32602,55.762356]]],[[[10.669281,55.880032],[10.628266,55.845771],[10.614594,55.776842],[10.582205,55.759752],[10.54713,55.765204],[10.520274,55.78856],[10.511567,55.825263],[10.517263,55.845526],[10.57309,55.878852],[10.580251,55.911526],[10.515391,55.951239],[10.518565,55.976142],[10.556814,55.995795],[10.56422,55.953843],[10.580251,55.93651],[10.628266,55.920844],[10.615408,55.900336],[10.62143,55.879869],[10.638682,55.866116],[10.669281,55.880032]]],[[[11.649425,56.729641],[11.56422,56.677436],[11.524587,56.684719],[11.509532,56.71015],[11.649425,56.729641]]],[[[8.545258,56.791083],[8.643809,56.808051],[8.668793,56.825832],[8.621104,56.832017],[8.655121,56.866848],[8.651622,56.894192],[8.81365,56.910346],[8.867442,56.962958],[8.890391,56.95482],[8.91627,56.979071],[8.928884,56.97663],[8.908458,56.948717],[8.922699,56.922024],[8.900401,56.874823],[8.88795,56.866848],[8.867442,56.89411],[8.836436,56.869289],[8.855154,56.81977],[8.881114,56.805365],[8.853282,56.797838],[8.867442,56.791083],[8.839122,56.75727],[8.771251,56.715969],[8.766124,56.698717],[8.648448,56.681057],[8.586274,56.736477],[8.514659,56.738227],[8.522797,56.755072],[8.553233,56.768134],[8.545258,56.791083]]],[[[10.854991,57.270901],[11.027723,57.320691],[11.169932,57.332709],[11.197276,57.313381],[11.189113,57.294283],[11.143231,57.301351],[11.06658,57.291327],[11.094165,57.268996],[11.091101,57.252784],[11.028835,57.201914],[10.997905,57.19791],[10.951815,57.23373],[10.888799,57.245344],[10.854991,57.270901]]],[[[11.781505,57.631374],[11.736339,57.636379],[11.727468,57.646674],[11.778412,57.655585],[11.781505,57.631374]]],[[[11.62908,57.729926],[11.663015,57.707546],[11.654226,57.699937],[11.670584,57.67829],[11.610281,57.69595],[11.639415,57.700751],[11.62908,57.729926]]],[[[11.558767,57.886623],[11.599213,57.899319],[11.64088,57.877997],[11.587006,57.846462],[11.588471,57.861233],[11.55714,57.871243],[11.598318,57.882717],[11.558767,57.886623]]],[[[11.533702,57.95067],[11.515636,58.0008],[11.567556,58.003892],[11.505626,58.013007],[11.50587,58.046047],[11.659679,58.045478],[11.716563,58.064521],[11.73878,58.058539],[11.745616,58.031195],[11.731944,57.997707],[11.710216,57.992906],[11.711436,58.011379],[11.695079,58.015082],[11.650645,57.95539],[11.618907,57.95425],[11.594737,57.935614],[11.533702,57.95067]]],[[[11.451182,58.097073],[11.406586,58.13109],[11.408865,58.145697],[11.527843,58.212795],[11.601573,58.23725],[11.663097,58.23725],[11.660004,58.258124],[11.677419,58.271389],[11.669932,58.285102],[11.686371,58.291205],[11.73878,58.285102],[11.749848,58.262885],[11.806977,58.230414],[11.813731,58.211371],[11.804698,58.125718],[11.708181,58.098212],[11.654633,58.107978],[11.628917,58.100084],[11.612315,58.118598],[11.585297,58.123114],[11.533946,58.106879],[11.516287,58.086005],[11.463878,58.106879],[11.463878,58.07217],[11.451182,58.097073]]],[[[6.612966,58.236233],[6.632009,58.220404],[6.622406,58.196275],[6.583181,58.202908],[6.559255,58.227932],[6.551768,58.21133],[6.534679,58.215033],[6.519867,58.242011],[6.612966,58.236233]]],[[[11.000987,58.897325],[10.987966,58.910712],[11.015636,58.916775],[11.023855,58.897528],[11.059744,58.895046],[11.051036,58.886501],[11.066254,58.871121],[11.038585,58.865831],[11.003184,58.884426],[10.991628,58.871039],[10.990245,58.891995],[11.000987,58.897325]]],[[[11.034353,59.088935],[11.039806,59.074408],[11.075694,59.080471],[11.082367,59.067857],[11.051606,59.046129],[11.046397,59.026801],[11.01824,59.019355],[10.991466,59.033596],[10.993175,59.076646],[11.034353,59.088935]]],[[[10.957856,59.075507],[10.966075,59.03856],[10.945649,59.0303],[10.921967,59.058051],[10.93922,59.083767],[10.957856,59.075507]]],[[[10.425792,59.080308],[10.42156,59.09809],[10.42921,59.117987],[10.434662,59.086778],[10.44988,59.094102],[10.450531,59.064602],[10.425792,59.080308]]],[[[10.85727,59.099066],[10.910492,59.116441],[10.914399,59.100735],[10.877452,59.071234],[10.845714,59.075751],[10.829112,59.099433],[10.855479,59.115383],[10.867931,59.113267],[10.85727,59.099066]]],[[[10.538259,59.213121],[10.54363,59.219713],[10.561046,59.215725],[10.560639,59.208441],[10.538259,59.213121]]],[[[10.516368,59.392035],[10.538259,59.384141],[10.533376,59.366645],[10.511729,59.379177],[10.516368,59.392035]]],[[[12.621267,35.492336],[12.555675,35.508043],[12.526134,35.516669],[12.623709,35.511908],[12.621267,35.492336]]],[[[12.872569,35.852281],[12.850922,35.855902],[12.847016,35.868313],[12.867035,35.87226],[12.872569,35.852281]]],[[[14.322032,35.973131],[14.377289,35.993638],[14.349376,35.973131],[14.428477,35.965725],[14.507823,35.928534],[14.513927,35.900824],[14.548025,35.890041],[14.563162,35.870022],[14.561778,35.82982],[14.548025,35.836005],[14.527517,35.801215],[14.381521,35.842963],[14.342621,35.880683],[14.338227,35.946967],[14.322032,35.973131]]],[[[14.350597,36.009508],[14.324636,36.003445],[14.321788,36.016995],[14.33253,36.018866],[14.350597,36.009508]]],[[[14.241466,36.014635],[14.184906,36.034613],[14.183604,36.064765],[14.256602,36.075588],[14.334239,36.034369],[14.241466,36.014635]]],[[[15.213064,37.761461],[15.220225,37.706732],[15.202159,37.68537],[15.163829,37.567694],[15.09669,37.494452],[15.092052,37.360541],[15.110688,37.321845],[15.217459,37.28498],[15.251964,37.257717],[15.261241,37.233832],[15.244884,37.246161],[15.220225,37.22016],[15.22169,37.237454],[15.205414,37.244696],[15.192882,37.239976],[15.199067,37.227607],[15.183442,37.207465],[15.216482,37.155219],[15.247569,37.158677],[15.229177,37.149644],[15.246593,37.118232],[15.303233,37.101223],[15.302745,37.062486],[15.287934,37.068996],[15.283702,37.048407],[15.321056,37.040229],[15.332367,37.011623],[15.30893,37.017768],[15.268077,37.000434],[15.268077,36.97309],[15.174653,36.944078],[15.158376,36.924221],[15.094005,36.799547],[15.134288,36.675198],[15.093923,36.654934],[15.007172,36.702786],[14.982432,36.68887],[14.882172,36.730658],[14.780772,36.699368],[14.744314,36.719143],[14.684581,36.72602],[14.658946,36.753811],[14.582205,36.781317],[14.487315,36.793362],[14.394542,36.945014],[14.278819,37.044013],[14.126313,37.11225],[13.894379,37.100816],[13.832693,37.139553],[13.715831,37.171373],[13.569184,37.273505],[13.452647,37.298814],[13.278005,37.393704],[13.253266,37.431789],[13.174083,37.487006],[13.051524,37.500678],[13.026378,37.493232],[13.000011,37.535468],[12.942638,37.568508],[12.862153,37.576402],[12.659353,37.565131],[12.57781,37.652004],[12.506196,37.665513],[12.427013,37.797024],[12.427419,37.809272],[12.465017,37.822821],[12.478689,37.881171],[12.464122,37.912909],[12.50294,37.997056],[12.492931,38.02143],[12.576345,38.071723],[12.608409,38.062405],[12.651622,38.091498],[12.662446,38.116278],[12.7046,38.110826],[12.725352,38.125922],[12.7199,38.175482],[12.731781,38.192776],[12.737804,38.180976],[12.760916,38.180976],[12.81837,38.077948],[12.901134,38.028062],[12.944184,38.032864],[13.061371,38.083482],[13.0713,38.095526],[13.054698,38.141832],[13.089366,38.166002],[13.083751,38.174709],[13.100922,38.19009],[13.207205,38.176093],[13.230317,38.184638],[13.239024,38.207017],[13.318126,38.220649],[13.32838,38.200181],[13.371918,38.172797],[13.391368,38.103176],[13.51352,38.110541],[13.54127,38.094062],[13.547374,38.05622],[13.651134,38.000963],[13.711925,37.987942],[13.705089,37.980455],[13.790782,37.973619],[14.020518,38.049384],[14.083263,38.02383],[14.151378,38.028876],[14.273204,38.015123],[14.384613,38.029527],[14.431895,38.049384],[14.464122,38.037177],[14.511729,38.044379],[14.634613,38.081488],[14.733735,38.15762],[14.798106,38.160346],[14.907074,38.18769],[14.944998,38.181789],[14.969737,38.159247],[15.049001,38.151801],[15.087901,38.128241],[15.177419,38.156317],[15.240733,38.241156],[15.237153,38.264797],[15.245372,38.217231],[15.29184,38.207017],[15.399669,38.232571],[15.528656,38.302639],[15.651622,38.275295],[15.569672,38.226955],[15.559906,38.199774],[15.575938,38.200181],[15.500336,38.084947],[15.392589,37.976142],[15.266287,37.811916],[15.213064,37.761461]]],[[[12.368826,37.925238],[12.357677,37.914049],[12.299653,37.919257],[12.273204,37.939521],[12.31422,37.946357],[12.368826,37.925238]]],[[[12.047618,37.960761],[12.035981,37.991034],[12.064464,37.986233],[12.079275,37.950263],[12.047618,37.960761]]],[[[14.945323,38.412258],[14.966319,38.432929],[14.966319,38.418687],[14.993663,38.403022],[15.007335,38.377672],[14.986827,38.364081],[14.948253,38.39643],[14.945323,38.412258]]],[[[14.909679,38.515326],[14.966075,38.516262],[14.958832,38.501858],[14.97934,38.481391],[14.952647,38.481391],[14.966319,38.453437],[14.948741,38.450914],[14.899425,38.481676],[14.909679,38.515326]]],[[[14.346446,38.535142],[14.342784,38.547268],[14.357188,38.551215],[14.36085,38.539049],[14.346446,38.535142]]],[[[14.861664,38.539293],[14.793793,38.571601],[14.85141,38.584906],[14.876964,38.569525],[14.861664,38.539293]]],[[[14.58546,38.55744],[14.551606,38.561591],[14.542491,38.586859],[14.57602,38.576646],[14.58546,38.55744]]],[[[13.153494,38.69477],[13.169281,38.717271],[13.197439,38.708319],[13.176768,38.69302],[13.153494,38.69477]]],[[[15.22462,38.776801],[15.206065,38.775214],[15.187022,38.792711],[15.212087,38.810452],[15.23463,38.807807],[15.22462,38.776801]]],[[[14.262136,40.553982],[14.208344,40.53795],[14.195974,40.541164],[14.210134,40.560981],[14.262136,40.553982]]],[[[13.890147,40.694159],[13.849132,40.715277],[13.870128,40.748725],[13.862804,40.762397],[13.965831,40.735053],[13.965831,40.715277],[13.944672,40.701606],[13.890147,40.694159]]],[[[14.030691,40.764268],[14.0171,40.73725],[14.000987,40.743964],[14.013113,40.769232],[14.030691,40.764268]]],[[[13.414724,40.785875],[13.418956,40.7956],[13.431977,40.801459],[13.426931,40.790839],[13.414724,40.785875]]],[[[12.948497,40.917914],[12.991791,40.933173],[12.968598,40.91946],[12.966482,40.893052],[12.951996,40.881537],[12.942068,40.899807],[12.948497,40.917914]]],[[[12.851573,40.941392],[12.861664,40.930691],[12.850434,40.926011],[12.851573,40.941392]]],[[[13.060964,40.965237],[13.053559,40.974351],[13.062185,40.975531],[13.060964,40.965237]]],[[[15.478201,42.113471],[15.489106,42.124538],[15.496755,42.116034],[15.484711,42.101426],[15.478201,42.113471]]],[[[15.60377,43.674709],[15.650157,43.673041],[15.678884,43.648017],[15.740408,43.627509],[15.672048,43.637437],[15.60377,43.674709]]],[[[15.696951,43.681423],[15.703787,43.689073],[15.67449,43.717068],[15.726329,43.690009],[15.719819,43.672797],[15.696951,43.681423]]],[[[15.610037,43.809109],[15.640961,43.797838],[15.666026,43.766466],[15.631114,43.77143],[15.567475,43.832017],[15.586274,43.822943],[15.594737,43.831448],[15.610037,43.809109]]],[[[15.327973,43.796332],[15.247895,43.849026],[15.227794,43.874457],[15.240733,43.880764],[15.395681,43.772406],[15.327973,43.796332]]],[[[15.446056,43.887519],[15.358653,43.919379],[15.356781,43.93537],[15.309581,43.958441],[15.261241,44.011054],[15.384044,43.97016],[15.391612,43.942206],[15.426768,43.922065],[15.446056,43.887519]]],[[[15.121349,43.912584],[15.003103,44.052314],[14.870128,44.140815],[14.84962,44.175605],[14.939138,44.127143],[14.954438,44.103217],[15.007335,44.093004],[15.000499,44.079413],[15.022716,44.072211],[15.041352,44.026435],[15.220225,43.90119],[15.195486,43.895209],[15.133311,43.92121],[15.196788,43.886379],[15.194509,43.872626],[15.121349,43.912584]]],[[[15.072927,44.080756],[15.147227,44.025621],[15.159434,43.998928],[15.077566,44.053087],[15.072927,44.080756]]],[[[15.254405,44.01789],[15.223318,44.050279],[15.206554,44.045233],[15.199067,44.058824],[15.189138,44.047797],[15.121837,44.092231],[15.068696,44.133979],[15.075531,44.140815],[15.062511,44.161933],[15.225759,44.06623],[15.247081,44.046698],[15.254405,44.01789]]],[[[14.822439,44.168687],[14.869151,44.14053],[14.835216,44.141669],[14.819835,44.153022],[14.822439,44.168687]]],[[[14.739594,44.280178],[14.759776,44.29206],[14.789724,44.266913],[14.748546,44.261664],[14.739594,44.280178]]],[[[15.116873,44.281684],[15.08782,44.298936],[15.069347,44.285875],[15.043468,44.289659],[15.025483,44.31509],[15.045502,44.32567],[15.137218,44.288316],[15.116873,44.281684]]],[[[14.613455,44.340806],[14.6574,44.305243],[14.595063,44.347113],[14.613455,44.340806]]],[[[14.756196,44.364],[14.76824,44.384223],[14.763438,44.415351],[14.79477,44.414496],[14.811209,44.350043],[14.785167,44.346869],[14.756196,44.364]]],[[[14.70102,44.357204],[14.661469,44.399807],[14.672293,44.412258],[14.701671,44.401597],[14.702078,44.377956],[14.723074,44.351711],[14.70102,44.357204]]],[[[14.888357,44.456244],[14.960867,44.400092],[14.892914,44.44184],[14.888357,44.456244]]],[[[15.014171,44.518744],[14.911143,44.552314],[14.965994,44.523871],[15.048025,44.439439],[15.09669,44.415188],[15.064952,44.437934],[15.041515,44.47663],[15.083263,44.461859],[15.254405,44.340033],[15.235118,44.336249],[15.16505,44.367377],[15.215831,44.338121],[15.227061,44.326361],[15.206554,44.326361],[15.220225,44.31273],[15.13087,44.332587],[15.172374,44.29914],[15.128754,44.311998],[15.09669,44.340033],[15.110362,44.353705],[15.089203,44.374213],[15.117198,44.387193],[15.083018,44.401516],[15.049001,44.39468],[15.020763,44.429999],[14.897472,44.490912],[14.91863,44.504543],[14.876964,44.55976],[14.761485,44.658637],[14.733653,44.703192],[14.845225,44.600531],[14.8838,44.579657],[14.880138,44.609198],[14.938243,44.594143],[15.003917,44.536078],[15.041189,44.527493],[15.075531,44.484076],[15.007335,44.504543],[15.014171,44.518744]]],[[[14.315522,44.508246],[14.298676,44.496405],[14.2824,44.522284],[14.302013,44.518175],[14.315522,44.508246]]],[[[14.382579,44.603258],[14.349376,44.655341],[14.335785,44.716783],[14.397472,44.685614],[14.390391,44.662177],[14.410004,44.600979],[14.526622,44.50373],[14.534353,44.484076],[14.511974,44.482245],[14.485037,44.500637],[14.438162,44.538642],[14.466075,44.538642],[14.422618,44.573879],[14.363048,44.573432],[14.382579,44.603258]]],[[[14.28004,44.667792],[14.257335,44.656724],[14.271169,44.612535],[14.232595,44.626044],[14.244151,44.661444],[14.265798,44.679511],[14.28004,44.667792]]],[[[14.726817,44.798774],[14.685802,44.847154],[14.726817,44.840277],[14.719981,44.854641],[14.753266,44.845852],[14.740489,44.820502],[14.822439,44.77143],[14.851248,44.737291],[14.85906,44.717353],[14.84962,44.703192],[14.740489,44.778266],[14.75408,44.757758],[14.699474,44.765204],[14.657888,44.798774],[14.70574,44.792548],[14.699474,44.813056],[14.726817,44.798774]]],[[[14.361583,44.815985],[14.329845,44.83393],[14.314138,44.893785],[14.2942,44.908637],[14.301524,44.922309],[14.292491,44.940334],[14.325206,44.93651],[14.35963,44.908637],[14.38738,44.909003],[14.397227,44.929104],[14.39031,44.960395],[14.404063,44.94953],[14.411388,44.956366],[14.37672,44.986884],[14.340831,45.055609],[14.278494,45.113349],[14.299571,45.16234],[14.331879,45.175849],[14.364106,45.15762],[14.363048,45.093573],[14.387706,45.039049],[14.417654,44.997992],[14.473481,44.971422],[14.451915,44.922309],[14.451915,44.850898],[14.466563,44.804836],[14.451915,44.798774],[14.472911,44.765204],[14.472179,44.707953],[14.513927,44.662177],[14.508556,44.645331],[14.527517,44.647895],[14.527354,44.627143],[14.472992,44.620266],[14.427908,44.656562],[14.394542,44.707587],[14.397227,44.751614],[14.368175,44.761054],[14.361583,44.815985]]],[[[13.773855,44.915269],[13.77768,44.902493],[13.761078,44.90351],[13.747325,44.8876],[13.750092,44.913153],[13.735444,44.923936],[13.773855,44.915269]]],[[[14.767996,44.917792],[14.773285,44.933661],[14.807058,44.920478],[14.835785,44.886827],[14.767996,44.917792]]],[[[14.547537,44.960883],[14.490326,44.977729],[14.485769,44.983629],[14.52768,44.985989],[14.547537,44.960883]]],[[[14.476329,45.128363],[14.530121,45.134833],[14.521251,45.14883],[14.539561,45.170396],[14.536876,45.201728],[14.549815,45.221422],[14.534353,45.237535],[14.563324,45.249742],[14.595876,45.237535],[14.583995,45.23017],[14.62379,45.175482],[14.597423,45.166449],[14.665294,45.161811],[14.665294,45.087348],[14.740489,45.073065],[14.740001,45.044338],[14.799815,45.005194],[14.814952,44.977484],[14.784679,44.969306],[14.760916,44.977484],[14.747244,44.970038],[14.756847,44.948717],[14.723399,44.943345],[14.628917,44.978176],[14.62086,45.0456],[14.603282,45.038967],[14.616954,45.024644],[14.485362,45.038031],[14.425059,45.087348],[14.462657,45.10102],[14.476329,45.128363]]],[[[12.389171,45.433539],[12.430919,45.415676],[12.376231,45.422553],[12.321462,45.348009],[12.352061,45.405463],[12.389171,45.433539]]],[[[12.320649,45.429836],[12.329845,45.458808],[12.36378,45.449652],[12.362071,45.438137],[12.320649,45.429836]]],[[[12.396088,45.449408],[12.375173,45.453803],[12.414073,45.47309],[12.418386,45.468736],[12.396088,45.449408]]],[[[13.651134,54.297187],[13.711925,54.331855],[13.616954,54.317613],[13.690929,54.351752],[13.650076,54.352444],[13.626801,54.339097],[13.599294,54.351752],[13.499685,54.344916],[13.428884,54.31094],[13.406098,54.285224],[13.35963,54.275458],[13.355724,54.248725],[13.369395,54.255561],[13.363129,54.263007],[13.417735,54.266059],[13.423025,54.232733],[13.407237,54.228217],[13.311534,54.251125],[13.335216,54.283515],[13.307872,54.269192],[13.314708,54.263007],[13.267914,54.256496],[13.210134,54.275824],[13.199229,54.28441],[13.204845,54.297187],[13.149669,54.290269],[13.148936,54.304755],[13.177501,54.310207],[13.115489,54.33808],[13.148936,54.377265],[13.174327,54.383979],[13.223318,54.372504],[13.266856,54.385891],[13.239268,54.393622],[13.239024,54.420071],[13.211599,54.431098],[13.156993,54.426825],[13.181814,54.45303],[13.259532,54.468451],[13.273123,54.482123],[13.233246,54.493069],[13.232758,54.516262],[13.185395,54.508287],[13.166026,54.51911],[13.158865,54.540676],[13.143403,54.542914],[13.259532,54.553778],[13.288259,54.539944],[13.297862,54.51968],[13.309255,54.534817],[13.301036,54.55036],[13.369395,54.58515],[13.342052,54.55036],[13.363129,54.542914],[13.348888,54.523668],[13.3838,54.531887],[13.389822,54.542914],[13.363129,54.55036],[13.37672,54.564643],[13.417328,54.524563],[13.410899,54.509426],[13.430675,54.492743],[13.507091,54.488267],[13.499685,54.495754],[13.520763,54.523668],[13.499685,54.557196],[13.520763,54.570787],[13.441417,54.557196],[13.369151,54.612128],[13.273285,54.56094],[13.253266,54.564643],[13.256847,54.594916],[13.293468,54.642279],[13.224783,54.634955],[13.230968,54.653306],[13.253591,54.665025],[13.390798,54.688178],[13.445079,54.68008],[13.382986,54.636379],[13.407725,54.593411],[13.466319,54.57689],[13.595958,54.591376],[13.640473,54.585679],[13.670665,54.56623],[13.677257,54.540473],[13.57545,54.471869],[13.609548,54.413804],[13.698253,54.392076],[13.741954,54.350491],[13.766449,54.344916],[13.730154,54.31684],[13.723155,54.278388],[13.690929,54.283515],[13.711925,54.286566],[13.711925,54.303941],[13.651134,54.297187]]],[[[13.149669,54.591376],[13.149669,54.577704],[13.143403,54.598131],[13.118907,54.586412],[13.10255,54.529934],[13.075043,54.509426],[13.061371,54.468451],[13.06422,54.505113],[13.102306,54.596096],[13.151052,54.604926],[13.157074,54.587958],[13.149669,54.591376]]],[[[12.129161,54.954413],[12.177013,54.968085],[12.177013,54.989203],[12.232188,54.975531],[12.286876,54.989203],[12.281261,55.007148],[12.2942,55.023383],[12.252696,55.04385],[12.247569,55.05386],[12.261974,55.064276],[12.335297,55.033271],[12.504731,55.019761],[12.537608,55.002387],[12.553722,54.968085],[12.526215,54.948676],[12.348399,54.960028],[12.28004,54.934556],[12.207774,54.886176],[12.115001,54.907294],[12.149099,54.940823],[12.129161,54.954413]]],[[[14.780833,55.051128],[14.684173,55.101347],[14.697045,55.122654],[14.70574,55.225653],[14.760916,55.309272],[14.851422,55.2482],[14.926799,55.215799],[14.973399,55.216132],[15.000499,55.188422],[15.151378,55.133205],[15.137706,55.119534],[15.144705,55.087104],[15.106619,55.044664],[15.113242,55.018295],[15.072666,54.991638],[14.98287,55.001013],[14.780833,55.051128]]],[[[15.190766,55.319119],[15.193858,55.319688],[15.193207,55.315945],[15.190766,55.319119]]],[[[12.639415,55.578274],[12.556326,55.550482],[12.520518,55.596747],[12.520193,55.619208],[12.608409,55.701117],[12.673839,55.605536],[12.639415,55.578274]]],[[[12.783946,55.617133],[12.766694,55.607367],[12.734467,55.635606],[12.752778,55.669053],[12.779633,55.660875],[12.783946,55.617133]]],[[[12.703461,55.91828],[12.724294,55.901801],[12.703136,55.88935],[12.67156,55.912828],[12.703461,55.91828]]],[[[14.847423,56.000556],[14.835378,56.006293],[14.833995,56.017808],[14.854828,56.013332],[14.847423,56.000556]]],[[[15.726899,56.118354],[15.700857,56.105658],[15.696788,56.074286],[15.651134,56.089993],[15.642345,56.104641],[15.669119,56.123928],[15.726899,56.118354]]],[[[15.437511,56.10692],[15.455007,56.1199],[15.48878,56.122219],[15.464936,56.095771],[15.437511,56.10692]]],[[[15.561127,56.106147],[15.521495,56.102729],[15.513927,56.110541],[15.533783,56.129299],[15.557709,56.125474],[15.561127,56.106147]]],[[[15.627778,56.103502],[15.608572,56.097886],[15.593679,56.110378],[15.628835,56.134914],[15.627778,56.103502]]],[[[14.974783,56.122829],[14.973888,56.110826],[14.953949,56.122992],[14.963959,56.121446],[14.974783,56.122829]]],[[[15.400564,56.145087],[15.39324,56.162543],[15.406749,56.155544],[15.400564,56.145087]]],[[[16.338471,42.377509],[16.340099,42.375881],[16.339203,42.375515],[16.338471,42.377509]]],[[[16.336111,42.377997],[16.335378,42.379381],[16.336681,42.378607],[16.336111,42.377997]]],[[[16.270356,42.386827],[16.271332,42.388048],[16.271983,42.386094],[16.270356,42.386827]]],[[[16.275564,42.38935],[16.276052,42.387926],[16.274506,42.387966],[16.275564,42.38935]]],[[[16.259451,42.393948],[16.266856,42.389797],[16.257986,42.390001],[16.259451,42.393948]]],[[[17.836681,42.753079],[17.898692,42.732937],[17.915863,42.713202],[17.905447,42.700588],[17.845063,42.732082],[17.836681,42.753079]]],[[[17.597504,42.749823],[17.590668,42.742987],[17.658946,42.742987],[17.748871,42.694566],[17.385916,42.770941],[17.37379,42.759996],[17.323741,42.790839],[17.392345,42.801703],[17.371593,42.790839],[17.486013,42.782172],[17.597504,42.749823]]],[[[16.936371,42.75552],[16.905447,42.731757],[16.858165,42.742987],[16.834321,42.730943],[16.809825,42.749823],[16.824067,42.764065],[16.802989,42.763495],[16.810232,42.775336],[16.858165,42.784003],[16.921072,42.777167],[16.936371,42.75552]]],[[[16.53419,42.762885],[16.494151,42.747667],[16.486176,42.751654],[16.506928,42.771593],[16.53419,42.762885]]],[[[16.674815,42.992906],[16.824067,42.962104],[17.032074,42.982611],[17.131847,42.96955],[17.200206,42.92178],[17.107432,42.914293],[16.972911,42.926703],[16.85141,42.900702],[16.691417,42.928209],[16.672618,42.92178],[16.638438,42.93476],[16.706798,42.96955],[16.631684,42.982611],[16.674815,42.992906]]],[[[16.015798,42.986762],[16.018077,42.957261],[15.992931,42.952297],[16.002778,42.992621],[16.015798,42.986762]]],[[[15.721365,43.018134],[15.750011,43.03323],[15.76588,43.031399],[15.750255,43.017076],[15.721365,43.018134]]],[[[16.130219,43.088446],[16.199718,43.079413],[16.192882,43.071967],[16.249848,43.079413],[16.254893,43.068549],[16.210297,43.033271],[16.121349,43.013373],[16.063162,43.017401],[16.084483,43.025946],[16.087087,43.041409],[16.048839,43.065172],[16.130219,43.088446]]],[[[16.738536,43.086819],[16.716238,43.081814],[16.660004,43.089464],[16.694916,43.099229],[16.738536,43.086819]]],[[[16.583263,43.188666],[16.520518,43.22899],[16.659516,43.215969],[16.693126,43.188666],[16.68629,43.18183],[16.727712,43.164618],[16.864431,43.16885],[16.896739,43.154771],[17.155284,43.140326],[17.19337,43.127265],[16.670177,43.125474],[16.559825,43.142971],[16.371593,43.195502],[16.49643,43.218085],[16.554942,43.187934],[16.583263,43.188666]]],[[[16.796153,43.346381],[16.830333,43.346381],[16.892345,43.312201],[16.846202,43.273383],[16.628266,43.263739],[16.500743,43.284247],[16.421886,43.317572],[16.405772,43.332709],[16.42628,43.325181],[16.439789,43.332709],[16.434906,43.346422],[16.453461,43.353176],[16.42628,43.39411],[16.447032,43.394843],[16.493907,43.38231],[16.687673,43.377021],[16.809825,43.353176],[16.796153,43.346381]]],[[[16.348643,43.33869],[16.207042,43.387274],[16.213227,43.39411],[16.20045,43.40705],[16.277029,43.411933],[16.298188,43.403632],[16.302745,43.387274],[16.329845,43.389716],[16.391449,43.346381],[16.375987,43.333441],[16.348643,43.33869]]],[[[16.170421,43.436062],[16.129731,43.428005],[16.112722,43.433458],[16.137543,43.458523],[16.165375,43.449734],[16.170421,43.436062]]],[[[16.375255,43.49018],[16.230642,43.483222],[16.211762,43.495551],[16.2435,43.49494],[16.264415,43.512885],[16.375255,43.49018]]],[[[15.841645,43.707302],[15.868419,43.662584],[15.824067,43.700019],[15.841645,43.707302]]],[[[15.773041,56.021755],[15.788829,56.036078],[15.782319,56.02733],[15.809825,56.032335],[15.788748,56.012397],[15.773041,56.021755]]],[[[15.76352,56.108873],[15.714692,56.132636],[15.718761,56.138332],[15.773448,56.133938],[15.76352,56.108873]]],[[[16.93393,57.017564],[16.871267,56.969184],[16.883067,56.916246],[16.858165,56.896796],[16.841807,56.844062],[16.830333,56.825832],[16.768728,56.79678],[16.682791,56.593492],[16.636974,56.559719],[16.638438,56.524156],[16.575857,56.405748],[16.566417,56.346137],[16.541189,56.306138],[16.490896,56.239569],[16.428477,56.217963],[16.412608,56.229315],[16.412608,56.270941],[16.398936,56.298245],[16.414073,56.402777],[16.391449,56.458686],[16.398936,56.544664],[16.419444,56.585639],[16.62086,56.87226],[16.731293,56.903998],[16.79363,57.003852],[16.888357,57.118232],[16.909923,57.202216],[16.959239,57.230699],[16.966482,57.304592],[17.035818,57.352769],[17.065278,57.357733],[17.081879,57.341376],[17.104015,57.352769],[17.124522,57.319281],[17.075531,57.305121],[17.042003,57.270901],[17.066254,57.226711],[17.04949,57.1883],[17.028168,57.181464],[17.01531,57.147935],[16.973481,57.104193],[16.960623,57.063218],[16.898611,57.038072],[16.93393,57.017564]]],[[[16.646332,57.098131],[16.580821,57.106024],[16.580414,57.119412],[16.646332,57.098131]]],[[[16.556977,57.176703],[16.566905,57.15941],[16.529063,57.153428],[16.535737,57.175076],[16.556977,57.176703]]],[[[16.79713,57.246324],[16.784679,57.251044],[16.790701,57.256781],[16.79713,57.246324]]],[[[18.80714,57.734442],[18.762462,57.617174],[18.810313,57.607327],[18.761404,57.507636],[18.776134,57.497463],[18.768809,57.481838],[18.803477,57.469428],[18.789806,57.448961],[18.908865,57.439154],[18.926117,57.418199],[18.92628,57.392646],[18.858165,57.394355],[18.801524,57.376207],[18.680431,57.310492],[18.666759,57.29678],[18.673676,57.277655],[18.710948,57.274319],[18.714122,57.242906],[18.591482,57.218695],[18.564464,57.209418],[18.578136,57.195746],[18.406423,57.143012],[18.385753,57.127427],[18.4546,57.127427],[18.359874,57.096137],[18.344737,57.08275],[18.337901,57.031236],[18.400076,57.003974],[18.344737,57.003974],[18.358409,56.989691],[18.321462,56.969062],[18.311534,56.948065],[18.203949,56.915188],[18.138682,56.922024],[18.203868,56.986274],[18.200857,57.017564],[18.265636,57.04149],[18.290212,57.092719],[18.223318,57.060289],[18.200857,57.065375],[18.225108,57.094916],[18.227306,57.107489],[18.214366,57.113837],[18.228038,57.133694],[18.185313,57.144843],[18.159841,57.229804],[18.099376,57.258979],[18.115571,57.297024],[18.165863,57.33161],[18.166026,57.367092],[18.17921,57.379543],[18.146169,57.408026],[18.113455,57.487982],[18.128184,57.548163],[18.325043,57.672593],[18.463064,57.803168],[18.550141,57.839423],[18.608653,57.83633],[18.640798,57.886176],[18.70045,57.921332],[18.757172,57.906155],[18.769298,57.887844],[18.764659,57.86518],[18.803477,57.825751],[18.81072,57.851223],[18.851899,57.891262],[18.837413,57.912177],[18.913341,57.921332],[18.89796,57.89765],[18.917247,57.888129],[18.94158,57.888821],[18.941254,57.902086],[18.956554,57.907782],[19.009532,57.908271],[19.002126,57.902086],[19.014008,57.881293],[19.085216,57.825751],[19.014985,57.822008],[18.986583,57.80744],[18.981619,57.770494],[18.948741,57.78266],[18.93214,57.752265],[18.941254,57.72956],[18.865245,57.723334],[18.820811,57.737006],[18.80714,57.734442]]],[[[16.681326,57.523871],[16.711599,57.510565],[16.719656,57.50137],[16.681326,57.523871]]],[[[16.702078,57.577338],[16.652029,57.580227],[16.659679,57.59752],[16.696056,57.60102],[16.70281,57.623399],[16.726736,57.619208],[16.727061,57.603013],[16.702078,57.577338]]],[[[16.722179,57.797716],[16.705496,57.77969],[16.655854,57.805162],[16.708344,57.809149],[16.722179,57.797716]]],[[[16.728852,57.853624],[16.786388,57.805447],[16.740245,57.810574],[16.72283,57.834418],[16.699555,57.839097],[16.728852,57.853624]]],[[[16.782481,58.105292],[16.812104,58.119778],[16.821544,58.111029],[16.812185,58.100694],[16.839041,58.098822],[16.8178,58.090888],[16.782481,58.105292]]],[[[16.915701,58.185085],[16.909353,58.198757],[16.923432,58.204983],[16.946951,58.185981],[16.915701,58.185085]]],[[[16.929861,58.25731],[16.907319,58.244859],[16.921479,58.269151],[16.929861,58.25731]]],[[[16.998871,58.249823],[17.017426,58.265448],[17.039724,58.26439],[17.036306,58.260281],[16.998871,58.249823]]],[[[16.880626,58.29328],[16.87908,58.280585],[16.855805,58.271877],[16.83253,58.304185],[16.8449,58.31037],[16.880626,58.29328]]],[[[16.785167,58.380072],[16.864268,58.397691],[16.828787,58.381537],[16.847179,58.372138],[16.830577,58.355943],[16.870291,58.333238],[16.918956,58.336371],[16.881847,58.317125],[16.827403,58.327541],[16.785167,58.380072]]],[[[16.978689,58.430121],[16.956554,58.413764],[16.949555,58.427029],[16.978689,58.430121]]],[[[16.964692,58.502509],[16.996511,58.491278],[16.973074,58.482164],[16.95281,58.490627],[16.964692,58.502509]]],[[[16.948253,58.506903],[16.908051,58.511705],[16.892263,58.527004],[16.923757,58.523057],[16.948253,58.506903]]],[[[17.485199,58.708767],[17.462657,58.701565],[17.463552,58.723049],[17.481863,58.718411],[17.485199,58.708767]]],[[[17.42628,58.751776],[17.468435,58.747178],[17.46697,58.760484],[17.478038,58.762112],[17.496918,58.74315],[17.470063,58.740668],[17.457856,58.720364],[17.442149,58.720038],[17.431407,58.732733],[17.446137,58.731798],[17.446462,58.741238],[17.42628,58.751776]]],[[[17.855968,58.773708],[17.867849,58.763088],[17.865408,58.736314],[17.854828,58.764757],[17.855968,58.773708]]],[[[17.699311,58.797227],[17.603933,58.833075],[17.596365,58.845974],[17.699311,58.797227]]],[[[17.706391,58.857082],[17.717214,58.832221],[17.695567,58.860907],[17.706391,58.857082]]],[[[17.858979,58.883938],[17.833832,58.855902],[17.861501,58.849311],[17.869151,58.810818],[17.849457,58.794542],[17.794444,58.797593],[17.813487,58.812445],[17.817312,58.876166],[17.850922,58.899563],[17.858979,58.883938]]],[[[18.134939,58.867743],[18.092296,58.861274],[18.138031,58.893256],[18.134939,58.867743]]],[[[18.145518,58.902615],[18.172862,58.938341],[18.213552,58.94066],[18.163178,58.907091],[18.145518,58.902615]]],[[[18.22641,58.944729],[18.357107,58.976996],[18.338878,58.957913],[18.289806,58.941392],[18.316417,58.926947],[18.216319,58.905585],[18.193614,58.911322],[18.22641,58.944729]]],[[[18.036306,58.973334],[18.022472,58.933621],[17.992035,58.932074],[18.036306,58.973334]]],[[[17.624278,58.963935],[17.648123,59.017524],[17.643891,59.061347],[17.663097,59.071967],[17.706309,59.008368],[17.704112,58.955268],[17.680675,58.92182],[17.691173,58.901801],[17.639171,58.930976],[17.640636,58.947659],[17.624278,58.963935]]],[[[18.052582,58.970649],[18.103526,59.02265],[18.216563,59.024482],[18.178722,59.01142],[18.198253,59.00967],[18.190196,58.993883],[18.145844,59.004381],[18.144705,58.969062],[18.098969,58.978827],[18.056651,58.959418],[18.052582,58.970649]]],[[[18.531505,59.032945],[18.510265,59.030341],[18.513357,59.050401],[18.544281,59.063422],[18.531505,59.032945]]],[[[18.143077,59.045111],[18.16741,59.058376],[18.186127,59.043687],[18.143077,59.045111]]],[[[18.344412,59.025702],[18.361583,59.039211],[18.351085,59.05683],[18.376313,59.063788],[18.374766,59.078355],[18.47934,59.116645],[18.490082,59.089423],[18.435883,59.04975],[18.413585,59.011664],[18.366547,59.009101],[18.344412,59.025702]]],[[[18.594086,59.08157],[18.597423,59.094794],[18.624034,59.105089],[18.60849,59.081407],[18.594086,59.08157]]],[[[18.737397,59.090766],[18.727794,59.098578],[18.761241,59.113145],[18.742035,59.101671],[18.737397,59.090766]]],[[[18.583995,59.134101],[18.596283,59.130439],[18.570323,59.124701],[18.583995,59.134101]]],[[[18.655447,59.18712],[18.649343,59.174669],[18.630056,59.171413],[18.643077,59.186062],[18.655447,59.18712]]],[[[18.750011,59.205146],[18.659679,59.176907],[18.665701,59.187934],[18.690929,59.208808],[18.750011,59.205146]]],[[[18.419119,59.210924],[18.405447,59.221829],[18.425059,59.219753],[18.419119,59.210924]]],[[[18.58782,59.225898],[18.615326,59.233995],[18.613455,59.224026],[18.58782,59.225898]]],[[[18.344737,59.299262],[18.523448,59.288642],[18.612315,59.258287],[18.539073,59.259955],[18.516124,59.271308],[18.517263,59.24901],[18.5324,59.241889],[18.578136,59.244615],[18.551606,59.225898],[18.520356,59.228664],[18.344737,59.299262]]],[[[18.810802,59.289252],[18.775157,59.252183],[18.722667,59.262397],[18.75766,59.294582],[18.810802,59.289252]]],[[[18.677501,59.299547],[18.676036,59.340277],[18.638031,59.367987],[18.69809,59.373603],[18.74171,59.350775],[18.741384,59.320014],[18.677501,59.299547]]],[[[18.209727,59.362372],[18.222423,59.351793],[18.212087,59.341498],[18.165538,59.340644],[18.122813,59.356757],[18.105317,59.377631],[18.122732,59.389106],[18.249278,59.366685],[18.209727,59.362372]]],[[[18.398448,59.405788],[18.382172,59.406521],[18.430675,59.392524],[18.373546,59.398301],[18.362397,59.419013],[18.396739,59.415147],[18.398448,59.405788]]],[[[18.316742,59.442776],[18.357107,59.426459],[18.303396,59.420233],[18.316742,59.442776]]],[[[18.730968,59.452338],[18.711681,59.441759],[18.642426,59.440294],[18.666352,59.45657],[18.726736,59.463039],[18.730968,59.452338]]],[[[18.714122,59.464179],[18.815196,59.482896],[18.826508,59.476874],[18.714122,59.464179]]],[[[18.550629,59.422593],[18.514415,59.490953],[18.538097,59.495551],[18.557384,59.482001],[18.577647,59.495063],[18.545421,59.502387],[18.592459,59.538764],[18.632498,59.549872],[18.688975,59.533393],[18.739106,59.540432],[18.632986,59.489651],[18.603282,59.493069],[18.594412,59.486884],[18.601817,59.456122],[18.578461,59.463935],[18.580903,59.430732],[18.550629,59.422593]]],[[[20.702159,37.754543],[20.619477,37.822821],[20.627696,37.857611],[20.619477,37.864407],[20.68572,37.929592],[20.708995,37.925238],[20.752452,37.854885],[20.777192,37.843329],[20.808849,37.849555],[20.885997,37.813951],[20.917979,37.765286],[20.986827,37.729885],[20.996349,37.699286],[20.954356,37.723863],[20.893891,37.733466],[20.843516,37.701565],[20.846853,37.653306],[20.815115,37.651516],[20.704356,37.738349],[20.702159,37.754543]]],[[[20.509776,38.179674],[20.435069,38.278795],[20.425304,38.175279],[20.380056,38.151801],[20.374034,38.169013],[20.345388,38.182115],[20.339041,38.200181],[20.356944,38.228583],[20.351573,38.245917],[20.3921,38.300116],[20.399913,38.364081],[20.406749,38.343573],[20.427257,38.363349],[20.479015,38.309475],[20.529796,38.33747],[20.539561,38.374213],[20.530935,38.392035],[20.55128,38.385159],[20.537771,38.473944],[20.571788,38.473944],[20.627696,38.343573],[20.599132,38.302639],[20.642914,38.253404],[20.681651,38.282131],[20.674815,38.267808],[20.693533,38.264635],[20.708995,38.226955],[20.751313,38.196763],[20.797699,38.131293],[20.804698,38.082953],[20.794688,38.066107],[20.733572,38.062405],[20.681651,38.097805],[20.614594,38.119818],[20.58074,38.115465],[20.564952,38.090318],[20.509776,38.110785],[20.468761,38.192776],[20.509776,38.179674]]],[[[20.619477,38.481391],[20.635509,38.472968],[20.65447,38.501858],[20.671886,38.497545],[20.661143,38.460883],[20.708995,38.446601],[20.674815,38.377672],[20.715831,38.371527],[20.702159,38.385159],[20.73878,38.384263],[20.757498,38.371527],[20.737559,38.371527],[20.763682,38.323065],[20.719412,38.315619],[20.687836,38.336737],[20.695323,38.343573],[20.647634,38.405666],[20.640147,38.446601],[20.614513,38.467108],[20.619477,38.481391]]],[[[20.800955,38.665269],[20.759613,38.627387],[20.800059,38.595445],[20.75172,38.626044],[20.73699,38.652167],[20.783051,38.674994],[20.800955,38.665269]]],[[[20.717784,38.822699],[20.728852,38.730618],[20.696951,38.689846],[20.706065,38.680406],[20.722504,38.707261],[20.715994,38.627021],[20.695323,38.638414],[20.702159,38.617906],[20.687836,38.624742],[20.681651,38.604234],[20.648936,38.608588],[20.647634,38.583808],[20.63087,38.588324],[20.633311,38.604234],[20.613617,38.607001],[20.602306,38.626776],[20.544607,38.569525],[20.562348,38.69123],[20.60255,38.781724],[20.645274,38.828192],[20.68629,38.850084],[20.717784,38.822699]]],[[[20.219412,39.140123],[20.22877,39.156358],[20.258311,39.13288],[20.219412,39.140123]]],[[[20.140391,39.241685],[20.201915,39.179633],[20.158702,39.189154],[20.125336,39.236029],[20.140391,39.241685]]],[[[19.927501,39.44717],[19.878917,39.453192],[19.865571,39.468573],[19.828868,39.572333],[19.748546,39.620022],[19.718923,39.673082],[19.681326,39.679999],[19.671723,39.724066],[19.653168,39.714667],[19.650157,39.741767],[19.626475,39.748236],[19.667491,39.793524],[19.799083,39.802802],[19.851817,39.82453],[19.934337,39.782945],[19.948009,39.790351],[19.933767,39.741156],[19.841563,39.704169],[19.839122,39.679877],[19.858653,39.666246],[19.844981,39.652655],[19.927501,39.625312],[19.923513,39.603502],[19.900157,39.604193],[19.936534,39.472968],[20.032725,39.439276],[20.081879,39.447333],[20.117931,39.370998],[20.105724,39.364651],[19.999278,39.399359],[19.954845,39.426093],[19.911794,39.430325],[19.927501,39.44717]]],[[[19.51352,39.784247],[19.530935,39.769965],[19.538503,39.75963],[19.523692,39.759182],[19.51352,39.784247]]],[[[19.432546,39.866278],[19.409516,39.841335],[19.381847,39.845201],[19.382904,39.863023],[19.432546,39.866278]]],[[[19.565603,39.891221],[19.594574,39.891018],[19.59254,39.879543],[19.575206,39.8758],[19.565603,39.891221]]],[[[19.265636,40.49901],[19.270925,40.513332],[19.29184,40.49433],[19.285492,40.473782],[19.265636,40.49901]]],[[[19.036794,57.905219],[19.098318,57.976549],[19.222423,57.99022],[19.240082,57.970608],[19.305675,57.976386],[19.338552,57.963568],[19.296072,57.943671],[19.247895,57.95246],[19.161957,57.925971],[19.139903,57.908271],[19.160655,57.896064],[19.16033,57.880316],[19.129649,57.846869],[19.084483,57.859361],[19.036794,57.905219]]],[[[19.187755,58.394965],[19.305675,58.378974],[19.331716,58.367621],[19.250336,58.342841],[19.214122,58.354682],[19.187755,58.394965]]],[[[18.929698,59.283311],[18.921967,59.27265],[18.899832,59.287584],[18.914968,59.292548],[18.929698,59.283311]]],[[[18.900808,59.310655],[18.885183,59.304389],[18.861664,59.308783],[18.900808,59.310655]]],[[[18.893728,59.343248],[18.901622,59.334947],[18.887218,59.323961],[18.86378,59.321519],[18.877859,59.352851],[18.91391,59.355455],[18.923432,59.345608],[18.893728,59.343248]]],[[[18.92156,59.405911],[18.948253,59.37873],[18.937673,59.373236],[18.899425,59.400702],[18.92156,59.405911]]],[[[18.865082,59.399848],[18.855724,59.385932],[18.846528,59.395901],[18.865082,59.399848]]],[[[18.936941,59.41177],[18.957042,59.422512],[18.979177,59.415635],[18.947846,59.394395],[18.936941,59.41177]]],[[[19.022553,59.417385],[19.016449,59.416897],[19.019705,59.419827],[19.022553,59.417385]]],[[[18.860606,59.424506],[18.898611,59.445705],[18.925792,59.434027],[18.893891,59.407172],[18.872325,59.408637],[18.860606,59.424506]]],[[[19.220063,59.444932],[19.214041,59.432481],[19.206716,59.443508],[19.220063,59.444932]]],[[[19.499197,59.445787],[19.511729,59.438341],[19.500173,59.441148],[19.499197,59.445787]]],[[[19.164724,59.491238],[19.163178,59.499376],[19.173025,59.507025],[19.176199,59.504014],[19.164724,59.491238]]],[[[19.075531,59.572984],[19.052257,59.564683],[19.021658,59.572659],[19.051606,59.579942],[19.075531,59.572984]]],[[[19.181488,59.594021],[19.168305,59.587633],[19.14088,59.58279],[19.174246,59.600491],[19.181488,59.594021]]],[[[19.243744,59.600246],[19.245942,59.608954],[19.255626,59.612087],[19.243744,59.600246]]],[[[18.827647,59.588813],[18.756847,59.572659],[18.924327,59.656928],[18.905284,59.633612],[18.827647,59.588813]]],[[[18.986339,59.628567],[18.927501,59.622463],[18.905284,59.583238],[18.863455,59.58397],[18.858572,59.595771],[18.952485,59.652981],[18.986339,59.628567]]],[[[19.050304,59.638129],[19.028168,59.637641],[19.020356,59.64289],[19.035004,59.655056],[19.050304,59.638129]]],[[[19.123627,59.658515],[19.135916,59.663113],[19.156261,59.654242],[19.147146,59.648871],[19.123627,59.658515]]],[[[19.197602,59.66592],[19.180349,59.657701],[19.176524,59.663967],[19.182546,59.671454],[19.197602,59.66592]]],[[[18.8956,59.669135],[18.88738,59.657294],[18.843761,59.665229],[18.880382,59.677965],[18.8956,59.669135]]],[[[19.162608,59.676296],[19.16391,59.674587],[19.161469,59.675198],[19.162608,59.676296]]],[[[19.408539,59.709296],[19.403005,59.703681],[19.395193,59.70246],[19.408539,59.709296]]],[[[19.107921,59.751532],[19.117686,59.758409],[19.152029,59.748318],[19.135183,59.740505],[19.107921,59.751532]]],[[[19.163503,59.773668],[19.177175,59.784532],[19.200531,59.778876],[19.179373,59.761379],[19.163503,59.773668]]],[[[19.079112,59.777859],[19.089692,59.791612],[19.107107,59.786485],[19.094493,59.775133],[19.079112,59.777859]]],[[[18.995453,59.839504],[18.992198,59.807522],[19.001964,59.799994],[18.987804,59.789537],[18.891287,59.78559],[18.885753,59.793931],[18.951671,59.861151],[18.978282,59.857856],[18.995453,59.839504]]],[[[19.92213,59.835069],[19.919932,59.8428],[19.927989,59.840522],[19.92213,59.835069]]],[[[19.136648,59.846829],[19.107595,59.828233],[19.092214,59.832668],[19.119314,59.860907],[19.135265,59.864488],[19.136648,59.846829]]],[[[20.447059,59.995181],[20.324819,59.977195],[20.306648,59.953624],[20.283707,59.958475],[20.281315,59.976616],[20.303728557132715,60.0],[20.447059,59.995181]]],[[[20.2200844778057,60.0],[20.175121,59.971436],[20.184037,59.992938],[20.171495,59.998754],[20.123179,59.988872],[20.105255,59.996469],[20.10982934846626,60.0],[20.2200844778057,60.0]]],[[[21.750499,36.712388],[21.764171,36.753974],[21.78004,36.747504],[21.777843,36.699368],[21.764171,36.719875],[21.750499,36.712388]]],[[[21.72934,36.794989],[21.716319,36.781317],[21.695811,36.740383],[21.700857,36.791083],[21.709483,36.801744],[21.72934,36.794989]]],[[[21.552826,37.064399],[21.558686,37.053819],[21.546641,37.032335],[21.537283,37.05744],[21.552826,37.064399]]],[[[20.941091,38.604234],[20.907563,38.549018],[20.893891,38.549018],[20.93214,38.603013],[20.941091,38.604234]]],[[[20.941661,38.627387],[20.870616,38.582506],[20.870128,38.603502],[20.903819,38.642768],[20.951671,38.649237],[20.941661,38.627387]]],[[[21.365733,59.784532],[21.386729,59.782131],[21.372162,59.774034],[21.365733,59.784532]]],[[[21.569672,59.819973],[21.595388,59.831814],[21.64088,59.834703],[21.576996,59.815538],[21.569672,59.819973]]],[[[21.466807,59.911119],[21.461925,59.902411],[21.455089,59.911282],[21.466807,59.911119]]],[[[21.800466,59.922756],[21.787852,59.912462],[21.779714,59.919542],[21.781912,59.930569],[21.800466,59.922756]]],[[[20.862071,59.928168],[20.897472,59.940131],[20.920177,59.909247],[20.887706,59.909125],[20.862071,59.928168]]],[[[20.913259,59.948432],[20.934744,59.957994],[20.996593,59.945014],[20.969412,59.943834],[20.991222,59.926744],[20.982758,59.921536],[20.913259,59.948432]]],[[[21.597016,59.955349],[21.606781,59.959255],[21.627615,59.948472],[21.604421,59.949164],[21.597016,59.955349]]],[[[21.756684,59.964423],[21.780772,59.964626],[21.787934,59.958279],[21.757579,59.942125],[21.756684,59.964423]]],[[[21.294363,59.971544],[21.289073,59.977769],[21.300548,59.974718],[21.294363,59.971544]]],[[[22.497651,58.121527],[22.477306,58.142971],[22.49936,58.176663],[22.52947,58.143988],[22.497651,58.121527]]],[[[23.138031,58.446112],[23.084239,58.429633],[23.086762,58.394965],[23.021983,58.363227],[22.954845,58.381049],[22.94752,58.372626],[22.969493,58.360175],[22.90268,58.311835],[22.811209,58.273424],[22.721202,58.270331],[22.710134,58.257758],[22.756684,58.242255],[22.723155,58.225409],[22.6692,58.221503],[22.654959,58.244696],[22.621349,58.252753],[22.564952,58.235175],[22.535004,58.254055],[22.504161,58.223538],[22.490977,58.244696],[22.476817,58.245103],[22.421641,58.221625],[22.38795,58.226752],[22.323416,58.20661],[22.271739,58.174262],[22.265391,58.115058],[22.229259,58.052191],[22.19988,58.026028],[22.202973,57.993964],[22.04835,57.915107],[22.016856,57.914496],[21.990082,57.935614],[21.990733,57.958238],[21.964122,57.971381],[21.96339,57.984036],[21.997569,57.984036],[22.085704,58.082587],[22.147716,58.079576],[22.16505,58.116889],[22.202973,58.147895],[22.141856,58.169501],[22.072276,58.175849],[21.993826,58.244696],[21.928884,58.245103],[21.867849,58.264594],[21.843272,58.302151],[21.908214,58.298733],[21.873302,58.34162],[21.894542,58.346503],[21.944591,58.318752],[21.96339,58.326606],[21.954926,58.344062],[21.968028,58.35456],[22.011241,58.353949],[21.945974,58.432278],[21.832367,58.510972],[21.901378,58.497992],[21.928477,58.518378],[21.995616,58.512519],[22.089366,58.422187],[22.098481,58.426093],[22.103689,58.487209],[22.171886,58.521552],[22.194591,58.545844],[22.215587,58.544176],[22.228852,58.510565],[22.273204,58.502021],[22.288341,58.569322],[22.321951,58.584784],[22.463064,58.592922],[22.583181,58.634508],[22.648123,58.586737],[22.68214,58.600328],[22.736339,58.58808],[22.811371,58.622952],[22.989757,58.601752],[23.091075,58.57095],[23.148285,58.521552],[23.255138,58.500067],[23.333263,58.456366],[23.324962,58.442288],[23.261404,58.465888],[23.237641,58.456366],[23.278005,58.43651],[23.234874,58.439887],[23.181895,58.474677],[23.156505,58.477525],[23.138031,58.446112]]],[[[22.597667,59.089504],[22.714122,59.069566],[22.69158,59.041164],[22.736664,59.005072],[22.837169,59.008612],[22.934093,58.984036],[22.949555,58.970893],[22.949555,58.936184],[23.015147,58.891791],[23.040538,58.840766],[23.019054,58.829088],[22.956798,58.847398],[22.942231,58.834215],[22.879568,58.832709],[22.867198,58.820054],[22.886974,58.811835],[22.886729,58.790473],[22.845388,58.776516],[22.79005,58.780992],[22.778331,58.792182],[22.826915,58.819159],[22.819347,58.829657],[22.777599,58.824368],[22.736664,58.806464],[22.654959,58.702786],[22.555675,58.686998],[22.50172,58.69477],[22.463064,58.716457],[22.497244,58.737535],[22.449474,58.786811],[22.439789,58.841376],[22.382091,58.88227],[22.324962,58.896633],[22.194998,58.888007],[22.044688,58.936184],[22.055512,58.952704],[22.094249,58.956041],[22.168224,58.950385],[22.463064,58.970893],[22.442068,58.984687],[22.488455,58.981147],[22.487559,59.016425],[22.559255,59.038398],[22.578298,59.078437],[22.597667,59.089504]]],[[[22.319591,59.801581],[22.319591,59.827786],[22.338715,59.807237],[22.319591,59.801581]]],[[[22.401052,59.842353],[22.375418,59.847968],[22.374766,59.85106],[22.395763,59.859036],[22.401052,59.842353]]],[[[22.067312,59.856553],[22.085378,59.864366],[22.097097,59.863308],[22.067312,59.856553]]],[[[22.421886,59.865668],[22.498546,59.877631],[22.512869,59.873725],[22.427745,59.849514],[22.416026,59.852932],[22.421886,59.865668]]],[[[21.958995,59.859402],[21.950043,59.865912],[21.961599,59.868394],[21.958995,59.859402]]],[[[22.205496,59.86815],[22.185151,59.865383],[22.172862,59.8699],[22.193533,59.87698],[22.205496,59.86815]]],[[[22.524018,59.899156],[22.522472,59.886664],[22.473969,59.878241],[22.47698,59.887397],[22.524018,59.899156]]],[[[22.542735,59.907986],[22.556977,59.906806],[22.545746,59.896308],[22.542735,59.907986]]],[[[22.384451,59.919867],[22.356944,59.905504],[22.350271,59.909044],[22.370779,59.92418],[22.384451,59.919867]]],[[[22.459646,59.924669],[22.468516,59.942247],[22.47755,59.917263],[22.459646,59.924669]]],[[[22.339203,59.934475],[22.334565,59.960028],[22.369151,59.959744],[22.370046,59.949042],[22.339203,59.934475]]],[[[22.589203,59.958767],[22.615164,59.962633],[22.652599,59.950873],[22.639659,59.945217],[22.643321,59.935858],[22.589203,59.958767]]],[[[22.586599,59.955634],[22.576101,59.947699],[22.556895,59.944159],[22.567149,59.952826],[22.586599,59.955634]]],[[[22.467377,59.972968],[22.463227,59.962348],[22.432953,59.964911],[22.415701,59.92357],[22.395518,59.935858],[22.393484,59.948635],[22.419851,59.976589],[22.445404,59.986477],[22.467377,59.972968]]],[[[22.543305,59.984605],[22.552664,59.969509],[22.503754,59.963406],[22.517182,59.986111],[22.543305,59.984605]]],[[[22.610688,59.969346],[22.606537,59.979438],[22.620779,59.990668],[22.649262,59.966579],[22.610688,59.969346]]],[[[22.358246,59.966905],[22.338634,59.971055],[22.368663,59.998155],[22.372895,59.994412],[22.358246,59.966905]]],[[[22.443540640452465,60.0],[22.435802,59.997504],[22.433100456431536,60.0],[22.443540640452465,60.0]]],[[[22.391406750094518,60.0],[22.382823,59.99258],[22.375756540081916,60.0],[22.391406750094518,60.0]]],[[[22.68214,59.997504],[22.68042191712325,60.0],[22.686304373767907,60.0],[22.68214,59.997504]]],[[[22.60143354612006,60.0],[22.606456,59.984524],[22.600271,59.984524],[22.60143354612006,60.0]]],[[[22.4699,59.997504],[22.46986890016817,60.0],[22.479323919154805,60.0],[22.4699,59.997504]]],[[[24.086111,34.826321],[24.046397,34.855292],[24.080577,34.868964],[24.128429,34.862738],[24.12143,34.836127],[24.135265,34.815009],[24.086111,34.826321]]],[[[23.271739,35.904242],[23.33074,35.864936],[23.333263,35.829169],[23.295665,35.859565],[23.271739,35.904242]]],[[[22.932302,36.177232],[22.908702,36.205959],[22.916189,36.285102],[22.899669,36.328192],[22.944591,36.38939],[23.011729,36.308295],[23.076915,36.270738],[23.103852,36.237209],[23.058442,36.216457],[23.052013,36.144843],[23.014415,36.148342],[22.990733,36.13703],[22.987559,36.151557],[22.932302,36.177232]]],[[[22.982188,36.499416],[22.986013,36.458238],[22.965831,36.47606],[22.925059,36.469062],[22.952647,36.505479],[22.969819,36.511217],[22.982188,36.499416]]],[[[24.354259,36.753974],[24.395356,36.735907],[24.407237,36.707261],[24.460704,36.699368],[24.471446,36.70425],[24.459158,36.726711],[24.427094,36.733832],[24.408865,36.76081],[24.420258,36.771064],[24.474376,36.747138],[24.533376,36.768012],[24.546072,36.753974],[24.546072,36.688788],[24.48463,36.665229],[24.364594,36.663031],[24.326996,36.650946],[24.326996,36.699368],[24.340668,36.712388],[24.326996,36.719875],[24.354259,36.753974]]],[[[24.621837,36.794989],[24.665782,36.774644],[24.659353,36.750556],[24.644786,36.74726],[24.608165,36.781317],[24.621837,36.794989]]],[[[24.600434,36.822089],[24.572765,36.781928],[24.556407,36.780341],[24.5324,36.791897],[24.521169,36.817369],[24.561778,36.845649],[24.600759,36.84276],[24.600434,36.822089]]],[[[23.87672,36.843695],[23.889008,36.834296],[23.884288,36.832343],[23.87672,36.843695]]],[[[23.449718,36.929145],[23.467296,36.906399],[23.463878,36.903998],[23.449718,36.929145]]],[[[24.642589,37.044176],[24.655935,37.048814],[24.689301,37.029202],[24.704356,37.035142],[24.751638,36.985785],[24.765798,36.949205],[24.710623,36.904202],[24.6692,36.978461],[24.676524,37.000434],[24.642263,37.027737],[24.642589,37.044176]]],[[[24.494395,37.115424],[24.498302,37.123969],[24.464122,37.123969],[24.459483,37.137193],[24.422537,37.123969],[24.423025,37.154731],[24.443696,37.178534],[24.436209,37.18537],[24.468272,37.202094],[24.514903,37.206],[24.532074,37.185614],[24.5324,37.130113],[24.518809,37.144436],[24.51531,37.12287],[24.494395,37.115424]]],[[[23.152029,37.239976],[23.094412,37.274726],[23.128429,37.288398],[23.158458,37.271389],[23.164724,37.253811],[23.152029,37.239976]]],[[[23.496837,37.320014],[23.374278,37.30268],[23.463634,37.357327],[23.587169,37.370917],[23.547699,37.34984],[23.505138,37.34984],[23.5088,37.329901],[23.496837,37.320014]]],[[[24.367931,37.309516],[24.40211,37.377143],[24.388438,37.384589],[24.394786,37.41177],[24.367931,37.411933],[24.374848,37.438463],[24.443696,37.487006],[24.430512,37.446031],[24.482677,37.412421],[24.477794,37.390815],[24.46339,37.394477],[24.443696,37.34984],[24.411794,37.323961],[24.367931,37.309516]]],[[[23.919607,37.488267],[23.94044,37.462104],[23.898123,37.494493],[23.919607,37.488267]]],[[[23.481781,37.556464],[23.525645,37.521796],[23.481212,37.509589],[23.43629,37.521796],[23.475434,37.540839],[23.481781,37.556464]]],[[[24.320649,37.67886],[24.374766,37.686265],[24.402517,37.655748],[24.395763,37.624661],[24.312999,37.538235],[24.293468,37.525702],[24.275401,37.531684],[24.278087,37.62287],[24.305675,37.660834],[24.320649,37.658352],[24.333832,37.672593],[24.320649,37.67886]]],[[[24.732921,37.632066],[24.741222,37.595689],[24.71811,37.593573],[24.659679,37.606879],[24.716075,37.631049],[24.732921,37.632066]]],[[[23.935557,37.645901],[23.959727,37.651394],[23.959727,37.642808],[23.935557,37.645901]]],[[[24.143158,37.752712],[24.148611,37.722642],[24.105154,37.64525],[24.099864,37.65941],[24.126394,37.743028],[24.143158,37.752712]]],[[[23.42449,37.761786],[23.563162,37.768256],[23.532074,37.725328],[23.525645,37.69245],[23.484141,37.67886],[23.457367,37.69245],[23.468272,37.714504],[23.434418,37.733588],[23.42449,37.761786]]],[[[23.76352,37.775987],[23.756602,37.762966],[23.751557,37.769517],[23.76352,37.775987]]],[[[23.429454,37.987942],[23.47047,37.980455],[23.47047,37.994086],[23.486339,38.001207],[23.51824,37.999091],[23.536876,37.988023],[23.546153,37.952541],[23.573497,37.952541],[23.539317,37.939521],[23.543468,37.92886],[23.51824,37.898586],[23.501313,37.906073],[23.467052,37.884223],[23.408376,37.898586],[23.40211,37.912177],[23.422862,37.93301],[23.468516,37.932034],[23.492035,37.956285],[23.497732,37.966864],[23.46046,37.952541],[23.422048,37.960028],[23.457367,37.973619],[23.429454,37.987942]]],[[[24.28297,37.998399],[24.264985,37.978461],[24.228689,37.982815],[24.25408,38.019965],[24.28297,37.998399]]],[[[24.338634,37.996731],[24.313813,38.029242],[24.326996,38.042548],[24.314789,38.064887],[24.292247,38.069892],[24.286306,38.086249],[24.248709,38.096869],[24.203949,38.090318],[24.210785,38.124457],[24.182953,38.134996],[24.210785,38.166002],[24.185313,38.217963],[24.156993,38.22956],[24.142589,38.226955],[24.148774,38.213202],[24.126231,38.217475],[24.163097,38.267808],[24.153494,38.281317],[24.125743,38.25609],[24.109386,38.256293],[24.114757,38.275295],[24.100922,38.275295],[24.121593,38.309475],[24.025401,38.330512],[24.066905,38.35102],[24.042247,38.401516],[23.912364,38.392035],[23.843761,38.405666],[23.649181,38.405666],[23.614431,38.460883],[23.594005,38.453437],[23.635753,38.500922],[23.635509,38.528551],[23.614106,38.557929],[23.505138,38.597398],[23.497732,38.631008],[23.453136,38.658026],[23.445974,38.676744],[23.381602,38.707261],[23.323009,38.762519],[23.202322,38.829901],[23.143565,38.850653],[23.069102,38.846584],[23.036388,38.874457],[22.969412,38.889106],[22.956391,38.877997],[22.991954,38.864691],[22.981781,38.845038],[22.833018,38.82274],[22.837413,38.854478],[23.035655,38.926418],[23.045909,38.946845],[23.086762,38.954332],[23.094412,38.98786],[23.127452,39.005805],[23.199718,39.008979],[23.299083,39.042467],[23.371593,39.010321],[23.384613,38.967515],[23.425629,38.954332],[23.450694,38.874579],[23.480479,38.83808],[23.594005,38.789252],[23.594005,38.770209],[23.607595,38.77558],[23.662283,38.755072],[23.722667,38.761949],[23.753591,38.719184],[23.857595,38.682522],[23.947765,38.66942],[23.984223,38.686225],[24.07309,38.679389],[24.15561,38.652655],[24.126231,38.635199],[24.126475,38.598578],[24.231456,38.522366],[24.206554,38.506822],[24.188162,38.474107],[24.184337,38.439643],[24.203949,38.412502],[24.185069,38.40762],[24.210785,38.377672],[24.214854,38.336412],[24.252452,38.292385],[24.252452,38.227973],[24.326996,38.18594],[24.344412,38.159247],[24.392589,38.164008],[24.477794,38.138739],[24.587657,38.159247],[24.579926,38.084215],[24.594493,38.062405],[24.575531,38.004462],[24.552094,37.978176],[24.476899,37.96247],[24.429698,38.021186],[24.386404,37.996527],[24.40211,37.987942],[24.386892,37.970364],[24.338634,37.996731]]],[[[24.357758,38.827501],[24.352387,38.850043],[24.372895,38.840725],[24.357758,38.827501]]],[[[24.563813,38.838568],[24.540375,38.836982],[24.528331,38.851549],[24.505138,38.844468],[24.477794,38.877997],[24.436209,38.877997],[24.438813,38.897121],[24.462169,38.910956],[24.457693,38.95482],[24.471202,38.976874],[24.491466,38.981024],[24.573985,38.932603],[24.578624,38.875556],[24.663259,38.826646],[24.682872,38.784247],[24.657481,38.769232],[24.625255,38.769232],[24.594737,38.791571],[24.569998,38.778144],[24.566661,38.762519],[24.5324,38.796088],[24.573985,38.80976],[24.563813,38.838568]]],[[[24.110362,39.069607],[24.098969,39.092434],[24.117442,39.103054],[24.124115,39.062893],[24.098969,39.055406],[24.110362,39.069607]]],[[[23.716807,39.077216],[23.658051,39.097724],[23.669688,39.11815],[23.627778,39.147284],[23.587169,39.207587],[23.601329,39.213813],[23.665538,39.169664],[23.730479,39.146145],[23.726736,39.131496],[23.792654,39.124416],[23.760265,39.090644],[23.716807,39.077216]]],[[[23.46046,39.131822],[23.395274,39.146145],[23.398692,39.163642],[23.47047,39.213813],[23.512869,39.178534],[23.505138,39.159125],[23.489024,39.168769],[23.475108,39.157782],[23.46046,39.131822]]],[[[23.833507,39.146145],[23.889334,39.217475],[23.957042,39.289496],[23.950206,39.275214],[23.972179,39.271918],[23.96697,39.251166],[23.921641,39.190416],[23.864513,39.143988],[23.833507,39.146145]]],[[[24.094737,39.345526],[24.081879,39.304755],[24.063162,39.297024],[24.041515,39.330512],[24.067149,39.363023],[24.069835,39.345689],[24.094737,39.345526]]],[[[24.320974,39.330797],[24.317393,39.356594],[24.322602,39.36876],[24.330007,39.353502],[24.320974,39.330797]]],[[[24.153087,39.365953],[24.143972,39.377102],[24.172862,39.427476],[24.183035,39.393948],[24.153087,39.365953]]],[[[23.911794,40.341091],[23.941417,40.310085],[23.883718,40.331081],[23.911794,40.341091]]],[[[24.642263,40.570624],[24.580251,40.62519],[24.516775,40.639106],[24.518321,40.692694],[24.566661,40.755561],[24.642263,40.803941],[24.7317,40.783515],[24.743826,40.759345],[24.782563,40.742133],[24.759288,40.723375],[24.786388,40.707831],[24.786388,40.687934],[24.765798,40.669664],[24.780121,40.612209],[24.755707,40.61994],[24.642263,40.570624]]],[[[23.224294,57.823717],[23.275076,57.798733],[23.270193,57.785631],[23.217784,57.80093],[23.224294,57.823717]]],[[[23.94337,58.113186],[23.937999,58.137274],[23.955333,58.151801],[24.013357,58.15351],[24.022146,58.129869],[24.002452,58.108547],[23.970714,58.099595],[23.94337,58.113186]]],[[[23.175792,58.681098],[23.330251,58.653062],[23.349132,58.635077],[23.347504,58.607164],[23.400238,58.555406],[23.362153,58.532457],[23.278575,58.546373],[23.223806,58.535468],[23.059337,58.603461],[23.062836,58.624579],[23.120942,58.628323],[23.134613,58.661811],[23.175792,58.681098]]],[[[23.131358,59.040717],[23.344249,59.039293],[23.393728,58.996243],[23.374278,58.975531],[23.340099,58.983954],[23.278575,58.970689],[23.223399,58.983954],[23.163259,58.96894],[23.114106,59.021796],[23.131358,59.040717]]],[[[24.51588,59.59809],[24.550059,59.557766],[24.542817,59.547797],[24.516287,59.544257],[24.489106,59.559638],[24.487315,59.578518],[24.51588,59.59809]]],[[[22.950206,59.773179],[22.934988,59.770372],[22.936941,59.777126],[22.950206,59.773179]]],[[[23.564871,59.831326],[23.573497,59.818874],[23.553315,59.826931],[23.564871,59.831326]]],[[[23.426524,59.877794],[23.36907,59.861558],[23.360037,59.881008],[23.422781,59.886257],[23.426524,59.877794]]],[[[23.29005,59.892971],[23.330496,59.888129],[23.284516,59.88935],[23.29005,59.892971]]],[[[23.098806,59.911363],[23.10727,59.92178],[23.127615,59.903469],[23.110037,59.896389],[23.098806,59.911363]]],[[[23.886078,59.947984],[23.847423,59.954657],[23.870291,59.972805],[23.923513,59.969306],[23.886078,59.947984]]],[[[25.684581,34.869615],[25.687999,34.881334],[25.731781,34.879259],[25.709646,34.865871],[25.684581,34.869615]]],[[[26.132986,34.922593],[26.121918,34.935858],[26.127452,34.947414],[26.14975,34.933336],[26.132986,34.922593]]],[[[26.147227,35.002265],[26.105235,34.999335],[26.081716,35.019761],[26.020274,35.020941],[25.984874,35.03913],[25.808116,35.005764],[25.601248,35.013577],[25.506196,34.984565],[25.347667,34.991523],[25.223155,34.954169],[25.15089,34.955715],[25.107758,34.937893],[24.738536,34.931627],[24.755219,34.957913],[24.758962,35.04149],[24.742849,35.077216],[24.71811,35.09398],[24.564626,35.106147],[24.500743,35.152411],[24.464122,35.150133],[24.403819,35.175035],[24.40211,35.191107],[24.293224,35.182278],[24.217784,35.191107],[24.203949,35.20539],[24.084646,35.204535],[24.049815,35.191107],[23.987641,35.233303],[23.901866,35.231187],[23.826671,35.25259],[23.782074,35.234687],[23.711681,35.236721],[23.68336,35.225816],[23.669119,35.237291],[23.610525,35.234931],[23.587169,35.239488],[23.580333,35.259996],[23.552989,35.266832],[23.51824,35.294135],[23.51824,35.307766],[23.552989,35.321479],[23.538585,35.374091],[23.573497,35.43476],[23.559825,35.451809],[23.577647,35.492906],[23.566091,35.527493],[23.580333,35.575914],[23.604747,35.612616],[23.619884,35.524075],[23.659434,35.501207],[23.718435,35.512844],[23.730479,35.554185],[23.711192,35.648871],[23.750011,35.686591],[23.778982,35.671536],[23.767833,35.653876],[23.778982,35.575914],[23.817149,35.534817],[24.025401,35.520697],[24.044688,35.527655],[24.057628,35.552924],[24.094086,35.554185],[24.081798,35.589911],[24.115245,35.601304],[24.182953,35.585598],[24.203298,35.541815],[24.182953,35.513251],[24.081228,35.51496],[24.066905,35.507025],[24.071951,35.498358],[24.186697,35.451809],[24.252452,35.479071],[24.265473,35.369859],[24.340099,35.348334],[24.428071,35.369696],[24.464122,35.362454],[24.720958,35.427232],[24.840831,35.403998],[24.895518,35.424506],[24.95753,35.403998],[24.971202,35.424506],[25.053233,35.403998],[25.055349,35.355211],[25.076996,35.344468],[25.197113,35.349351],[25.221365,35.335679],[25.375987,35.343166],[25.425304,35.299547],[25.453624,35.294135],[25.659923,35.349351],[25.766368,35.335679],[25.724783,35.294135],[25.729259,35.264553],[25.739024,35.259996],[25.737804,35.277411],[25.750987,35.284125],[25.758962,35.259996],[25.732188,35.246324],[25.724783,35.191107],[25.712738,35.182847],[25.728526,35.133368],[25.795258,35.115139],[25.830333,35.122382],[25.847667,35.15058],[25.883067,35.164455],[25.896658,35.184882],[25.978526,35.195461],[26.060557,35.233303],[26.11964,35.215318],[26.108246,35.20539],[26.129731,35.195868],[26.179454,35.20718],[26.259532,35.284491],[26.293956,35.287909],[26.293956,35.315253],[26.321137,35.315253],[26.312348,35.296942],[26.265961,35.259996],[26.29949,35.185533],[26.321137,35.197943],[26.285004,35.150702],[26.293956,35.136461],[26.277517,35.100043],[26.235362,35.034084],[26.147227,35.002265]]],[[[26.848399,35.372382],[26.900238,35.424506],[26.924571,35.41767],[27.011974,35.43769],[26.999685,35.424506],[27.007091,35.397773],[26.958751,35.390326],[26.87672,35.349351],[26.848399,35.372382]]],[[[25.236664,35.427436],[25.208669,35.433458],[25.184093,35.444444],[25.222585,35.463731],[25.246104,35.449734],[25.236664,35.427436]]],[[[27.094249,35.461575],[27.108897,35.466051],[27.102061,35.479071],[27.118826,35.482652],[27.11378,35.550971],[27.07488,35.580227],[27.069347,35.60224],[27.115408,35.642239],[27.12794,35.693345],[27.154145,35.717963],[27.156749,35.801215],[27.184581,35.801215],[27.220958,35.82925],[27.232432,35.822333],[27.211925,35.77733],[27.218761,35.726142],[27.160981,35.651313],[27.156505,35.618801],[27.220876,35.551011],[27.203787,35.527167],[27.233165,35.504096],[27.232432,35.472235],[27.180919,35.46894],[27.161632,35.4501],[27.156749,35.424506],[27.171072,35.431342],[27.165863,35.423326],[27.136241,35.403998],[27.143077,35.420396],[27.108897,35.431342],[27.094249,35.461575]]],[[[29.742524,36.131659],[29.764089,36.135688],[29.738617,36.122301],[29.742524,36.131659]]],[[[29.656586,36.131008],[29.655691,36.136176],[29.660574,36.13227],[29.656586,36.131008]]],[[[29.603038,36.141628],[29.559174,36.121039],[29.569591,36.150906],[29.595307,36.166693],[29.603038,36.141628]]],[[[29.485362,36.1553],[29.50294,36.158718],[29.508474,36.15469],[29.485362,36.1553]]],[[[28.061697,36.116523],[28.096446,36.103502],[28.075938,36.075588],[28.08961,36.055121],[28.016938,36.068996],[27.948416,36.039008],[27.863536,35.940985],[27.780447,35.890041],[27.732677,35.915107],[27.71225,35.952704],[27.75408,36.037177],[27.757091,36.084377],[27.708832,36.127102],[27.71225,36.144477],[27.684255,36.158149],[27.771983,36.197821],[27.803233,36.270209],[27.837413,36.280992],[27.899669,36.340155],[28.118419,36.42768],[28.18393,36.424465],[28.222423,36.456],[28.239757,36.438666],[28.225841,36.417955],[28.236339,36.373033],[28.211192,36.357652],[28.205089,36.322659],[28.175466,36.290432],[28.163422,36.237698],[28.130544,36.185452],[28.103282,36.185452],[28.085785,36.164984],[28.061697,36.116523]]],[[[29.911957,36.19949],[29.884613,36.173082],[29.839692,36.170559],[29.911957,36.19949]]],[[[29.357432,36.213446],[29.345876,36.213853],[29.358735,36.218207],[29.357432,36.213446]]],[[[29.44809,36.215684],[29.443614,36.218004],[29.452159,36.220364],[29.44809,36.215684]]],[[[27.614431,36.219672],[27.531505,36.211737],[27.517426,36.230902],[27.548676,36.244086],[27.616466,36.242621],[27.614431,36.219672]]],[[[27.704763,36.247138],[27.70224,36.266059],[27.684093,36.26439],[27.687511,36.272935],[27.718272,36.282457],[27.704763,36.247138]]],[[[25.767833,36.401597],[25.855154,36.363593],[25.846853,36.350287],[25.817638,36.363593],[25.74643,36.357978],[25.730235,36.380113],[25.767833,36.401597]]],[[[25.421886,36.451117],[25.3685,36.473456],[25.417979,36.470404],[25.479177,36.424384],[25.489268,36.377834],[25.465099,36.342434],[25.446625,36.33633],[25.361664,36.356757],[25.409434,36.363593],[25.436778,36.390937],[25.41627,36.432522],[25.421886,36.451117]]],[[[27.296886,36.427558],[27.300629,36.473456],[27.310232,36.457709],[27.355805,36.479641],[27.396821,36.438666],[27.387462,36.420844],[27.399587,36.410142],[27.438487,36.418158],[27.444672,36.404527],[27.415863,36.380316],[27.37794,36.382025],[27.357432,36.410224],[27.362804,36.424994],[27.338145,36.428412],[27.314952,36.411363],[27.296886,36.427558]]],[[[26.265961,36.547919],[26.266449,36.595933],[26.29477,36.596584],[26.341645,36.569037],[26.365977,36.589504],[26.403819,36.589504],[26.362153,36.637885],[26.430512,36.61872],[26.465994,36.582709],[26.454926,36.57685],[26.444672,36.589504],[26.373302,36.572414],[26.341645,36.509345],[26.300955,36.513251],[26.265961,36.547919]]],[[[27.76002,36.575873],[27.787852,36.616848],[27.861013,36.646715],[27.863048,36.637885],[27.822276,36.623765],[27.815278,36.610012],[27.835704,36.602525],[27.869884,36.624254],[27.87672,36.616848],[27.863048,36.602525],[27.87322,36.605455],[27.87672,36.561591],[27.863048,36.555365],[27.87672,36.541083],[27.828298,36.528022],[27.849376,36.547919],[27.792491,36.566962],[27.807872,36.575873],[27.76002,36.575873]]],[[[27.206065,36.587104],[27.198009,36.568305],[27.174571,36.560533],[27.140147,36.563218],[27.12615,36.580064],[27.166759,36.615058],[27.185802,36.615668],[27.206065,36.587104]]],[[[28.126394,36.596951],[28.125173,36.600898],[28.128835,36.599148],[28.126394,36.596951]]],[[[24.840831,36.665229],[24.868175,36.665229],[24.947927,36.624335],[24.963715,36.59634],[24.922862,36.602281],[24.849783,36.646918],[24.840831,36.665229]]],[[[28.938406,36.676052],[28.915375,36.655504],[28.908539,36.6671],[28.915701,36.682888],[28.938406,36.676052]]],[[[25.183116,36.716376],[25.129568,36.660346],[25.09311,36.636623],[25.067393,36.637885],[25.104666,36.699368],[25.146251,36.719875],[25.183116,36.716376]]],[[[25.395193,36.685126],[25.37322,36.653713],[25.337901,36.66828],[25.27296,36.719875],[25.279796,36.726711],[25.251801,36.726711],[25.262706,36.767646],[25.306977,36.794989],[25.347992,36.747138],[25.399425,36.727973],[25.409434,36.712388],[25.390147,36.703681],[25.395193,36.685126]]],[[[26.92628,36.765611],[26.937673,36.76081],[26.958751,36.781317],[26.986013,36.767646],[27.061209,36.839342],[27.164236,36.891181],[27.280935,36.907904],[27.291515,36.891832],[27.340994,36.881903],[27.355805,36.863227],[27.214203,36.823879],[27.129893,36.76081],[27.047537,36.775092],[26.992035,36.753607],[26.975759,36.74079],[26.986013,36.719875],[26.965668,36.705552],[26.972911,36.6789],[26.937266,36.692776],[26.917735,36.716132],[26.92628,36.765611]]],[[[25.423106,36.832506],[25.478363,36.870673],[25.477794,36.83515],[25.434418,36.822659],[25.423106,36.832506]]],[[[25.753266,36.788764],[25.774099,36.807115],[25.84547,36.80858],[25.863129,36.835924],[25.851573,36.831122],[25.84547,36.849555],[25.971853,36.898017],[25.950694,36.918443],[25.998383,36.93891],[26.074229,36.898017],[26.00587,36.891181],[25.921397,36.841051],[25.879649,36.794989],[25.755544,36.769965],[25.739024,36.794989],[25.753266,36.788764]]],[[[25.649669,36.911607],[25.684418,36.891181],[25.674001,36.879462],[25.608653,36.883734],[25.649669,36.911607]]],[[[27.108979,36.948717],[27.162934,36.956977],[27.175141,36.922512],[27.136974,36.922878],[27.108979,36.948717]]],[[[27.490245,36.96601],[27.474294,36.958808],[27.423513,36.991767],[27.480805,36.978746],[27.490245,36.96601]]],[[[25.087901,37.041978],[25.059906,36.97309],[25.081065,36.952623],[25.047048,36.969224],[25.02589,37.00788],[25.053233,37.034369],[25.087901,37.041978]]],[[[26.889822,37.089789],[26.986013,37.048814],[26.972911,37.041978],[27.00587,37.016181],[27.007091,37.000434],[27.023936,37.012681],[27.04127,37.00788],[27.040375,36.945054],[26.993419,36.952623],[26.983409,36.929511],[26.945079,36.92593],[26.911632,36.945787],[26.953868,37.027899],[26.943614,37.040717],[26.917166,37.041653],[26.88559,37.075588],[26.889822,37.089789]]],[[[27.106049,37.057847],[27.096365,37.053371],[27.077891,37.057237],[27.084565,37.064114],[27.106049,37.057847]]],[[[25.416677,36.973131],[25.388927,36.986762],[25.382091,37.035142],[25.341807,37.082953],[25.371837,37.089057],[25.47462,37.161811],[25.495128,37.189114],[25.533702,37.20067],[25.574555,37.178534],[25.592459,37.142524],[25.595063,37.099677],[25.580821,37.017768],[25.552501,36.96894],[25.44988,36.918443],[25.416677,36.973131]]],[[[25.178559,37.129462],[25.23878,37.151842],[25.223969,37.134345],[25.259288,37.123969],[25.27296,37.1376],[25.266124,37.151842],[25.293305,37.151842],[25.26295,37.08983],[25.262869,37.075588],[25.279796,37.069281],[25.266124,37.054999],[25.279796,37.048814],[25.204438,36.988959],[25.152843,36.986762],[25.103363,37.012885],[25.103038,37.024319],[25.112966,37.06273],[25.156261,37.089789],[25.135753,37.093817],[25.178559,37.129462]]],[[[25.834646,37.1376],[25.82838,37.123969],[25.842052,37.110297],[25.829112,37.097317],[25.800548,37.095933],[25.780528,37.123969],[25.834646,37.1376]]],[[[26.772716,37.182685],[26.808279,37.200263],[26.849783,37.187323],[26.844086,37.162014],[26.864268,37.153306],[26.886892,37.105699],[26.837576,37.104722],[26.852306,37.124579],[26.817231,37.119859],[26.816905,37.146552],[26.772716,37.182685]]],[[[27.082367,37.278103],[27.087657,37.302029],[27.103363,37.299506],[27.092214,37.287665],[27.101817,37.274278],[27.082367,37.278103]]],[[[26.729666,37.327379],[26.749685,37.309109],[26.789561,37.304633],[26.784516,37.277004],[26.762543,37.280911],[26.759288,37.297675],[26.719574,37.301296],[26.710785,37.316962],[26.729666,37.327379]]],[[[26.528575,37.300727],[26.536388,37.372707],[26.580577,37.370103],[26.60613,37.339545],[26.572439,37.347154],[26.548839,37.326565],[26.565196,37.308417],[26.567719,37.274644],[26.557302,37.271226],[26.528575,37.300727]]],[[[26.716645,37.412746],[26.759044,37.376125],[26.744151,37.360582],[26.709809,37.402615],[26.716645,37.412746]]],[[[24.898123,37.448676],[24.895356,37.510443],[24.929698,37.508124],[24.95753,37.459703],[24.94337,37.435492],[24.966156,37.407782],[24.881847,37.363511],[24.888682,37.398261],[24.861339,37.398261],[24.881847,37.425605],[24.868175,37.431789],[24.898123,37.448676]]],[[[25.395356,37.493964],[25.462901,37.470038],[25.457286,37.446031],[25.407725,37.436835],[25.402599,37.418158],[25.306977,37.411933],[25.326427,37.462877],[25.306977,37.472724],[25.312673,37.488227],[25.347992,37.508124],[25.377289,37.467434],[25.395356,37.493964]]],[[[26.926931,37.474189],[26.986176,37.473334],[27.007253,37.451646],[26.988292,37.458808],[26.958344,37.443915],[26.926931,37.474189]]],[[[27.184418,37.558702],[27.169281,37.564765],[27.149506,37.596666],[27.159434,37.598985],[27.184418,37.558702]]],[[[26.450694,37.566026],[26.429698,37.577541],[26.396007,37.576117],[26.440359,37.602607],[26.456635,37.579779],[26.450694,37.566026]]],[[[26.479259,37.559068],[26.47462,37.604722],[26.491954,37.58633],[26.51116,37.595608],[26.512706,37.617092],[26.49643,37.637681],[26.521332,37.650377],[26.540701,37.616685],[26.499115,37.575263],[26.50766,37.530585],[26.479259,37.559068]]],[[[26.098969,37.639065],[26.197439,37.63227],[26.254242,37.652004],[26.280772,37.675442],[26.362153,37.686265],[26.319102,37.634263],[26.230642,37.571357],[26.12794,37.555813],[26.057872,37.519232],[25.976329,37.516018],[25.979747,37.548651],[26.042003,37.617011],[26.098969,37.639065]]],[[[25.164806,37.645819],[25.245616,37.624213],[25.23878,37.617377],[25.259288,37.590033],[25.227306,37.537421],[25.169932,37.538642],[25.115571,37.560126],[25.047048,37.617377],[24.997895,37.637885],[24.981456,37.670233],[24.997895,37.681871],[25.053233,37.67886],[25.067393,37.672593],[25.059906,37.658352],[25.087901,37.64468],[25.122732,37.651679],[25.149425,37.631049],[25.164806,37.645819]]],[[[26.760916,37.689683],[26.708263,37.713568],[26.657237,37.704901],[26.622895,37.67886],[26.609223,37.686265],[26.598399,37.677191],[26.580251,37.74079],[26.594981,37.761379],[26.643891,37.772406],[26.658051,37.792792],[26.771821,37.814114],[26.842052,37.809149],[26.966075,37.747748],[26.9699,37.758775],[26.945079,37.788723],[26.973643,37.784491],[26.993419,37.796129],[26.993988,37.784003],[27.067882,37.7744],[27.032237,37.75316],[27.047537,37.72724],[27.065278,37.729071],[27.061209,37.706732],[27.000824,37.70661],[26.910004,37.678046],[26.869314,37.64468],[26.787446,37.647203],[26.760916,37.689683]]],[[[24.7317,37.89175],[24.716156,37.879096],[24.718028,37.898586],[24.683849,37.932685],[24.695649,37.935533],[24.693614,37.965766],[24.779063,38.00023],[24.793712,37.994086],[24.794688,37.977118],[24.830089,37.96308],[24.848399,37.914862],[24.953868,37.905992],[24.963715,37.896796],[24.94337,37.843329],[24.984874,37.815985],[24.95753,37.7744],[24.99171,37.768215],[24.994395,37.754096],[24.95753,37.706732],[24.963715,37.686265],[24.916026,37.719794],[24.8921,37.768215],[24.865245,37.77383],[24.81658,37.823879],[24.799978,37.815985],[24.7942,37.843817],[24.7317,37.89175]]],[[[26.04005,38.200181],[26.009776,38.156724],[25.974864,38.166002],[25.910411,38.226955],[25.889822,38.220649],[25.889822,38.247992],[25.866059,38.245673],[25.876231,38.275295],[25.934255,38.302639],[25.964366,38.302639],[25.975597,38.337226],[25.992198,38.343573],[25.985362,38.392035],[25.978038,38.385159],[25.950694,38.405666],[25.955577,38.428209],[25.943858,38.453437],[25.875255,38.483547],[25.834646,38.528551],[25.848888,38.58039],[26.01588,38.602037],[26.063975,38.590033],[26.108246,38.542792],[26.121918,38.556464],[26.115733,38.5633],[26.130707,38.567206],[26.163585,38.542792],[26.144379,38.492906],[26.121918,38.487535],[26.142426,38.473944],[26.136404,38.467719],[26.154063,38.467271],[26.139334,38.418891],[26.163585,38.302639],[26.113536,38.284247],[26.102224,38.261705],[26.112071,38.222602],[26.04005,38.200181]]],[[[26.329112,38.421983],[26.325369,38.441311],[26.355398,38.453152],[26.354015,38.426215],[26.329112,38.421983]]],[[[26.700043,38.542263],[26.729991,38.52086],[26.743826,38.463731],[26.731619,38.45836],[26.692882,38.482856],[26.700043,38.542263]]],[[[26.293305,38.498481],[26.278738,38.497463],[26.279145,38.515204],[26.293305,38.498481]]],[[[26.185069,38.542182],[26.268077,38.520494],[26.269949,38.513048],[26.252452,38.502021],[26.204112,38.514594],[26.185069,38.542182]]],[[[25.523041,38.54564],[25.518158,38.52912],[25.493744,38.532213],[25.507823,38.552598],[25.523041,38.54564]]],[[[25.523204,38.597398],[25.546641,38.597398],[25.588878,38.611721],[25.622325,38.583808],[25.604991,38.535346],[25.560802,38.535346],[25.560802,38.5633],[25.523204,38.597398]]],[[[26.437022,39.103502],[26.54713,39.008979],[26.54713,38.98786],[26.407074,38.969468],[26.276378,39.010647],[26.155284,39.02497],[26.115571,39.066718],[26.087901,39.077216],[26.102061,39.090888],[26.160167,39.097724],[26.180675,39.121283],[26.225597,39.131822],[26.293468,39.177151],[26.269786,39.200751],[26.225597,39.207587],[26.17335,39.195014],[26.097423,39.105658],[26.063975,39.090888],[25.888927,39.144721],[25.834646,39.187079],[25.849946,39.199408],[25.855154,39.221259],[25.842052,39.228013],[25.858653,39.259223],[25.917247,39.296942],[25.936371,39.276557],[26.033214,39.28266],[26.046886,39.303168],[26.060557,39.289496],[26.094005,39.310492],[26.162771,39.323635],[26.172537,39.335395],[26.163585,39.378852],[26.343028,39.383002],[26.362153,39.378852],[26.354747,39.356513],[26.417491,39.330471],[26.382172,39.277086],[26.466319,39.229234],[26.504731,39.185004],[26.539724,39.165961],[26.530772,39.150621],[26.550548,39.119208],[26.567638,39.11815],[26.579438,39.075344],[26.612315,39.049262],[26.610037,39.022935],[26.597423,39.011949],[26.539399,39.019355],[26.519298,39.036282],[26.526622,39.083441],[26.50587,39.109198],[26.437022,39.103502]]],[[[25.040375,39.520575],[24.99171,39.466986],[24.984874,39.466986],[24.973643,39.514635],[24.996755,39.561957],[25.047374,39.545356],[25.040375,39.520575]]],[[[25.983653,39.822089],[25.986013,39.842231],[26.077159,39.844672],[26.081716,39.799994],[26.074962,39.784898],[26.059093,39.786078],[25.983653,39.822089]]],[[[25.340343,39.874213],[25.355479,39.865546],[25.342784,39.854641],[25.369884,39.817125],[25.348969,39.787665],[25.295258,39.807685],[25.290294,39.830756],[25.23878,39.858059],[25.279796,39.889106],[25.250662,39.918524],[25.197113,39.892808],[25.225108,39.885403],[25.194184,39.873603],[25.177257,39.845038],[25.190929,39.851874],[25.202159,39.84101],[25.221039,39.809963],[25.214529,39.803412],[25.14324,39.817084],[25.169932,39.848456],[25.164887,39.859076],[25.135753,39.837592],[25.122081,39.858059],[25.047048,39.837592],[25.067393,39.858059],[25.047048,39.865546],[25.047048,39.878567],[25.059906,39.885403],[25.053233,39.898993],[25.068207,39.920803],[25.033376,39.995266],[25.132335,40.008857],[25.156261,39.995266],[25.225108,40.008857],[25.260997,39.990912],[25.285167,39.953355],[25.347992,39.981594],[25.382091,40.022528],[25.44988,40.0362],[25.436778,40.022528],[25.44988,39.98843],[25.401622,39.963772],[25.38559,39.944403],[25.388927,39.919501],[25.347992,39.90644],[25.3685,39.898993],[25.340343,39.874213]]],[[[25.971853,40.214342],[25.963064,40.157131],[26.012218,40.166571],[26.012218,40.146064],[25.990245,40.136908],[25.765961,40.097154],[25.663259,40.126166],[25.686209,40.160834],[25.759044,40.206732],[25.925955,40.242825],[25.971853,40.214342]]],[[[25.567149,40.399888],[25.443533,40.481879],[25.575857,40.514716],[25.671886,40.487494],[25.69752,40.461005],[25.695323,40.432685],[25.567149,40.399888]]],[[[27.656993,40.457506],[27.582042,40.465522],[27.60727,40.505439],[27.640473,40.494127],[27.635102,40.466783],[27.656993,40.457506]]],[[[28.542003,40.564399],[28.531586,40.514675],[28.519054,40.510199],[28.519054,40.561469],[28.542003,40.564399]]],[[[27.631358,40.663479],[27.702403,40.653022],[27.727794,40.642646],[27.732677,40.62519],[27.657563,40.605414],[27.604747,40.576809],[27.535981,40.601996],[27.53891,40.623358],[27.526378,40.639106],[27.538829,40.656928],[27.554535,40.646918],[27.631358,40.663479]]],[[[29.105235,40.847073],[29.111501,40.865505],[29.129893,40.87051],[29.117849,40.832587],[29.105235,40.847073]]],[[[-6.822092,34.039618],[-6.733754,34.162584],[-6.667795,34.280504],[-6.557932,34.417711],[-6.292104,34.880805],[-6.205393,35.124579],[-6.023915,35.501166],[-5.927235,35.780748],[-5.90803,35.797349],[-5.873402,35.801988],[-5.769276,35.792792],[-5.693512,35.834296],[-5.639719,35.836371],[-5.598988,35.822333],[-5.540028,35.850979],[-5.468861,35.910346],[-5.44811,35.918524],[-5.414198,35.909398],[-5.40549,35.926519],[-5.3662,35.92475],[-5.309316,35.900824],[-5.28307,35.911689],[-5.29186,35.89053],[-5.335561,35.862372],[-5.345693,35.832587],[-5.318756,35.701728],[-5.304799,35.685207],[-5.276763,35.685207],[-5.24942,35.584621],[-5.150787,35.516099],[-5.066274,35.417467],[-4.988515,35.387885],[-4.909332,35.314521],[-4.86498,35.301988],[-4.770497,35.241034],[-4.628285,35.20539],[-4.347646,35.150133],[-4.327056,35.154771],[-4.269399,35.184882],[-4.130605,35.204779],[-3.919342,35.266832],[-3.909413,35.255276],[-3.929529,35.24382],[-3.903901,35.214173],[-3.787465,35.209215],[-3.764801,35.218451],[-3.747141,35.263658],[-3.699574,35.290839],[-3.673573,35.287909],[-3.590972,35.233303],[-3.36205,35.194525],[-3.195139,35.238227],[-3.118031,35.294135],[-3.077056,35.287909],[-3.0454,35.314439],[-2.968577,35.446438],[-2.952219,35.433051],[-2.963043,35.373481],[-2.94811,35.330268],[-2.899037,35.259996],[-2.912343,35.235785],[-2.905141,35.17357],[-2.856068,35.131293],[-2.748118,35.115953],[-2.868276,35.217353],[-2.878407,35.246324],[-2.761098,35.143256],[-2.666737,35.108222],[-2.517486,35.099351],[-2.416737,35.149156],[-2.222564,35.089301],[-2.15689,35.100979],[-2.052358,35.075019],[-1.956451,35.075019],[-1.812734,35.126532],[-1.761138,35.129625],[-1.712799,35.1706],[-1.637685,35.194525],[-1.629506,35.212226],[-1.510365,35.295478],[-1.364003,35.318345],[-1.26773,35.390326],[-1.247304,35.45775],[-1.183339,35.576483],[-1.14802,35.582099],[-1.032948,35.682603],[-0.922678,35.725165],[-0.887563,35.715969],[-0.849477,35.73432],[-0.825022,35.768541],[-0.801666,35.773912],[-0.77717,35.756415],[-0.711293,35.742987],[-0.692454,35.719306],[-0.626454,35.722968],[-0.589345,35.742499],[-0.57726,35.770819],[-0.540924,35.767768],[-0.523427,35.77969],[-0.47704,35.859361],[-0.479482,35.890041],[-0.41804,35.883775],[-0.348541,35.90705],[-0.30191,35.87759],[-0.30191,35.842841],[-0.259429,35.817532],[-0.123891,35.786933],[-0.038482,35.8133],[0.034516,35.863267],[0.127289,36.050767],[0.219493,36.116523],[0.283458,36.134426],[0.321056,36.158881],[0.342296,36.205959],[0.451345,36.223212],[0.644054,36.328843],[0.753266,36.338609],[0.864757,36.377387],[0.925141,36.418158],[0.945567,36.452338],[1.04477,36.486884],[1.116954,36.487128],[1.178722,36.510891],[1.265473,36.515326],[1.367686,36.547919],[1.45281,36.528022],[1.716563,36.547919],[1.761241,36.561591],[1.802908,36.555365],[1.913829,36.570217],[1.97283,36.561591],[2.059906,36.570136],[2.3296,36.637274],[2.373302,36.633857],[2.404063,36.599189],[2.447276,36.590562],[2.600759,36.59634],[2.792979,36.692939],[2.849864,36.754055],[2.933116,36.80858],[2.977061,36.815863],[3.047862,36.794989],[3.101817,36.751899],[3.179373,36.742825],[3.221202,36.77143],[3.227306,36.812323],[3.340505,36.780707],[3.480479,36.777248],[3.550466,36.791449],[3.570567,36.80858],[3.612071,36.80858],[3.741873,36.891181],[3.827485,36.912909],[3.873871,36.917222],[3.948253,36.893297],[4.031423,36.897773],[4.104828,36.883734],[4.159516,36.904202],[4.21046,36.891181],[4.261974,36.911607],[4.320323,36.898017],[4.440684,36.911607],[4.550548,36.883734],[4.581554,36.894924],[4.769054,36.898017],[4.94988,36.839789],[5.045909,36.78852],[5.104828,36.781317],[5.084809,36.732611],[5.09018,36.716783],[5.23585,36.650946],[5.304373,36.643012],[5.464854,36.665229],[5.549001,36.709703],[5.562755,36.745998],[5.593923,36.773871],[5.733735,36.832343],[5.868826,36.822943],[6.03712,36.853583],[6.197032,36.90233],[6.256847,36.945787],[6.254405,36.998969],[6.266856,37.017768],[6.338715,37.069281],[6.415782,37.092963],[6.462413,37.09394],[6.5442,37.058783],[6.599457,36.97309],[6.822032,36.952623],[6.86964,36.929185],[6.879649,36.902086],[6.948578,36.890041],[7.092296,36.92593],[7.156993,36.9147],[7.239024,36.971503],[7.255544,37.015367],[7.181651,37.082953],[7.222667,37.089789],[7.27475,37.069322],[7.297699,37.082953],[7.335948,37.069281],[7.383474,37.082994],[7.404633,37.051581],[7.456065,37.041978],[7.490245,37.054999],[7.588878,36.987616],[7.67449,36.986762],[7.712738,36.963202],[7.770763,36.97012],[7.798595,36.993598],[7.774262,36.931464],[7.791189,36.918443],[7.773448,36.88996],[7.809906,36.86815],[7.908458,36.849555],[8.049978,36.87759],[8.233165,36.958075],[8.288097,36.92593],[8.388845,36.923245],[8.463227,36.901557],[8.692149,36.969387],[8.802013,36.97309],[8.903656,37.021674],[8.956879,37.069281],[8.987641,37.116848],[9.038748,37.151842],[9.15919,37.192816],[9.210704,37.233832],[9.34254,37.235338],[9.419119,37.275824],[9.453868,37.268297],[9.552745,37.309516],[9.591482,37.302924],[9.649262,37.331855],[9.74464,37.345201],[9.773448,37.330512],[9.858897,37.328803],[9.861664,37.271186],[9.792735,37.238023],[9.771821,37.213324],[9.815929,37.151842],[9.879893,37.150092],[9.914317,37.17829],[9.924978,37.213121],[9.861176,37.233832],[9.819591,37.227607],[9.882498,37.263577],[9.979828,37.246039],[10.059825,37.264838],[10.075857,37.24494],[10.146251,37.236518],[10.178722,37.212714],[10.272146,37.178534],[10.211274,37.158677],[10.205821,37.175116],[10.177989,37.177965],[10.128103,37.158677],[10.135427,37.14232],[10.161632,37.134345],[10.211274,37.1376],[10.227061,37.117662],[10.224376,37.095933],[10.21754,37.110297],[10.174327,37.076239],[10.182384,37.027045],[10.220063,36.97663],[10.313731,36.918443],[10.347179,36.880276],[10.298839,36.821763],[10.272146,36.829088],[10.279552,36.844306],[10.25294,36.84634],[10.210704,36.831855],[10.188487,36.797593],[10.247244,36.786282],[10.272146,36.816067],[10.320079,36.748765],[10.355317,36.731187],[10.436995,36.728839],[10.518713,36.755797],[10.538233,36.772026],[10.566905,36.863227],[10.584972,36.876166],[10.652599,36.876899],[10.733466,36.895812],[10.887543,37.006008],[10.90211,37.048814],[10.974132,37.061265],[11.012706,37.084784],[11.051036,37.080308],[11.060313,37.062486],[11.04835,37.020331],[11.087738,36.959418],[11.094493,36.918443],[11.136227,36.87053],[11.116767,36.838412],[11.02214,36.788276],[10.879519,36.588475],[10.825662,36.479811],[10.799929,36.451885],[10.717154,36.434551],[10.620441,36.39028],[10.585564,36.398132],[10.550928,36.377256],[10.519085,36.337472],[10.491068,36.258066],[10.474695,36.112486],[10.518565,35.979967],[10.582286,35.92182],[10.622081,35.842597],[10.693696,35.787787],[10.74362,35.769672],[10.803722,35.786933],[10.82309,35.780463],[10.84142,35.766548],[10.824522,35.733389],[10.841156,35.698798],[10.971816,35.654138],[11.011974,35.657904],[11.040998,35.63773],[11.055022,35.614476],[11.0171,35.602281],[11.014903,35.555162],[11.039236,35.5185],[11.085057,35.506785],[11.05769,35.486733],[11.050666,35.459782],[11.042233,35.334435],[11.101329,35.266832],[11.160782,35.238232],[11.15916,35.218757],[11.111578,35.205595],[11.062912,35.153639],[11.01588,35.092841],[11.018105,35.034191],[10.917654,34.957424],[10.916336,34.873569],[10.856293,34.830878],[10.871421,34.797367],[10.811262,34.76888],[10.717296,34.66474],[10.625255,34.633246],[10.597023,34.544713],[10.559376,34.52349],[10.465994,34.511949],[10.431895,34.496324],[10.378724,34.42308],[10.288097,34.414008],[10.247244,34.372138],[10.12672,34.325629],[10.102161,34.304075],[10.054034,34.213163],[10.005219,34.17064],[10.04401453556216,34.0],[-6.86578016337904,34.0],[-6.822092,34.039618]]],[[[35.64084866966539,34.0],[35.627208,34.019843],[35.626964,34.044257],[35.647716,34.119127],[35.630382,34.152818],[35.627208,34.201117],[35.647716,34.222154],[35.665212,34.311347],[35.688731,34.328315],[35.705821,34.316596],[35.750743,34.389797],[35.806163,34.414984],[35.823578,34.434516],[35.805431,34.464911],[35.903331,34.477973],[35.98878,34.55272],[35.986827,34.620795],[35.931163,34.740953],[35.928966,34.790717],[35.866873,34.924221],[35.881358,34.944973],[35.873546,34.978827],[35.900564,35.021918],[35.887869,35.109198],[35.962413,35.197943],[35.915294,35.287909],[35.928966,35.321479],[35.918956,35.41767],[35.81837,35.508938],[35.770518,35.504218],[35.778087,35.541164],[35.737071,35.561672],[35.743337,35.582099],[35.723399,35.582099],[35.778494,35.612738],[35.784353,35.630561],[35.771169,35.667792],[35.800059,35.681464],[35.840343,35.747463],[35.835948,35.789984],[35.798595,35.849677],[35.87086,35.851793],[35.885265,35.885972],[35.976736,36.000963],[35.948416,36.087836],[35.852224,36.213528],[35.840994,36.244534],[35.798595,36.281684],[35.788748,36.320258],[35.824474,36.36107],[35.856781,36.369778],[35.873546,36.397691],[35.908458,36.418158],[35.918712,36.448188],[35.990245,36.479641],[36.044932,36.537665],[36.189138,36.60399],[36.216156,36.657782],[36.198741,36.784573],[36.09547,36.897121],[36.020274,36.926337],[35.985037,36.915595],[35.805431,36.775092],[35.684093,36.764635],[35.647716,36.753974],[35.613536,36.719875],[35.618175,36.731635],[35.6067,36.740383],[35.573009,36.70067],[35.579438,36.685126],[35.594493,36.701728],[35.616873,36.696234],[35.619802,36.712388],[35.634044,36.699368],[35.634044,36.726711],[35.648123,36.733222],[35.664806,36.712388],[35.709158,36.719875],[35.650157,36.697821],[35.6067,36.657782],[35.608653,36.646877],[35.695567,36.706204],[35.652192,36.666734],[35.631358,36.607164],[35.55714,36.58747],[35.490001,36.613918],[35.478689,36.598538],[35.531016,36.582709],[35.445486,36.59634],[35.346039,36.541083],[35.32016,36.564683],[34.98227,36.720771],[34.900401,36.719875],[34.907888,36.740383],[34.85255,36.781317],[34.770763,36.816067],[34.692882,36.81387],[34.554698,36.767646],[34.533865,36.740383],[34.415212,36.662909],[34.276215,36.586982],[34.177745,36.473375],[34.077322,36.413886],[34.077891,36.328843],[33.999766,36.302924],[33.958995,36.213568],[33.941417,36.213365],[33.950938,36.237698],[33.930919,36.290473],[33.871104,36.314887],[33.811046,36.267401],[33.824718,36.259914],[33.799083,36.230658],[33.742849,36.213365],[33.705251,36.181708],[33.688243,36.13703],[33.647227,36.192572],[33.619884,36.185452],[33.552257,36.127509],[33.530528,36.130805],[33.5442,36.144477],[33.458263,36.158149],[33.386485,36.13703],[33.326834,36.150092],[33.30836,36.132229],[33.212413,36.124091],[33.156912,36.13703],[33.134044,36.131781],[33.087738,36.082831],[32.940929,36.103502],[32.865245,36.071845],[32.803722,36.027167],[32.670665,36.046698],[32.567882,36.096096],[32.513438,36.103013],[32.365489,36.177965],[32.318696,36.228583],[32.287283,36.244818],[32.276134,36.287828],[32.192149,36.358385],[32.174327,36.402411],[32.132091,36.438666],[32.102061,36.486151],[32.018809,36.546536],[31.90797,36.562649],[31.862478,36.58869],[31.816742,36.589504],[31.769054,36.610012],[31.736583,36.642279],[31.703461,36.643622],[31.627615,36.670844],[31.596202,36.695705],[31.378591,36.767646],[31.376313,36.791938],[31.340831,36.80858],[30.939708,36.857001],[30.77589,36.849555],[30.686534,36.891181],[30.601736,36.838121],[30.569835,36.781317],[30.565766,36.700181],[30.576671,36.6789],[30.556163,36.637885],[30.576671,36.589504],[30.583507,36.59634],[30.569835,36.528022],[30.520844,36.489732],[30.47462,36.401597],[30.476329,36.384223],[30.501638,36.363593],[30.494151,36.349311],[30.519867,36.341864],[30.47877,36.30858],[30.466807,36.287828],[30.487966,36.287828],[30.427419,36.226386],[30.398611,36.205959],[30.400401,36.248114],[30.384288,36.274237],[30.360525,36.268622],[30.254568,36.308295],[30.158539,36.298651],[30.144705,36.25434],[30.131033,36.274237],[30.124766,36.246894],[30.110606,36.25434],[30.110606,36.240058],[30.048188,36.258775],[30.034841,36.25434],[30.055919,36.246894],[29.988455,36.21776],[29.916515,36.219062],[29.830089,36.185452],[29.836925,36.177965],[29.802582,36.17182],[29.82309,36.164984],[29.779552,36.13935],[29.761729,36.13703],[29.775401,36.158149],[29.754893,36.150702],[29.719249,36.162665],[29.672374,36.123358],[29.668224,36.143785],[29.633962,36.15705],[29.623871,36.177965],[29.63738,36.172431],[29.6421,36.186957],[29.583507,36.185452],[29.623871,36.199123],[29.494477,36.211005],[29.43214,36.240058],[29.420421,36.230618],[29.411632,36.267401],[29.381602,36.263902],[29.34962,36.232611],[29.23463,36.324286],[29.174978,36.33983],[29.158458,36.356757],[29.144705,36.349311],[29.144705,36.377183],[29.096365,36.390937],[29.130382,36.411363],[29.124197,36.453599],[29.096365,36.473456],[29.124278,36.493313],[29.114919,36.55268],[29.096365,36.547919],[29.084321,36.560248],[29.014415,36.547919],[29.036876,36.561469],[29.020518,36.589504],[29.041759,36.624254],[29.055837,36.614244],[29.096365,36.64411],[29.090587,36.627102],[29.116873,36.634223],[29.096365,36.665229],[28.956309,36.727525],[28.938975,36.751288],[28.89088,36.712388],[28.897716,36.699368],[28.863536,36.692572],[28.862478,36.667914],[28.849946,36.665229],[28.870372,36.63052],[28.888031,36.648424],[28.884044,36.671454],[28.901703,36.658271],[28.863536,36.616848],[28.86964,36.606635],[28.828868,36.602525],[28.818614,36.620795],[28.84254,36.637885],[28.805024,36.65526],[28.787852,36.650946],[28.782725,36.677395],[28.746349,36.697699],[28.701671,36.705064],[28.664887,36.692572],[28.649181,36.718329],[28.623383,36.699368],[28.603526,36.733547],[28.61671,36.766995],[28.603526,36.794989],[28.610362,36.816067],[28.59669,36.794989],[28.575857,36.819525],[28.546153,36.823432],[28.524425,36.8133],[28.527843,36.788764],[28.486827,36.801744],[28.500499,36.816067],[28.456065,36.828518],[28.452647,36.849555],[28.466319,36.853339],[28.451996,36.883612],[28.436209,36.864732],[28.37672,36.854438],[28.390636,36.835924],[28.424815,36.829088],[28.396007,36.789496],[28.314952,36.816067],[28.314952,36.794989],[28.278168,36.796454],[28.278331,36.814154],[28.314952,36.829088],[28.273123,36.851996],[28.257172,36.846177],[28.236664,36.813218],[28.253429,36.788764],[28.248871,36.766832],[28.288585,36.74258],[28.295095,36.719875],[28.267263,36.730902],[28.246593,36.712388],[28.233572,36.719875],[28.225434,36.706204],[28.233572,36.699368],[28.162283,36.672675],[28.111501,36.604193],[28.088145,36.589057],[28.061697,36.59634],[28.035899,36.564765],[28.013845,36.575873],[28.003673,36.561916],[27.977712,36.565741],[27.959239,36.602525],[28.034434,36.602525],[28.08961,36.64411],[28.075938,36.657782],[28.048025,36.637885],[28.061209,36.66474],[28.037934,36.690619],[28.029633,36.670356],[27.980154,36.675849],[27.966075,36.688788],[28.04184,36.719875],[28.08961,36.726711],[28.085948,36.710598],[28.100597,36.709621],[28.116384,36.718817],[28.116873,36.733547],[28.082205,36.747138],[28.110037,36.775092],[28.130544,36.753974],[28.118419,36.800605],[28.094981,36.801418],[28.047211,36.763332],[28.034434,36.775092],[27.966075,36.747138],[27.954112,36.759589],[27.917654,36.740383],[27.912446,36.754136],[27.89031,36.740383],[27.870372,36.75259],[27.856212,36.740383],[27.806488,36.76081],[27.719412,36.756252],[27.684255,36.726711],[27.671153,36.657782],[27.619884,36.676459],[27.559744,36.674628],[27.554535,36.685126],[27.472667,36.650946],[27.448416,36.665229],[27.404307,36.665229],[27.394054,36.684149],[27.362804,36.685126],[27.368663,36.697414],[27.355805,36.712388],[27.414317,36.709296],[27.449555,36.753974],[27.611501,36.765326],[27.623383,36.801744],[27.645356,36.806464],[27.691173,36.784329],[27.76002,36.781317],[27.799083,36.806627],[27.897146,36.812323],[27.939952,36.79564],[27.994151,36.798407],[28.027517,36.781317],[28.055431,36.80858],[28.039561,36.826646],[28.007009,36.829088],[28.024587,36.839097],[28.007009,36.857001],[28.055431,36.870673],[28.021251,36.911607],[28.04184,36.911607],[28.027517,36.92593],[28.061697,36.92593],[28.04184,36.93891],[28.157237,36.932115],[28.165294,36.911607],[28.157237,36.945787],[28.185232,36.93891],[28.212413,36.97309],[28.198904,36.980536],[28.212413,37.000434],[28.24464,36.988186],[28.246593,37.00788],[28.329356,37.03677],[28.304698,37.050849],[28.126231,37.035875],[28.10727,37.032131],[28.110037,37.014106],[27.986583,37.035142],[27.951834,37.02147],[27.886241,37.02619],[27.787852,37.00788],[27.780447,36.993598],[27.687673,37.005439],[27.636485,36.980536],[27.567149,36.996649],[27.562022,36.97309],[27.528331,36.991278],[27.472667,36.993598],[27.438487,37.027737],[27.408051,37.016832],[27.396821,37.027737],[27.383311,36.993598],[27.376475,37.027737],[27.328624,37.014106],[27.326508,36.985989],[27.300629,36.97309],[27.308116,36.959418],[27.263194,36.963365],[27.22877,37.061835],[27.239106,37.082953],[27.294444,37.110297],[27.260427,37.110297],[27.25294,37.123969],[27.321788,37.123969],[27.321788,37.158677],[27.33961,37.150539],[27.342296,37.130113],[27.383311,37.151842],[27.386567,37.130072],[27.438487,37.123969],[27.431,37.117743],[27.459809,37.089504],[27.565115,37.125637],[27.575531,37.1376],[27.554535,37.130113],[27.527843,37.192816],[27.587657,37.198798],[27.575531,37.178534],[27.609874,37.199652],[27.588552,37.211127],[27.589366,37.230699],[27.609874,37.247463],[27.615977,37.274726],[27.594412,37.28384],[27.553233,37.272935],[27.514659,37.229315],[27.500011,37.233832],[27.517751,37.245998],[27.5088,37.268052],[27.463634,37.252021],[27.491384,37.327338],[27.472667,37.343695],[27.468516,37.315619],[27.446137,37.305609],[27.396821,37.323147],[27.388682,37.345282],[27.396739,37.365627],[27.438487,37.390815],[27.407237,37.412746],[27.370291,37.405097],[27.346202,37.370592],[27.321788,37.370917],[27.330333,37.35163],[27.246104,37.336168],[27.190766,37.357327],[27.20753,37.37641],[27.205089,37.398261],[27.226248,37.405097],[27.222504,37.476752],[27.192638,37.478664],[27.177745,37.466539],[27.19044,37.512681],[27.180431,37.544582],[27.184581,37.555894],[27.200369,37.547553],[27.209321,37.5633],[27.208507,37.596869],[27.136241,37.631049],[27.011485,37.665717],[27.020763,37.686265],[27.127208,37.688544],[27.213145,37.713446],[27.249522,37.74433],[27.261567,37.803534],[27.237153,37.845445],[27.239106,37.864407],[27.260427,37.884223],[27.260427,37.919013],[27.27475,37.929023],[27.239106,37.987942],[27.141124,37.986029],[27.07016,38.020006],[27.055919,38.045722],[26.975434,38.065253],[26.893403,38.05622],[26.873057,38.035102],[26.842052,38.076077],[26.835216,38.131293],[26.79363,38.172268],[26.776052,38.165229],[26.773692,38.207017],[26.760265,38.216742],[26.635916,38.203599],[26.622895,38.138739],[26.609223,38.144965],[26.612153,38.117865],[26.594981,38.103949],[26.567638,38.144965],[26.567149,38.123969],[26.556895,38.122301],[26.523774,38.147406],[26.519298,38.179674],[26.49171,38.174018],[26.417491,38.220649],[26.417491,38.200181],[26.390147,38.223822],[26.390147,38.261664],[26.375011,38.234809],[26.354015,38.228258],[26.23463,38.27383],[26.23878,38.295803],[26.265391,38.286689],[26.285899,38.318671],[26.307628,38.323065],[26.28891,38.340644],[26.294119,38.369859],[26.307628,38.357856],[26.321137,38.377672],[26.325938,38.354926],[26.314301,38.336737],[26.35613,38.316881],[26.38502,38.318427],[26.383311,38.343573],[26.417491,38.336737],[26.475922,38.366889],[26.477061,38.386868],[26.451508,38.426093],[26.489106,38.406195],[26.513031,38.432929],[26.440766,38.472805],[26.387869,38.45425],[26.403819,38.487535],[26.36964,38.535346],[26.375824,38.528551],[26.348969,38.635484],[26.356293,38.661689],[26.403005,38.677314],[26.465587,38.672675],[26.505626,38.652655],[26.630382,38.519232],[26.643321,38.467719],[26.588145,38.460883],[26.605235,38.453803],[26.588145,38.418687],[26.622081,38.405341],[26.673106,38.307196],[26.699962,38.325751],[26.677501,38.343573],[26.670665,38.385159],[26.702403,38.430162],[26.725352,38.432929],[26.766856,38.364081],[26.787364,38.371527],[26.795095,38.358629],[26.924571,38.377672],[27.013357,38.412502],[27.088634,38.402248],[27.164236,38.453437],[27.022309,38.46247],[26.935395,38.434882],[26.945079,38.446601],[26.897634,38.494696],[26.849294,38.512397],[26.814708,38.542792],[26.889822,38.508043],[26.835216,38.549018],[26.848888,38.597398],[26.834239,38.608222],[26.79363,38.597398],[26.801036,38.611721],[26.753184,38.617906],[26.759451,38.638414],[26.719086,38.652655],[26.753184,38.666327],[26.719086,38.720933],[26.818207,38.755439],[26.903494,38.734565],[26.897227,38.748277],[26.923025,38.762152],[26.931407,38.755072],[26.935069,38.770453],[26.931407,38.789252],[26.924571,38.781724],[26.897227,38.816555],[26.937673,38.830227],[26.943858,38.808743],[26.960785,38.806138],[26.971446,38.819159],[26.958751,38.844468],[27.013357,38.871161],[27.033539,38.8605],[27.062673,38.886868],[27.04127,38.891669],[27.057872,38.918524],[27.04127,38.94009],[26.982595,38.919623],[26.962413,38.94009],[26.934255,38.930894],[26.924571,38.94009],[26.866222,38.913398],[26.806488,38.950141],[26.799164,38.998358],[26.814708,39.021959],[26.79363,39.021959],[26.873057,39.062934],[26.883149,39.071601],[26.875255,39.090888],[26.823741,39.149075],[26.737804,39.197211],[26.718761,39.262885],[26.609223,39.275214],[26.645518,39.317572],[26.653819,39.306464],[26.635916,39.296942],[26.670665,39.28266],[26.670258,39.305976],[26.814708,39.399359],[26.801036,39.406195],[26.801036,39.433539],[26.850841,39.439765],[26.863048,39.44717],[26.852061,39.461819],[26.867931,39.471503],[26.929861,39.487738],[26.945079,39.539618],[26.937673,39.574774],[26.893403,39.584377],[26.832856,39.55683],[26.807872,39.570705],[26.456798,39.521186],[26.362153,39.48135],[26.286632,39.487616],[26.249278,39.465644],[26.231781,39.474514],[26.112966,39.459174],[26.074229,39.474514],[26.069998,39.496283],[26.110688,39.597886],[26.148204,39.626044],[26.156749,39.649237],[26.163585,39.704169],[26.136404,39.755683],[26.154959,39.826158],[26.136404,39.837592],[26.156749,39.898993],[26.149913,39.933783],[26.197765,40.008857],[26.25115,39.994859],[26.353201,40.052151],[26.369395,40.102932],[26.389008,40.10517],[26.399587,40.120836],[26.396332,40.172756],[26.40797,40.193671],[26.500743,40.212958],[26.735606,40.403551],[26.897227,40.406155],[26.991466,40.388617],[27.013357,40.392483],[27.096365,40.452297],[27.215343,40.447699],[27.286957,40.468207],[27.328624,40.41356],[27.294444,40.406155],[27.337576,40.370307],[27.452322,40.322008],[27.55128,40.308824],[27.612966,40.331],[27.687999,40.313788],[27.71225,40.324205],[27.762706,40.315375],[27.789806,40.320461],[27.813243,40.347113],[27.883556,40.386298],[27.815278,40.399888],[27.791759,40.39289],[27.785818,40.412909],[27.756358,40.432603],[27.750173,40.457587],[27.725841,40.461371],[27.684255,40.496161],[27.722423,40.526272],[27.750173,40.524726],[27.76002,40.537055],[27.780447,40.515326],[27.804698,40.522773],[27.9699,40.502997],[28.034434,40.474433],[28.016775,40.451077],[27.903982,40.399888],[27.908458,40.374213],[27.944672,40.366034],[28.027517,40.372016],[28.11199,40.396064],[28.347992,40.404039],[28.486827,40.399888],[28.458832,40.379462],[28.545421,40.391303],[28.637706,40.36518],[28.771983,40.402533],[28.884044,40.386298],[28.938731,40.36518],[29.033946,40.364447],[29.065684,40.375718],[29.090099,40.427232],[29.151541,40.434068],[29.111501,40.466132],[29.065684,40.481879],[29.010997,40.481879],[28.969493,40.461371],[28.916677,40.470893],[28.828461,40.513007],[28.774181,40.522773],[28.792654,40.55329],[28.897716,40.591742],[28.986339,40.644761],[29.281586,40.66592],[29.391856,40.707831],[29.41684,40.686754],[29.490571,40.72724],[29.527517,40.721503],[29.559906,40.691067],[29.753266,40.724555],[29.867198,40.728909],[29.924164,40.716457],[29.939301,40.735053],[29.92921,40.758043],[29.775401,40.748725],[29.737559,40.769843],[29.666189,40.783515],[29.428722,40.776068],[29.377778,40.756537],[29.329112,40.790351],[29.343435,40.797797],[29.339529,40.807807],[29.31544,40.824449],[29.254568,40.810777],[29.274587,40.838772],[29.294932,40.838772],[29.263927,40.869778],[29.144786,40.91413],[29.083181,40.959662],[29.028087,40.982123],[29.034841,40.989569],[29.007579,41.030504],[29.062348,41.076321],[29.090587,41.140937],[29.069102,41.152777],[29.130056,41.2119],[29.169688,41.2331],[29.206228,41.229193],[29.231781,41.240709],[29.884613,41.148993],[30.136892,41.143785],[30.217052,41.167141],[30.282481,41.215522],[30.369965,41.181342],[30.699229,41.121527],[30.748057,41.091986],[30.833263,41.079901],[31.090587,41.08515],[31.124766,41.098131],[31.231212,41.091986],[31.323578,41.133857],[31.392751,41.188422],[31.419607,41.280341],[31.396169,41.295478],[31.403575,41.316474],[31.471039,41.324774],[31.498302,41.352037],[31.658946,41.397935],[31.871593,41.504584],[32.039399,41.575588],[32.161876,41.612006],[32.263357,41.72016],[32.351817,41.729438],[32.382579,41.75609],[32.399669,41.742499],[32.534841,41.810736],[32.57781,41.811347],[32.612559,41.839545],[32.67921,41.83633],[32.755382,41.859117],[32.926117,41.881822],[33.324474,42.019029],[33.540538,42.010647],[33.613455,41.99372],[33.873546,41.974433],[34.003591,41.982652],[34.331309,41.947943],[34.482677,41.975246],[34.561778,41.95185],[34.694184,41.94595],[34.798595,41.962226],[34.889008,42.007799],[34.941905,42.069281],[34.94809,42.098782],[35.003429,42.08511],[35.023936,42.092515],[35.048839,42.065131],[35.044444,42.051581],[35.081554,42.029202],[35.1338,42.023627],[35.171235,42.044135],[35.216319,42.023627],[35.137543,42.019517],[35.11671,42.006903],[35.092133,41.928046],[35.125743,41.875312],[35.209483,41.811347],[35.195811,41.804511],[35.224783,41.761868],[35.298188,41.715155],[35.401052,41.691555],[35.48585,41.645087],[35.576671,41.629706],[35.893809,41.707465],[35.956798,41.736274],[35.928966,41.70893],[35.915294,41.646226],[35.934337,41.692125],[35.972911,41.728583],[36.038097,41.687812],[36.044932,41.701483],[36.120453,41.627753],[36.134451,41.599066],[36.119965,41.49433],[36.134451,41.4619],[36.204763,41.40648],[36.236827,41.358873],[36.331879,41.323188],[36.343761,41.288723],[36.39503,41.256415],[36.45102,41.240424],[36.517914,41.262641],[36.579356,41.307318],[36.619884,41.375067],[36.758067,41.366278],[36.836681,41.350775],[36.984874,41.294501],[37.01531,41.274604],[37.031912,41.242825],[37.039724,41.181545],[37.135509,41.146633],[37.299327,41.140367],[37.333507,41.11933],[37.395356,41.108466],[37.52475,41.037177],[37.580577,41.03677],[37.607921,41.050442],[37.640147,41.101549],[37.689789,41.140367],[37.715099,41.114732],[37.783865,41.122626],[37.785167,41.060004],[37.867931,41.01557],[37.895763,40.982123],[37.934744,40.995103],[38.201427,40.941352],[38.268321,40.950385],[38.330903,40.917873],[38.539399,40.926907],[38.591563,40.962551],[38.637055,40.97602],[38.677908,40.948635],[38.717621,40.954779],[38.783702,41.001776],[38.875824,41.018948],[38.908376,41.037665],[39.041759,41.043402],[39.122325,41.057278],[39.168305,41.079739],[39.273204,41.050442],[39.430186,41.112494],[39.492931,41.10102],[39.630056,41.00849],[39.669688,41.002631],[39.729991,41.017157],[39.799164,41.000312],[39.895681,40.954779],[39.99936,40.982123],[40.085704,40.926459],[40.142751,40.922797],[40.301036,40.968451],[40.464854,41.050442],[40.499685,41.038764],[40.557384,41.042467],[40.62615,41.08218],[40.698253,41.098131],[40.757579,41.158352],[40.827485,41.197943],[40.922048,41.190619],[41.042735,41.232489],[41.121349,41.285549],[41.190766,41.295722],[41.285004,41.353827],[41.390391,41.37934],[41.424164,41.407864],[41.438162,41.451361],[41.507091,41.495429],[41.615733,41.632636],[41.676036,41.662177],[41.739757,41.749905],[41.743907,41.778632],[41.773936,41.821601],[41.773936,41.906928],[41.755707,42.006415],[41.664073,42.113959],[41.649181,42.212226],[41.596202,42.349433],[41.554861,42.389838],[41.500173,42.64057],[41.457367,42.71369],[41.424327,42.739895],[41.307302,42.767646],[41.225352,42.802314],[41.150238,42.79564],[41.104747,42.846584],[41.081798,42.908149],[41.023123,42.989976],[40.958995,42.976386],[40.933767,42.982733],[40.855968,43.063056],[40.682872,43.094306],[40.591807,43.085639],[40.520193,43.127265],[40.398285,43.16234],[40.361176,43.165473],[40.335134,43.140855],[40.268403,43.216376],[40.272797,43.247992],[40.219086,43.319037],[40.133474,43.34162],[40.086925,43.370307],[39.93336,43.406684],[39.867931,43.495673],[39.718272,43.567776],[39.690766,43.613837],[39.618907,43.644599],[39.45753,43.770901],[39.329356,43.896226],[39.116384,44.023505],[39.061209,44.076117],[39.011567,44.100287],[38.978282,44.148261],[38.855642,44.184516],[38.758311,44.273627],[38.595063,44.331936],[38.309825,44.366156],[38.288422,44.385159],[38.217296,44.387193],[38.177745,44.405992],[38.108084,44.497056],[38.062836,44.524237],[38.056163,44.558987],[38.011892,44.552314],[37.984548,44.564276],[37.928071,44.605943],[37.936209,44.634263],[37.874848,44.689399],[37.778494,44.729804],[37.822439,44.668158],[37.82016,44.647895],[37.800059,44.63524],[37.736501,44.635688],[37.631847,44.669013],[37.577159,44.655341],[37.508962,44.675279],[37.498709,44.668402],[37.436534,44.716783],[37.371104,44.74787],[37.317882,44.846177],[37.292491,44.867621],[37.31129,44.890855],[37.306,44.909654],[37.191905,44.991034],[36.840099,45.109361],[36.701671,45.103827],[36.641368,45.128363],[36.578136,45.187079],[36.594737,45.20482],[36.706716,45.202826],[36.785411,45.230699],[36.840831,45.232856],[36.961681,45.282945],[36.970388,45.303046],[36.947276,45.320217],[36.788829,45.292182],[36.758067,45.354234],[36.775727,45.364814],[36.802501,45.31269],[36.812185,45.316392],[36.812185,45.347398],[36.847504,45.367336],[36.805919,45.370754],[36.781586,45.387641],[36.727794,45.371772],[36.668142,45.326361],[36.666515,45.340399],[36.705089,45.391018],[36.833263,45.44302],[36.895274,45.429999],[37.066661,45.353827],[37.139415,45.335517],[37.11378,45.31269],[37.106944,45.271674],[37.065929,45.261461],[37.07838,45.238959],[37.236501,45.255316],[37.254405,45.276923],[37.319184,45.271674],[37.274262,45.294135],[37.173676,45.300116],[37.158946,45.326077],[37.347667,45.327704],[37.381358,45.306464],[37.519298,45.369289],[37.504731,45.333808],[37.542654,45.347398],[37.600841,45.331366],[37.607921,45.31269],[37.566742,45.299628],[37.591075,45.289374],[37.635102,45.333808],[37.651622,45.31269],[37.736013,45.306138],[37.69988,45.339179],[37.758067,45.402045],[37.717052,45.388983],[37.723481,45.414618],[37.702891,45.457261],[37.744395,45.450426],[37.686046,45.484036],[37.699718,45.562812],[37.649425,45.584947],[37.635102,45.6081],[37.623302,45.585883],[37.662446,45.566555],[37.635102,45.552883],[37.65504,45.508205],[37.641938,45.504462],[37.640798,45.455959],[37.619151,45.418402],[37.586274,45.43244],[37.595063,45.635321],[37.607921,45.662746],[37.626475,45.66828],[37.631114,45.648993],[37.614594,45.642279],[37.670909,45.609687],[37.682302,45.627997],[37.702891,45.621772],[37.66684,45.669013],[37.829438,45.75316],[37.861095,45.806098],[37.902029,45.950751],[37.940115,46.020331],[38.037852,46.056545],[38.097504,46.057807],[38.032481,46.025214],[38.073985,46.025214],[38.04184,45.961086],[38.080333,45.946357],[38.073009,45.908759],[38.001231,45.832587],[38.039561,45.816067],[38.060313,45.826606],[38.049815,45.854885],[38.073985,45.881822],[38.097504,45.950751],[38.121104,45.97134],[38.138927,46.030097],[38.162771,46.060004],[38.167491,46.12051],[38.24879,46.141547],[38.271983,46.135688],[38.319591,46.093451],[38.445811,46.034247],[38.559906,46.03266],[38.57602,46.087348],[38.556814,46.11518],[38.300059,46.218655],[38.271251,46.274156],[38.087657,46.39643],[37.980642,46.400336],[37.977794,46.382148],[38.018728,46.368476],[37.995372,46.354438],[37.970958,46.361802],[37.827322,46.476508],[37.755138,46.645941],[37.730724,46.670111],[37.737559,46.676337],[37.852224,46.622504],[37.98227,46.617499],[38.036794,46.629462],[38.123302,46.686469],[38.213878,46.696194],[38.271739,46.732367],[38.31365,46.676337],[38.46225,46.646959],[38.591645,46.659247],[38.598155,46.677924],[38.566742,46.709947],[38.470551,46.743476],[38.389334,46.731594],[38.378184,46.708157],[38.368175,46.755439],[38.403005,46.779975],[38.403005,46.82095],[38.47462,46.861884],[38.553071,46.848293],[38.690929,46.863837],[38.803722,46.893541],[38.865733,46.942939],[38.937348,46.947455],[39.075206,47.03266],[39.114919,47.012763],[39.153087,47.026353],[39.28004,47.012763],[39.303559,47.084703],[39.388682,47.11518],[39.354666,47.131049],[39.329356,47.128363],[39.28004,47.087836],[39.264903,47.096625],[39.273204,47.135647],[39.249197,47.148139],[39.252615,47.180325],[39.281586,47.205268],[39.264008,47.26081],[39.088145,47.286444],[39.013438,47.254462],[38.944591,47.252753],[38.930512,47.221625],[38.937755,47.189765],[38.847423,47.16356],[38.553071,47.135647],[38.568044,47.11518],[38.517426,47.119045],[38.478038,47.142483],[38.559906,47.218207],[38.775645,47.24551],[38.821137,47.276313],[38.810395,47.287828],[38.782888,47.259101],[38.553396,47.229804],[38.427908,47.133531],[38.224132,47.108344],[38.142263,47.037665],[38.108084,47.026353],[38.130056,47.074652],[38.071544,47.099799],[38.026215,47.08161],[37.861095,47.101508],[37.710297,47.074164],[37.58074,47.090399],[37.546397,47.08161],[37.482921,47.035956],[37.335216,46.882473],[37.312999,46.875556],[37.317393,46.900824],[37.295421,46.920233],[37.227061,46.936998],[37.028819,46.875556],[36.938813,46.839504],[36.886241,46.804023],[36.853689,46.800482],[36.862478,46.776923],[36.8296,46.731879],[36.812266,46.680569],[36.769298,46.637397],[36.743826,46.649604],[36.771658,46.643459],[36.802501,46.724758],[36.758067,46.758857],[36.696056,46.779975],[36.633962,46.779975],[36.590017,46.758857],[36.524099,46.758857],[36.400157,46.723944],[36.303477,46.659247],[36.278331,46.607408],[36.267589,46.625556],[36.245779,46.610826],[36.244314,46.635321],[36.189464,46.669013],[36.062022,46.670111],[35.901622,46.652737],[35.771169,46.601264],[35.628673,46.498481],[35.491466,46.447984],[35.380138,46.368476],[35.161794,46.128241],[35.000011,46.073635],[34.982107,46.077826],[35.051931,46.128241],[35.044444,46.141913],[35.20045,46.18301],[35.291352,46.293362],[35.342133,46.335761],[35.346039,46.361029],[35.311534,46.337633],[35.267589,46.35106],[35.258556,46.373358],[35.284516,46.437405],[35.21461,46.462633],[35.188324,46.512437],[35.166677,46.49315],[35.201996,46.440497],[35.209483,46.39643],[35.108409,46.297756],[35.030772,46.251776],[34.926524,46.235053],[34.904796,46.255683],[34.893565,46.251776],[34.882172,46.221747],[34.838878,46.207668],[34.81129,46.166246],[34.824229,46.077948],[34.87436,45.926093],[34.958181,45.789537],[35.044444,45.670071],[35.332205,45.371243],[35.480724,45.297797],[35.517833,45.295478],[35.715994,45.340562],[35.743337,45.36107],[35.75294,45.38642],[35.788422,45.407457],[35.803966,45.449164],[35.833263,45.470893],[35.857677,45.469428],[35.854015,45.414008],[35.986013,45.362738],[36.022309,45.368109],[36.068858,45.429999],[36.117931,45.457099],[36.252452,45.461493],[36.284028,45.47663],[36.307384,45.460924],[36.298839,45.44302],[36.340505,45.457261],[36.411794,45.436225],[36.490571,45.44302],[36.53297,45.408922],[36.583263,45.427395],[36.613536,45.408881],[36.638357,45.351264],[36.586192,45.333808],[36.502452,45.346869],[36.484386,45.316392],[36.497244,45.300727],[36.490571,45.292182],[36.437266,45.27204],[36.417979,45.229926],[36.408865,45.149482],[36.414806,45.128363],[36.455333,45.09162],[36.440115,45.06745],[36.367849,45.048774],[36.267751,45.043687],[36.244314,45.010972],[36.22462,45.007514],[36.047862,45.048774],[35.993419,44.997992],[35.847992,44.992418],[35.82781,44.999213],[35.783214,45.057522],[35.706391,45.094672],[35.590587,45.119859],[35.506196,45.113511],[35.408051,45.062486],[35.400645,45.024644],[35.435395,45.004828],[35.374034,44.997992],[35.362153,44.986558],[35.367198,44.943345],[35.319347,44.970038],[35.298188,44.956366],[35.273204,44.966986],[35.256033,44.958686],[35.215099,44.914374],[35.154307,44.901109],[35.080821,44.793769],[35.037608,44.798774],[35.005707,44.835191],[34.952485,44.841539],[34.889903,44.818101],[34.757009,44.820502],[34.613048,44.765204],[34.500011,44.742621],[34.475271,44.723619],[34.469005,44.729804],[34.414317,44.673774],[34.331309,44.545478],[34.271007,44.545478],[34.242931,44.507473],[34.182465,44.492825],[34.147472,44.449897],[34.10255,44.425116],[33.937755,44.381049],[33.852061,44.401516],[33.741222,44.395901],[33.645356,44.425116],[33.57838,44.497056],[33.517589,44.490546],[33.372325,44.576483],[33.371104,44.588446],[33.435883,44.605292],[33.571544,44.620551],[33.516287,44.634263],[33.54835,44.698676],[33.516287,44.785102],[33.559581,44.849758],[33.609223,44.871731],[33.61964,44.931464],[33.562511,45.09394],[33.537446,45.117377],[33.396495,45.189765],[33.259613,45.156073],[33.240082,45.179633],[33.173595,45.196601],[33.078624,45.271674],[32.899262,45.354234],[32.728526,45.36107],[32.663097,45.320136],[32.591482,45.320136],[32.512869,45.340562],[32.481619,45.408881],[32.525157,45.458157],[32.643565,45.521674],[32.704845,45.531073],[32.757823,45.564643],[32.827891,45.562405],[32.826996,45.595526],[32.868175,45.630072],[33.176117,45.743109],[33.181,45.755194],[33.15919,45.7685],[33.1692,45.78441],[33.230154,45.750922],[33.265391,45.753811],[33.482188,45.854478],[33.530121,45.841864],[33.619884,45.881822],[33.658946,45.85932],[33.691661,45.860745],[33.693533,45.914496],[33.777029,45.929633],[33.682465,45.958441],[33.619884,45.950751],[33.646821,45.979722],[33.632009,45.988267],[33.643565,46.01496],[33.62794,46.067816],[33.648448,46.090033],[33.613455,46.145209],[33.596528,46.155748],[33.571544,46.149359],[33.532481,46.121527],[33.531261,46.106879],[33.557872,46.087307],[33.505626,46.080268],[33.495779,46.067857],[33.516287,46.046332],[33.423839,46.05329],[33.357758,46.103827],[33.331065,46.107489],[33.310802,46.087307],[33.290294,46.094713],[33.317719,46.119696],[33.315684,46.131008],[33.21461,46.128241],[33.235118,46.223822],[33.175059,46.153144],[33.122895,46.135891],[33.023448,46.169867],[33.032481,46.141018],[33.01824,46.127672],[32.899262,46.11522],[32.766287,46.135688],[32.588227,46.104397],[32.543712,46.080471],[32.503429,46.076117],[32.262462,46.128241],[32.241954,46.176663],[32.269298,46.204576],[32.213145,46.193061],[32.128673,46.209703],[32.050141,46.266059],[32.018077,46.257514],[31.885753,46.320014],[31.882335,46.27912],[31.785899,46.292385],[31.767345,46.318183],[31.799815,46.342231],[31.968272,46.35106],[32.029633,46.388983],[32.06186,46.393785],[32.007823,46.448961],[31.910655,46.455878],[31.748546,46.499945],[31.710704,46.495429],[31.690278,46.478583],[31.686534,46.429877],[31.663585,46.472113],[31.524425,46.564195],[31.508311,46.587592],[31.581554,46.545233],[31.756358,46.554267],[31.861827,46.519273],[32.033458,46.506293],[32.111664,46.512437],[32.221528,46.495429],[32.317556,46.464342],[32.399669,46.478339],[32.427013,46.498847],[32.408376,46.517279],[32.43572,46.543158],[32.52475,46.592719],[32.58839,46.604315],[32.645518,46.649604],[32.409028,46.568915],[32.335785,46.562161],[32.24822,46.607408],[32.169932,46.580756],[32.146332,46.560248],[32.117931,46.606879],[32.022797,46.629136],[31.979828,46.677069],[31.940278,46.758857],[31.936209,46.80036],[32.007498,46.915229],[31.995942,46.940375],[31.935883,46.95482],[31.976899,47.009345],[31.881114,47.015041],[31.865245,47.026353],[31.896821,47.092719],[31.882335,47.118598],[31.845551,47.134019],[31.830577,47.186754],[31.75766,47.216213],[31.752126,47.255845],[31.74171,47.259101],[31.720551,47.231879],[31.726817,47.220526],[31.806163,47.192694],[31.816254,47.180854],[31.815603,47.122626],[31.874278,47.093817],[31.844737,47.053697],[31.837413,47.00845],[31.947113,46.999091],[31.899425,46.943834],[31.907725,46.926459],[31.925629,46.922919],[31.968272,46.936998],[31.97283,46.915351],[31.945079,46.859524],[31.898611,46.842922],[31.864757,46.806586],[31.865245,46.779975],[31.906749,46.738227],[31.899425,46.693996],[31.908539,46.662746],[31.8921,46.643622],[31.814708,46.623033],[31.674083,46.653225],[31.597179,46.643215],[31.578868,46.617336],[31.493012,46.62873],[31.480968,46.64643],[31.490896,46.663398],[31.559825,46.758857],[31.618175,46.813463],[31.60613,46.826402],[31.583995,46.793647],[31.508311,46.745185],[31.440684,46.800482],[31.455821,46.754584],[31.50587,46.720404],[31.416189,46.629136],[31.337657,46.601264],[31.159516,46.628974],[30.991384,46.601264],[30.866954,46.555813],[30.790701,46.552924],[30.754893,46.515855],[30.798188,46.446438],[30.772472,46.39643],[30.714529,46.347968],[30.651866,46.34455],[30.686534,46.320014],[30.682384,46.299547],[30.56186,46.161689],[30.523285,46.133775],[30.494151,46.080471],[30.371267,45.997952],[30.261404,45.895494],[30.138438,45.81977],[30.127452,45.891343],[30.110606,45.875067],[30.094574,45.814846],[30.061209,45.813463],[29.990733,45.847073],[29.968516,45.838935],[29.952891,45.771959],[29.932384,45.792426],[29.939138,45.810452],[29.92628,45.813788],[29.917735,45.782904],[29.939301,45.751532],[29.932384,45.724189],[29.887706,45.765123],[29.874034,45.751532],[29.802419,45.737494],[29.803233,45.704169],[29.843028,45.69066],[29.860118,45.668931],[29.809581,45.648586],[29.789073,45.65526],[29.789073,45.635443],[29.733735,45.614325],[29.723969,45.667426],[29.682628,45.696845],[29.67921,45.751532],[29.693858,45.781317],[29.642833,45.827216],[29.633556,45.821357],[29.651866,45.789008],[29.623871,45.751532],[29.637543,45.709906],[29.603201,45.691311],[29.589692,45.559068],[29.648448,45.545396],[29.707042,45.57331],[29.605724,45.478176],[29.640798,45.441799],[29.651866,45.44302],[29.656016,45.474189],[29.672374,45.477118],[29.675304,45.449612],[29.702159,45.45661],[29.713227,45.436225],[29.73227,45.475735],[29.747406,45.463446],[29.75587,45.427883],[29.747813,45.414293],[29.727712,45.415676],[29.750173,45.38581],[29.756196,45.321234],[29.729747,45.237738],[29.692393,45.216742],[29.623871,45.216498],[29.667003,45.164211],[29.699555,45.161811],[29.664399,45.116929],[29.656261,45.028957],[29.623871,44.929104],[29.630382,44.90766],[29.605154,44.880032],[29.617849,44.861477],[29.611176,44.849311],[29.561778,44.820258],[29.542003,44.827826],[29.156098,44.78441],[29.055837,44.735175],[29.000743,44.68891],[28.974946,44.74494],[29.098155,44.775377],[29.138682,44.804023],[29.138845,44.839179],[29.096365,44.875067],[29.10377,44.840277],[29.060313,44.832343],[29.044119,44.865546],[29.041759,44.925686],[29.052094,44.944648],[29.110606,44.970038],[29.058279,45.000963],[28.983246,45.012274],[28.960216,44.987698],[28.91684,44.979682],[28.869395,44.943345],[28.863536,44.922309],[28.876638,44.904853],[28.866466,44.882636],[28.952403,44.826646],[28.924978,44.813056],[28.938731,44.80622],[28.925466,44.783677],[28.946137,44.765204],[28.868826,44.753567],[28.79835,44.720201],[28.78712,44.693305],[28.80836,44.696357],[28.785411,44.679674],[28.784028,44.649237],[28.869477,44.661811],[28.911957,44.696357],[28.897716,44.716783],[28.967459,44.700995],[28.987559,44.675279],[28.962087,44.63939],[28.938731,44.634263],[28.975352,44.686835],[28.952403,44.696357],[28.957774,44.678778],[28.918224,44.682685],[28.854177,44.634345],[28.774181,44.600775],[28.794688,44.634263],[28.757823,44.626776],[28.764415,44.595893],[28.787852,44.586493],[28.732677,44.567857],[28.732677,44.552314],[28.746918,44.565985],[28.774181,44.552314],[28.745616,44.486151],[28.758474,44.465277],[28.778331,44.507392],[28.855642,44.567694],[28.906261,44.587714],[28.924978,44.620551],[28.909679,44.584215],[28.844005,44.49372],[28.796723,44.467922],[28.706554,44.381049],[28.693126,44.346137],[28.664399,44.348375],[28.635102,44.316392],[28.631033,44.26435],[28.671723,44.168687],[28.645844,44.172024],[28.63087,44.154486],[28.671723,43.997382],[28.584483,43.800849],[28.57309,43.606147],[28.603526,43.538153],[28.578461,43.48078],[28.560313,43.453843],[28.479259,43.396796],[28.473155,43.366848],[28.393809,43.414293],[28.321625,43.42829],[28.243175,43.407782],[28.157237,43.407782],[28.091563,43.363959],[28.017589,43.232733],[27.903982,43.202338],[27.945567,43.16885],[27.911388,43.065172],[27.883556,43.030992],[27.903982,42.942288],[27.903982,42.859687],[27.883962,42.848375],[27.897146,42.784003],[27.892263,42.710517],[27.732677,42.714504],[27.71697,42.674506],[27.739513,42.661078],[27.628429,42.628974],[27.650157,42.558051],[27.540863,42.565497],[27.511485,42.553046],[27.480154,42.482896],[27.46225,42.489569],[27.452891,42.480129],[27.465668,42.42829],[27.472667,42.461859],[27.514171,42.435126],[27.544444,42.460028],[27.562022,42.448188],[27.571056,42.458482],[27.595551,42.448188],[27.643321,42.455634],[27.636485,42.448188],[27.652192,42.418524],[27.691661,42.42829],[27.699067,42.413886],[27.719005,42.4147],[27.698009,42.400377],[27.719005,42.386705],[27.708344,42.363105],[27.725841,42.338935],[27.780447,42.338935],[27.774425,42.321723],[27.787852,42.310981],[27.75115,42.277045],[27.75587,42.25849],[27.856212,42.181301],[27.849376,42.16706],[27.87908,42.154242],[27.903982,42.119818],[27.986583,42.072089],[27.987315,42.051744],[28.007009,42.037909],[28.000173,42.030463],[28.019054,42.00845],[28.013845,41.982652],[28.030935,41.913764],[28.04656,41.897121],[28.035818,41.885891],[27.97755,41.887356],[27.966075,41.848944],[27.972016,41.822252],[28.08839,41.676907],[28.075938,41.660549],[28.097179,41.626695],[28.177745,41.558173],[28.232758,41.518988],[28.384288,41.447455],[28.908458,41.266547],[29.024262,41.242825],[29.045177,41.256415],[29.068696,41.25373],[29.109223,41.235297],[29.086762,41.191881],[29.040782,41.164293],[29.070649,41.130194],[29.042166,41.066352],[28.989513,41.031073],[28.986501,41.002631],[28.946137,41.009467],[28.822032,40.961615],[28.770193,40.979315],[28.625255,40.968411],[28.595225,40.977973],[28.603526,41.009467],[28.575531,41.023668],[28.58253,41.046373],[28.551931,41.080512],[28.527843,41.08515],[28.562511,41.03677],[28.560313,41.012274],[28.541352,40.989569],[28.512462,40.992662],[28.435313,41.042914],[28.264008,41.070868],[28.236664,41.08515],[28.165294,41.08515],[28.013031,41.040717],[27.986583,41.023668],[27.959239,40.975287],[27.941254,40.971096],[27.860688,40.978461],[27.815278,41.002631],[27.737804,41.012641],[27.524181,40.989203],[27.493175,40.975287],[27.47169,40.94184],[27.446544,40.861721],[27.424815,40.831285],[27.330821,40.760972],[27.287934,40.703559],[27.177745,40.632636],[27.115245,40.613715],[27.047537,40.612209],[26.989757,40.563788],[26.911632,40.550727],[26.821056,40.503119],[26.759451,40.496161],[26.68336,40.455471],[26.674327,40.425686],[26.631521,40.400051],[26.601573,40.346137],[26.539724,40.303697],[26.497244,40.289944],[26.426524,40.230292],[26.345551,40.199774],[26.375824,40.15351],[26.242931,40.070787],[26.177582,40.050727],[26.157481,40.055325],[26.160004,40.067206],[26.259776,40.194485],[26.271983,40.230414],[26.266938,40.257758],[26.21811,40.296861],[26.231781,40.310126],[26.209972,40.321926],[26.219086,40.331448],[26.321137,40.36518],[26.336111,40.385321],[26.432791,40.439846],[26.49171,40.456529],[26.564464,40.499457],[26.622895,40.515326],[26.66977,40.51081],[26.732758,40.563788],[26.756196,40.554836],[26.788259,40.562934],[26.828949,40.601996],[26.790375,40.66059],[26.609223,40.639472],[26.505626,40.598578],[26.444672,40.619045],[26.39975,40.604153],[26.373057,40.614447],[26.302582,40.601142],[26.091319,40.605414],[26.076915,40.611802],[26.053722,40.66059],[26.058116,40.697699],[26.033214,40.735053],[26.046886,40.742499],[26.027354,40.796129],[26.00587,40.803941],[26.053722,40.81623],[26.053966,40.830959],[26.012218,40.824449],[25.998383,40.838772],[25.998383,40.817043],[25.91863,40.852973],[25.732188,40.851752],[25.604503,40.876166],[25.537771,40.870429],[25.486827,40.897121],[25.419688,40.906399],[25.299653,40.95185],[25.266124,40.926907],[25.180675,40.942694],[25.134044,40.962877],[25.140147,40.983588],[25.169932,40.995795],[25.138438,41.010077],[25.039073,41.006049],[25.039561,40.989569],[24.99171,40.968451],[24.999034,40.949937],[24.989757,40.942125],[24.8921,40.92064],[24.802013,40.853461],[24.765798,40.865424],[24.708751,40.851752],[24.662771,40.879706],[24.628673,40.858588],[24.566661,40.951728],[24.505138,40.961615],[24.464122,40.941148],[24.415538,40.945543],[24.312673,40.879706],[24.331309,40.855048],[24.305675,40.841742],[24.340668,40.831285],[24.110118,40.727851],[23.986339,40.732164],[23.842052,40.783352],[23.7317,40.751858],[23.697032,40.721422],[23.691742,40.69538],[23.718028,40.658677],[23.755626,40.645657],[23.792654,40.587958],[23.84669,40.560289],[23.888845,40.563788],[23.914887,40.538886],[23.907237,40.525377],[23.838227,40.518744],[23.823009,40.506985],[23.826671,40.461371],[23.868175,40.41352],[23.963878,40.379462],[24.002452,40.386379],[24.011567,40.401842],[23.991222,40.447699],[24.011404,40.449164],[24.085785,40.366034],[24.179861,40.351508],[24.203949,40.317369],[24.233409,40.316881],[24.383311,40.179145],[24.393809,40.152493],[24.361095,40.132392],[24.299978,40.128079],[24.286143,40.160549],[24.238292,40.186998],[24.168956,40.275295],[24.019216,40.310492],[23.936534,40.36518],[23.833507,40.372016],[23.759613,40.349189],[23.730479,40.358954],[23.693614,40.309231],[23.716319,40.255316],[23.75766,40.231676],[23.778575,40.202704],[23.896739,40.171332],[23.991222,40.11872],[23.97755,40.090806],[24.004893,40.067206],[23.984223,40.053616],[23.986827,40.042182],[24.011729,40.043647],[24.019216,40.016303],[23.988048,39.989976],[23.998709,39.974758],[23.9699,39.968085],[23.991222,39.953599],[23.939952,39.95246],[23.919688,39.956366],[23.922862,39.974758],[23.900645,39.971177],[23.902517,39.98843],[23.8449,40.024115],[23.824067,40.021918],[23.826671,40.008857],[23.785167,40.067206],[23.793305,40.093817],[23.675466,40.217922],[23.641775,40.235419],[23.540294,40.244778],[23.438487,40.279202],[23.365001,40.261705],[23.340099,40.227973],[23.337657,40.208441],[23.363617,40.150458],[23.400645,40.143988],[23.498871,40.042304],[23.602712,39.998481],[23.670258,39.98607],[23.697276,39.940497],[23.747895,39.930487],[23.703136,39.912665],[23.616466,39.923326],[23.470958,39.971625],[23.360606,39.961086],[23.381602,40.002672],[23.352712,40.057074],[23.305919,40.104478],[23.324555,40.174954],[23.318614,40.210517],[23.299083,40.235419],[23.148936,40.276435],[23.029145,40.325751],[23.010916,40.351223],[22.963878,40.379462],[22.888194,40.386298],[22.897716,40.402045],[22.889659,40.418362],[22.821625,40.502143],[22.94158,40.517157],[22.983165,40.55268],[22.976899,40.570624],[22.941742,40.587348],[22.949555,40.605414],[22.910492,40.644599],[22.854015,40.639472],[22.861095,40.620551],[22.850597,40.593411],[22.815929,40.570624],[22.778331,40.57807],[22.758556,40.567776],[22.742524,40.540351],[22.750336,40.522773],[22.736664,40.529608],[22.736664,40.515326],[22.723155,40.522773],[22.710948,40.511623],[22.673513,40.526842],[22.656261,40.504543],[22.675304,40.496161],[22.659679,40.492906],[22.650727,40.472805],[22.602875,40.481269],[22.579112,40.468207],[22.60377,40.443996],[22.606456,40.41356],[22.661143,40.369045],[22.620616,40.310492],[22.552501,40.166571],[22.5713,40.054267],[22.600271,40.016303],[22.707856,39.961371],[22.730479,39.885403],[22.801117,39.840318],[22.850271,39.790513],[22.871755,39.715806],[22.939464,39.580634],[23.097423,39.501776],[23.125662,39.454413],[23.271332,39.322943],[23.343761,39.179633],[23.30128,39.151353],[23.209727,39.131822],[23.230235,39.11815],[23.203624,39.10456],[23.1692,39.106594],[23.115489,39.088284],[23.052013,39.097724],[23.081065,39.147203],[23.114106,39.159125],[23.100597,39.10456],[23.171723,39.134955],[23.181326,39.158677],[23.199229,39.151435],[23.217133,39.179633],[23.175548,39.23428],[23.169119,39.268541],[23.134613,39.296942],[23.098155,39.312201],[23.020518,39.317532],[22.998057,39.357123],[22.935883,39.360582],[22.942882,39.344143],[22.929047,39.324205],[22.942882,39.303168],[22.84254,39.288479],[22.826182,39.272162],[22.826182,39.221259],[22.854015,39.159125],[22.88087,39.179633],[22.876964,39.190375],[22.89503,39.172797],[22.901866,39.179633],[22.920584,39.125149],[22.936046,39.111396],[22.936046,39.131822],[22.961111,39.119045],[22.998057,39.06977],[22.998057,39.049262],[22.958832,39.025133],[22.963878,39.008979],[23.042491,39.040107],[23.07309,39.036282],[23.023285,39.00845],[22.984548,38.954332],[22.936046,38.946845],[22.942882,38.932603],[22.898448,38.919623],[22.846528,38.926418],[22.836681,38.89647],[22.792003,38.877997],[22.732677,38.872382],[22.718272,38.889797],[22.688975,38.877997],[22.621593,38.914496],[22.538829,38.877997],[22.525076,38.885443],[22.525076,38.85814],[22.572927,38.864325],[22.553884,38.84809],[22.582774,38.831977],[22.600271,38.844468],[22.593435,38.830227],[22.641124,38.830227],[22.702647,38.850653],[22.778331,38.781724],[22.829275,38.786078],[22.867198,38.755072],[22.914887,38.77558],[22.945323,38.758124],[23.042003,38.746731],[23.104503,38.638414],[23.182465,38.653754],[23.196056,38.666327],[23.168142,38.679389],[23.186778,38.685981],[23.305919,38.652655],[23.331228,38.630276],[23.333263,38.604234],[23.293305,38.579088],[23.285411,38.556464],[23.307384,38.568549],[23.381602,38.535346],[23.340099,38.522366],[23.334972,38.503607],[23.519379,38.490668],[23.542979,38.511705],[23.567231,38.501125],[23.601329,38.473944],[23.573497,38.453437],[23.596202,38.446763],[23.594005,38.426093],[23.625011,38.414008],[23.672862,38.356431],[23.709972,38.336737],[23.781993,38.343573],[23.95102,38.29092],[24.069021,38.204739],[24.069509,38.173529],[24.080577,38.166002],[24.064138,38.155097],[24.059418,38.131293],[24.053233,38.14525],[24.037771,38.143744],[23.989024,38.122626],[24.009125,38.040595],[24.032725,38.007758],[24.011729,37.966864],[24.011729,37.925238],[24.034434,37.922919],[24.046397,37.905992],[24.011729,37.89175],[24.066905,37.864407],[24.066905,37.837104],[24.053233,37.822821],[24.076996,37.811103],[24.087413,37.785224],[24.081879,37.752509],[24.059418,37.733466],[24.07309,37.72724],[24.059418,37.719794],[24.072113,37.689521],[24.032725,37.651516],[23.949718,37.677436],[23.94337,37.72724],[23.922699,37.721177],[23.902517,37.781887],[23.888845,37.7744],[23.865571,37.807685],[23.812999,37.829657],[23.807302,37.80858],[23.778982,37.802314],[23.764496,37.815985],[23.766449,37.838935],[23.697032,37.939521],[23.628103,37.932685],[23.641775,37.952541],[23.626638,37.947496],[23.560802,37.972805],[23.552989,37.980455],[23.597911,38.021145],[23.574555,38.04678],[23.449962,38.02143],[23.395274,37.987942],[23.429454,37.980455],[23.408946,37.974311],[23.226817,37.973619],[23.094086,37.911038],[23.015147,37.925238],[22.995128,37.882148],[23.012543,37.847561],[23.073497,37.841132],[23.114106,37.850775],[23.182384,37.809149],[23.182384,37.7744],[23.128184,37.760484],[23.120942,37.740912],[23.175548,37.719794],[23.163829,37.681586],[23.175548,37.64468],[23.161876,37.64468],[23.16863,37.614163],[23.336681,37.535468],[23.360362,37.547675],[23.359141,37.574286],[23.312185,37.617377],[23.34783,37.634426],[23.398692,37.637885],[23.409028,37.625922],[23.404307,37.59927],[23.374278,37.555894],[23.422048,37.528022],[23.395274,37.51496],[23.479177,37.490668],[23.525645,37.459703],[23.525645,37.439195],[23.446544,37.414618],[23.262706,37.401028],[23.264415,37.390815],[23.230235,37.384589],[23.229991,37.374945],[23.257579,37.370917],[23.251313,37.357327],[23.278005,37.34984],[23.186046,37.340644],[23.203624,37.30268],[23.16863,37.299506],[23.141449,37.309516],[23.161876,37.323147],[23.123383,37.324774],[23.114106,37.336168],[23.134613,37.329332],[23.122406,37.345689],[23.07309,37.355211],[23.072602,37.401109],[23.094981,37.389553],[23.114106,37.425605],[23.141449,37.411933],[23.132009,37.448635],[23.097179,37.462226],[23.045909,37.459703],[23.059418,37.466539],[23.045909,37.487006],[23.004893,37.459703],[22.980724,37.508775],[22.92156,37.540351],[22.901866,37.541653],[22.922374,37.528022],[22.88502,37.533149],[22.854015,37.51496],[22.819347,37.535468],[22.826182,37.549058],[22.802013,37.560858],[22.778331,37.596869],[22.72641,37.566352],[22.730479,37.494452],[22.764822,37.431789],[22.757986,37.398261],[22.819347,37.343695],[22.819347,37.316352],[22.906586,37.193915],[22.89503,37.133857],[22.903168,37.121283],[22.956391,37.123969],[22.956391,37.095933],[22.9817,37.082709],[22.963878,37.082953],[22.999848,37.033271],[23.011729,36.986762],[22.990733,36.986762],[23.004893,36.966864],[23.011729,36.97309],[23.011729,36.93891],[23.045909,36.869086],[23.093272,36.818264],[23.080577,36.788764],[23.114106,36.781317],[23.088634,36.732896],[23.052013,36.747138],[23.030935,36.725572],[23.032237,36.692572],[23.059418,36.692572],[23.034434,36.674872],[23.035655,36.649075],[23.080577,36.579291],[23.15504,36.541083],[23.141449,36.534247],[23.148204,36.517157],[23.134613,36.507554],[23.203624,36.456122],[23.196056,36.432522],[23.161876,36.446194],[23.139334,36.434068],[23.094737,36.443183],[23.066254,36.473456],[23.072113,36.493109],[23.051036,36.522447],[22.972423,36.520209],[22.92921,36.59634],[22.874685,36.63052],[22.888927,36.642483],[22.884288,36.654242],[22.837169,36.68651],[22.814952,36.670559],[22.817149,36.717963],[22.786876,36.793443],[22.685557,36.809475],[22.622569,36.803453],[22.577403,36.783026],[22.579112,36.740383],[22.546153,36.721422],[22.525076,36.685126],[22.549815,36.67829],[22.552501,36.650946],[22.533865,36.670559],[22.516775,36.666164],[22.51002,36.648017],[22.531016,36.632799],[22.526052,36.612372],[22.512706,36.602769],[22.504649,36.624254],[22.48406,36.606635],[22.486583,36.525092],[22.511485,36.46662],[22.493907,36.43476],[22.504649,36.404527],[22.490977,36.390937],[22.4699,36.452338],[22.408376,36.487128],[22.381358,36.480455],[22.354503,36.511908],[22.367442,36.547919],[22.383556,36.544176],[22.388194,36.556057],[22.373709,36.582709],[22.38795,36.602525],[22.367442,36.602525],[22.371349,36.642727],[22.38795,36.64411],[22.368419,36.65648],[22.38795,36.706204],[22.358572,36.702094],[22.305431,36.775092],[22.291677,36.820136],[22.221528,36.897528],[22.200206,36.906399],[22.175059,36.891181],[22.137869,36.917141],[22.153168,37.021186],[22.048106,37.035142],[21.943126,36.993313],[21.921723,36.863227],[21.934906,36.834215],[21.928559,36.822252],[21.970225,36.794989],[21.945079,36.789944],[21.935883,36.766018],[21.882579,36.726549],[21.822765,36.80858],[21.764171,36.794989],[21.722504,36.822252],[21.707367,36.81802],[21.688487,36.849555],[21.688487,36.891181],[21.709972,36.942694],[21.688162,36.964545],[21.667979,36.959418],[21.681651,36.97309],[21.661794,36.959418],[21.654796,36.994696],[21.578624,37.076728],[21.569672,37.116197],[21.574392,37.192369],[21.592133,37.22016],[21.682302,37.283922],[21.695811,37.316352],[21.674815,37.395982],[21.607107,37.499498],[21.549978,37.561469],[21.443044,37.618598],[21.402192,37.655422],[21.343272,37.669338],[21.323741,37.664944],[21.312266,37.637885],[21.298676,37.672593],[21.31186,37.726304],[21.284923,37.785102],[21.122081,37.837388],[21.106212,37.878079],[21.133556,37.946357],[21.164399,37.929633],[21.207774,37.946031],[21.277517,38.000963],[21.291515,37.997219],[21.325938,38.02143],[21.318533,38.035102],[21.284353,38.015286],[21.367035,38.12108],[21.374278,38.220649],[21.408539,38.18594],[21.40089,38.214789],[21.473969,38.196031],[21.523936,38.166002],[21.622325,38.154771],[21.701345,38.205268],[21.764171,38.295803],[21.849457,38.341295],[21.955903,38.336737],[22.020356,38.313218],[22.048839,38.274807],[22.089366,38.261664],[22.113617,38.267808],[22.143321,38.249091],[22.161388,38.213202],[22.218516,38.188178],[22.312836,38.172268],[22.331228,38.1789],[22.414806,38.137885],[22.511485,38.129299],[22.680431,38.066596],[22.778331,38.000963],[22.796397,37.976793],[22.867198,37.939521],[22.9463,37.946234],[22.975352,37.97899],[22.950938,38.002427],[22.88087,38.028876],[22.887462,38.033637],[22.854015,38.035102],[22.875499,38.049302],[22.942882,38.083482],[23.068614,38.058905],[23.172862,38.079495],[23.216645,38.103339],[23.175548,38.131293],[23.175548,38.144965],[23.223399,38.159247],[23.128429,38.172268],[23.148936,38.18594],[23.122732,38.208075],[23.066661,38.183173],[23.032237,38.18594],[23.052013,38.192776],[23.025076,38.21662],[22.951915,38.225287],[22.922374,38.207017],[22.950531,38.209784],[22.969493,38.192776],[22.908702,38.192776],[22.89503,38.241156],[22.88087,38.226955],[22.874685,38.241156],[22.805675,38.226955],[22.764822,38.247992],[22.798839,38.282131],[22.696462,38.316881],[22.675304,38.343573],[22.684418,38.36107],[22.646495,38.38996],[22.626801,38.371527],[22.646169,38.361802],[22.612315,38.363837],[22.587169,38.336737],[22.606456,38.323065],[22.600271,38.302639],[22.562511,38.293524],[22.526215,38.331732],[22.538829,38.336737],[22.525157,38.358832],[22.468435,38.421129],[22.401622,38.453437],[22.408376,38.415595],[22.373709,38.392035],[22.398611,38.375922],[22.382335,38.342678],[22.224864,38.360053],[22.18922,38.323065],[22.132579,38.372748],[21.957856,38.411689],[21.879242,38.377997],[21.831228,38.396674],[21.782237,38.363674],[21.762543,38.328355],[21.716319,38.357856],[21.59962,38.35102],[21.517751,38.295803],[21.428396,38.330512],[21.445323,38.334052],[21.489757,38.309475],[21.489757,38.336737],[21.476085,38.343573],[21.489757,38.357856],[21.469981,38.357856],[21.476085,38.371527],[21.42213,38.364081],[21.428477,38.383734],[21.41627,38.39411],[21.377452,38.398871],[21.360118,38.467719],[21.32252,38.496283],[21.308604,38.494371],[21.353282,38.432929],[21.339041,38.432929],[21.336599,38.395697],[21.291189,38.377672],[21.291189,38.364081],[21.269542,38.367865],[21.272227,38.354438],[21.250255,38.336737],[21.212657,38.330512],[21.189626,38.341376],[21.181326,38.330512],[21.199962,38.323065],[21.17449,38.302639],[21.15561,38.3039],[21.140391,38.336737],[21.085216,38.343573],[21.105724,38.352973],[21.106212,38.371527],[21.09254,38.364081],[21.106212,38.385159],[21.113536,38.373928],[21.140391,38.398871],[21.122406,38.410346],[21.094737,38.402981],[21.081798,38.420722],[21.085216,38.440375],[21.106781,38.425442],[21.119884,38.440375],[21.106212,38.432929],[21.106212,38.481391],[21.078949,38.487535],[21.099376,38.494371],[21.085216,38.501858],[21.095958,38.531928],[21.030528,38.51142],[21.016856,38.545885],[21.024669,38.608466],[20.979015,38.672553],[20.914399,38.686225],[20.873383,38.795315],[20.845225,38.799628],[20.811371,38.762519],[20.804047,38.773383],[20.773285,38.760932],[20.72934,38.80976],[20.74936,38.857245],[20.805186,38.867743],[20.756033,38.906887],[20.769786,38.95897],[20.781586,38.935004],[20.817068,38.921373],[20.859874,38.960517],[20.871104,38.947252],[20.86671,38.926418],[20.903819,38.928046],[20.920665,38.954332],[21.027354,38.932603],[21.025564,38.898017],[21.085216,38.864325],[21.102306,38.910834],[21.177419,38.876044],[21.16684,38.910875],[21.140147,38.941311],[21.14503,38.971381],[21.160818,38.974189],[21.159923,38.997748],[21.085216,39.062934],[21.078949,39.036282],[21.055186,39.037502],[21.037364,39.021959],[21.05836,39.008979],[20.953787,39.034166],[20.934825,39.056708],[20.948497,39.06977],[20.920177,39.064521],[20.901378,39.077216],[20.86671,39.053046],[20.886485,39.036444],[20.8449,39.036933],[20.859874,39.042467],[20.857758,39.058905],[20.846202,39.077216],[20.825694,39.06977],[20.838064,39.091742],[20.822439,39.114488],[20.777192,39.090888],[20.79184,39.080797],[20.784028,39.049262],[20.757498,39.021959],[20.743175,39.029486],[20.745372,39.014716],[20.831798,38.96369],[20.766368,38.977607],[20.735118,38.9501],[20.702159,38.998358],[20.715831,39.015123],[20.686534,39.072455],[20.595876,39.123847],[20.478852,39.225165],[20.482432,39.28266],[20.4192,39.283352],[20.393565,39.296942],[20.365571,39.287665],[20.32488,39.303778],[20.292817,39.333441],[20.290701,39.364651],[20.269705,39.387356],[20.236013,39.399359],[20.242849,39.412421],[20.215587,39.440334],[20.267345,39.446926],[20.215587,39.49494],[20.255056,39.492377],[20.263927,39.508612],[20.222016,39.521308],[20.222423,39.508612],[20.183116,39.533271],[20.133556,39.529731],[20.146658,39.570705],[20.160899,39.564358],[20.174571,39.57685],[20.174571,39.597968],[20.188243,39.604193],[20.181814,39.624457],[20.088878,39.673082],[20.01002,39.693549],[19.989024,39.686713],[19.98699,39.717963],[20.002696,39.748236],[19.980642,39.75731],[20.014171,39.832953],[20.009776,39.865668],[19.906423,39.90644],[19.941173,39.940009],[19.863455,40.045356],[19.807384,40.052883],[19.777354,40.077786],[19.770518,40.063463],[19.732677,40.110256],[19.653168,40.132392],[19.476248,40.21369],[19.381114,40.295233],[19.344249,40.374335],[19.289561,40.420396],[19.316173,40.437812],[19.348155,40.43065],[19.39324,40.386298],[19.423595,40.330024],[19.474946,40.348375],[19.47877,40.453925],[19.418793,40.491889],[19.391368,40.521796],[19.386404,40.54328],[19.398611,40.520941],[19.433604,40.505927],[19.446056,40.511135],[19.4546,40.55386],[19.415701,40.583482],[19.391612,40.578315],[19.386404,40.550727],[19.304373,40.653144],[19.360525,40.709784],[19.368826,40.802151],[19.406749,40.820746],[19.39324,40.844916],[19.414236,40.868842],[19.381196,40.908271],[19.440929,40.948635],[19.427013,40.936835],[19.435395,40.913398],[19.427257,40.87226],[19.437836,40.886542],[19.440929,40.87226],[19.523448,40.92064],[19.525157,40.945258],[19.495453,41.002631],[19.492035,40.976955],[19.453868,40.923977],[19.447765,40.934312],[19.469981,40.956732],[19.474946,40.995795],[19.440603,41.020657],[19.456391,41.106676],[19.441905,41.143866],[19.463715,41.151313],[19.468761,41.187567],[19.509532,41.237291],[19.513357,41.276679],[19.488048,41.306464],[19.418956,41.322577],[19.414236,41.382799],[19.39324,41.41352],[19.406423,41.400377],[19.428722,41.401313],[19.44516,41.415188],[19.440929,41.440863],[19.489268,41.466132],[19.516612,41.513414],[19.514171,41.529975],[19.468028,41.554267],[19.440929,41.585395],[19.528087,41.576565],[19.565196,41.58511],[19.584809,41.619574],[19.596039,41.602729],[19.612966,41.605292],[19.600108,41.639106],[19.591645,41.632636],[19.557628,41.660549],[19.578136,41.687649],[19.5713,41.770413],[19.589529,41.765692],[19.598969,41.778713],[19.591645,41.818793],[19.432953,41.868598],[19.365082,41.852362],[19.310232,41.894517],[19.170258,41.937974],[19.16033,41.96898],[19.13795,41.985297],[19.139171,42.042426],[19.08253,42.081204],[19.074718,42.095649],[19.083832,42.110093],[19.048676,42.140204],[19.01059,42.139553],[18.968028,42.188707],[18.913341,42.222235],[18.885997,42.284369],[18.854015,42.290473],[18.831391,42.277533],[18.817638,42.291164],[18.778575,42.27147],[18.714529,42.325263],[18.693614,42.353217],[18.695811,42.373765],[18.678477,42.385972],[18.658539,42.386623],[18.653168,42.366278],[18.61671,42.368069],[18.570649,42.392971],[18.578136,42.400377],[18.545177,42.42357],[18.562836,42.438544],[18.70045,42.392971],[18.706554,42.421047],[18.683849,42.458808],[18.687348,42.482896],[18.654145,42.451809],[18.502452,42.455634],[18.521251,42.437974],[18.51295,42.409003],[18.529796,42.400377],[18.510265,42.40526],[18.474457,42.441352],[18.413097,42.461859],[18.411876,42.47602],[18.238943,42.559068],[18.220551,42.579169],[18.21754,42.620103],[18.07602,42.651313],[18.057384,42.667914],[18.077322,42.667914],[18.043224,42.702053],[18.028331,42.691311],[17.901622,42.751899],[17.880707,42.768744],[17.892833,42.790839],[17.806651,42.811916],[17.780121,42.796942],[17.720958,42.826239],[17.761892,42.778713],[17.748709,42.77204],[17.748871,42.790839],[17.72877,42.800767],[17.44044,42.873358],[17.442719,42.898627],[17.417247,42.9112],[17.350922,42.92178],[17.213878,42.982611],[17.095388,42.984442],[17.027517,43.003567],[17.017914,43.013821],[17.028168,43.030992],[17.001638,43.0515],[17.073253,43.024156],[17.240245,43.022773],[17.390473,42.977729],[17.454112,42.942288],[17.460216,42.92178],[17.50766,42.909084],[17.526134,42.92178],[17.55893,42.912828],[17.741466,42.83926],[17.701915,42.868476],[17.707367,42.88703],[17.678722,42.879381],[17.556488,42.93476],[17.617931,42.92178],[17.603038,42.932563],[17.498546,42.972154],[17.470876,43.013414],[17.501964,43.030992],[17.433604,43.017401],[17.460216,43.030992],[17.432302,43.0362],[17.426117,43.065172],[17.404552,43.0515],[17.316254,43.127265],[17.172374,43.18183],[17.073497,43.238959],[17.04949,43.278022],[16.880626,43.405951],[16.752452,43.419501],[16.625824,43.449042],[16.524669,43.51081],[16.391449,43.51081],[16.473399,43.538153],[16.433849,43.54975],[16.336762,43.551174],[16.239594,43.526557],[16.117686,43.524482],[16.164887,43.504096],[16.172374,43.489691],[16.11085,43.489691],[16.113129,43.478909],[16.014008,43.503974],[15.959483,43.503974],[15.961274,43.515041],[15.983653,43.521064],[15.987315,43.544908],[15.959483,43.538153],[15.925304,43.55858],[15.944184,43.566718],[15.917979,43.572903],[15.93214,43.586575],[15.917979,43.593329],[15.918956,43.62873],[15.966319,43.641181],[15.904796,43.648017],[15.952973,43.650865],[15.93214,43.668443],[15.95045,43.688544],[15.938975,43.696438],[15.931163,43.6765],[15.792166,43.754462],[15.706309,43.763414],[15.68214,43.797187],[15.617442,43.825507],[15.663097,43.812974],[15.678884,43.819281],[15.574067,43.859524],[15.512218,43.911078],[15.455089,43.928046],[15.358084,44.025702],[15.319509,44.045233],[15.212901,44.131049],[15.212738,44.148261],[15.144542,44.195461],[15.160411,44.213202],[15.152192,44.235297],[15.110362,44.26435],[15.140636,44.282457],[15.157563,44.280341],[15.176606,44.249945],[15.207774,44.272773],[15.185395,44.285386],[15.206554,44.285386],[15.19809,44.301663],[15.295258,44.250678],[15.281749,44.285386],[15.302745,44.29914],[15.261241,44.332587],[15.42449,44.267971],[15.503591,44.259223],[15.525238,44.260688],[15.528656,44.271796],[15.449229,44.285386],[15.406016,44.320624],[15.307953,44.354397],[15.080089,44.536078],[15.007335,44.569729],[14.8838,44.723619],[14.895193,44.736151],[14.8838,44.861477],[14.921641,44.958808],[14.852794,45.093655],[14.657888,45.196601],[14.57602,45.262274],[14.568614,45.275946],[14.582205,45.285346],[14.534353,45.31269],[14.551931,45.288072],[14.533051,45.283881],[14.402354,45.338609],[14.329763,45.35399],[14.311534,45.34398],[14.271983,45.290107],[14.232595,45.149359],[14.209239,45.12637],[14.179373,45.134508],[14.195323,45.120592],[14.193126,45.105618],[14.164399,45.079901],[14.158214,45.087348],[14.158214,45.053209],[14.143891,45.059394],[14.166189,45.018948],[14.151378,44.977484],[14.101329,44.97427],[14.068858,44.94953],[14.083832,44.986396],[14.054535,45.018459],[14.051931,45.038031],[14.040294,45.038967],[14.044281,45.00141],[14.075694,44.98371],[14.044444,44.951402],[14.034679,44.956366],[14.039073,44.93183],[14.022472,44.923489],[14.020518,44.901109],[13.972667,44.901109],[13.993012,44.881293],[13.972667,44.826646],[14.000011,44.813056],[13.924815,44.813056],[13.918712,44.829047],[13.890147,44.833482],[13.883149,44.826646],[13.904307,44.817288],[13.917979,44.778266],[13.903168,44.772406],[13.896983,44.813056],[13.849132,44.826646],[13.855968,44.840277],[13.842296,44.840277],[13.842296,44.854641],[13.78712,44.875067],[13.819591,44.867662],[13.842296,44.888129],[13.815278,44.883531],[13.794607,44.894965],[13.808116,44.915432],[13.774099,44.963813],[13.660818,45.061225],[13.62322,45.073065],[13.636892,45.093573],[13.612559,45.117865],[13.63852,45.130032],[13.726248,45.134508],[13.595958,45.145413],[13.599376,45.171291],[13.582286,45.196601],[13.594493,45.212633],[13.595225,45.2508],[13.57545,45.264879],[13.602712,45.285346],[13.57545,45.306464],[13.609548,45.320136],[13.561778,45.326361],[13.54127,45.346137],[13.554942,45.367336],[13.513357,45.436225],[13.520763,45.457261],[13.504568,45.483873],[13.507091,45.511908],[13.589529,45.488837],[13.595958,45.518134],[13.568614,45.539252],[13.75294,45.552883],[13.711762,45.593207],[13.730154,45.613105],[13.808116,45.614325],[13.739268,45.649115],[13.75766,45.654975],[13.753673,45.672309],[13.726248,45.703762],[13.628917,45.77261],[13.574229,45.789618],[13.55128,45.792426],[13.524181,45.760077],[13.528331,45.740546],[13.554942,45.737209],[13.401703,45.675442],[13.37672,45.683173],[13.431407,45.706855],[13.422618,45.724066],[13.381684,45.730048],[13.369395,45.744615],[13.254893,45.756049],[13.215505,45.778795],[13.169444,45.768744],[13.149669,45.751532],[13.119314,45.771959],[13.108165,45.758205],[13.122895,45.737209],[13.080577,45.727607],[13.069591,45.71369],[13.075043,45.696845],[13.091482,45.689195],[13.149669,45.703762],[13.084972,45.641913],[12.943858,45.628567],[12.780772,45.553534],[12.423676,45.438056],[12.41033,45.436225],[12.435802,45.474921],[12.430919,45.484036],[12.447276,45.48432],[12.451427,45.498236],[12.471934,45.485907],[12.478689,45.49079],[12.465017,45.504462],[12.497325,45.506741],[12.506602,45.498236],[12.492931,45.49079],[12.515147,45.492743],[12.521495,45.518988],[12.562511,45.531643],[12.581716,45.552883],[12.537283,45.535834],[12.506602,45.57331],[12.441905,45.530341],[12.451427,45.511908],[12.403575,45.518134],[12.396739,45.539252],[12.384125,45.523017],[12.424001,45.498236],[12.393403,45.491645],[12.380544,45.494778],[12.383067,45.504462],[12.350434,45.504869],[12.309581,45.488918],[12.252696,45.436225],[12.246104,45.411322],[12.258962,45.395209],[12.245291,45.36107],[12.223806,45.353949],[12.232188,45.340562],[12.216319,45.31623],[12.187511,45.306464],[12.15447,45.313463],[12.149099,45.292182],[12.180675,45.258043],[12.199392,45.274604],[12.197439,45.299628],[12.217296,45.29385],[12.224864,45.251166],[12.211111,45.242987],[12.230479,45.20425],[12.266368,45.196601],[12.258962,45.202826],[12.307302,45.230699],[12.298025,45.215399],[12.321056,45.172349],[12.328461,45.10102],[12.307302,45.107856],[12.307302,45.128363],[12.296723,45.088568],[12.328461,45.079901],[12.321056,45.093573],[12.340831,45.081448],[12.376231,45.038967],[12.355154,45.024644],[12.368826,45.010972],[12.386567,45.038764],[12.368826,45.065619],[12.413422,45.042873],[12.41033,45.032172],[12.486176,44.976508],[12.499197,44.98371],[12.486095,44.991156],[12.502615,44.991441],[12.533865,44.970038],[12.512706,44.922309],[12.499034,44.921454],[12.487315,44.86225],[12.444591,44.820502],[12.424001,44.854641],[12.438324,44.901109],[12.406912,44.891303],[12.391612,44.858832],[12.416515,44.851142],[12.396739,44.833482],[12.424001,44.820502],[12.416189,44.80329],[12.375662,44.792222],[12.302989,44.842922],[12.266368,44.826646],[12.28004,44.820502],[12.246593,44.711615],[12.252696,44.668402],[12.285818,44.602688],[12.283702,44.487616],[12.321056,44.353705],[12.389985,44.222724],[12.510916,44.114569],[12.574229,44.085598],[12.69158,43.990627],[12.803966,43.966864],[12.928884,43.915839],[13.253266,43.703192],[13.473399,43.612006],[13.516124,43.631741],[13.578868,43.572903],[13.615571,43.560492],[13.624522,43.547187],[13.616954,43.531317],[13.834809,43.127265],[13.865408,43.00731],[13.944672,42.798285],[14.075369,42.598822],[14.220551,42.47016],[14.38738,42.372952],[14.429047,42.321723],[14.560232,42.225653],[14.709239,42.175482],[14.740733,42.084621],[14.871104,42.031806],[14.993663,42.010647],[15.045177,41.96898],[15.165375,41.927802],[15.281749,41.928046],[15.446056,41.906928],[15.611339,41.928046],[15.774425,41.92121],[16.02711,41.944078],[16.140473,41.919908],[16.160899,41.892646],[16.17921,41.893297],[16.192882,41.79092],[16.145763,41.748847],[16.107188,41.737616],[16.027517,41.679918],[15.925304,41.640041],[15.900076,41.614651],[15.896332,41.536444],[15.933604,41.479438],[16.021658,41.427802],[16.085134,41.412665],[16.460297,41.262641],[16.520681,41.250149],[16.593923,41.206977],[17.05714,41.081855],[17.276378,40.980211],[17.347911,40.912095],[17.413585,40.88109],[17.476085,40.830146],[17.748383,40.747626],[17.843923,40.694159],[17.955821,40.670478],[17.954926,40.646918],[18.007009,40.650702],[18.015798,40.62519],[18.043224,40.601996],[18.037446,40.556952],[18.119965,40.504584],[18.238292,40.457668],[18.437266,40.26789],[18.516124,40.139228],[18.516124,40.104478],[18.491873,40.084662],[18.483572,40.055162],[18.434093,40.022528],[18.411388,39.978827],[18.392589,39.916083],[18.400076,39.878567],[18.389171,39.817084],[18.368337,39.796617],[18.346528,39.798041],[18.282074,39.833197],[18.211274,39.839342],[18.071544,39.911526],[17.995372,39.995266],[18.020274,40.010199],[18.015798,40.0362],[17.967459,40.057318],[18.00294,40.074449],[18.010997,40.096015],[17.997244,40.120429],[17.926036,40.176256],[17.917003,40.226874],[17.899669,40.249091],[17.912771,40.255316],[17.863129,40.285631],[17.512055,40.303697],[17.44044,40.331],[17.399425,40.331],[17.200206,40.420396],[17.243012,40.441392],[17.247895,40.457343],[17.22755,40.474433],[17.295746,40.473212],[17.323253,40.498481],[17.261729,40.488715],[17.268565,40.496161],[17.247406,40.502834],[17.189952,40.481879],[17.156016,40.512397],[17.049571,40.51911],[16.976085,40.492621],[16.91212,40.445217],[16.782725,40.301581],[16.730724,40.20067],[16.604747,40.084459],[16.599376,40.034125],[16.631602,39.966213],[16.542247,39.885403],[16.49171,39.805487],[16.489757,39.775214],[16.528575,39.721503],[16.515636,39.689602],[16.545909,39.660875],[16.624848,39.625312],[16.782481,39.61164],[16.846202,39.55268],[16.952973,39.499213],[17.011485,39.486151],[17.088552,39.422593],[17.158702,39.406195],[17.122244,39.338324],[17.114919,39.282782],[17.145681,39.210679],[17.124522,39.090888],[17.158458,39.040473],[17.206391,39.029486],[17.172374,39.005194],[17.172374,38.960517],[17.104015,38.899075],[17.094981,38.919135],[17.021983,38.905951],[16.981293,38.937201],[16.935069,38.938707],[16.727794,38.878852],[16.585623,38.797838],[16.534841,38.699897],[16.549083,38.689927],[16.576996,38.528551],[16.569591,38.429511],[16.508149,38.371527],[16.306326,38.277086],[16.169444,38.143215],[16.11085,37.973619],[16.063162,37.932685],[16.000987,37.919013],[15.942149,37.933092],[15.761485,37.925238],[15.684418,37.953518],[15.635102,38.009101],[15.638357,38.027737],[15.658458,38.042548],[15.624034,38.092108],[15.647797,38.143134],[15.632823,38.220282],[15.650564,38.241034],[15.786469,38.278022],[15.812836,38.300605],[15.829763,38.35102],[15.904796,38.473944],[15.916026,38.55036],[15.900076,38.578274],[15.83546,38.628241],[15.836599,38.648993],[16.002615,38.725409],[16.12086,38.720933],[16.152599,38.730902],[16.200938,38.776435],[16.22169,38.856594],[16.214692,38.919013],[16.189626,38.943549],[16.154307,38.955024],[16.083018,39.075263],[16.034027,39.345242],[15.995396,39.438768],[15.933116,39.513658],[15.876231,39.551459],[15.836599,39.652655],[15.806407,39.695502],[15.788748,39.796617],[15.769705,39.830146],[15.781912,39.868598],[15.774425,39.891099],[15.728038,39.964179],[15.630382,40.057685],[15.624278,40.077786],[15.534923,40.077786],[15.4101,39.99397],[15.34316,40.004149],[15.314301,40.033759],[15.261241,40.029364],[15.279145,40.047675],[15.263438,40.073717],[15.127208,40.169623],[15.047211,40.168931],[15.003122,40.210259],[14.911143,40.241645],[14.906912,40.258612],[14.939138,40.307074],[14.932384,40.333726],[14.99449,40.358434],[14.998267,40.397559],[14.888845,40.573065],[14.83546,40.632636],[14.781993,40.669867],[14.752208,40.676703],[14.69044,40.649115],[14.625743,40.649075],[14.5442,40.613593],[14.486583,40.632636],[14.422048,40.615546],[14.342621,40.570624],[14.329845,40.584459],[14.337738,40.624416],[14.38738,40.636949],[14.444211,40.685987],[14.47637,40.695102],[14.474132,40.729682],[14.442638,40.755072],[14.394433,40.761566],[14.2942,40.838772],[14.223643,40.831366],[14.203461,40.801215],[14.08253,40.831285],[14.08253,40.783515],[14.047697,40.789589],[14.052257,40.837592],[14.021344,40.921829],[13.965343,40.996405],[13.917979,41.023668],[13.910655,41.064643],[13.851725,41.147316],[13.721853,41.252387],[13.594412,41.253119],[13.56365,41.237982],[13.57545,41.208075],[13.543956,41.20661],[13.514415,41.229682],[13.499685,41.221747],[13.480235,41.239163],[13.324392,41.294827],[13.285818,41.295722],[13.187022,41.278022],[13.114513,41.250881],[13.090505,41.226549],[13.044607,41.227525],[12.979503,41.331],[12.893565,41.399319],[12.841563,41.418402],[12.748546,41.423733],[12.653982,41.465644],[12.635265,41.447496],[12.448009,41.630764],[12.327159,41.711371],[12.239024,41.736274],[12.21518,41.768134],[12.206228,41.827338],[12.170177,41.879584],[12.038829,41.965155],[12.020356,41.993069],[11.982188,41.999742],[11.91684,42.037909],[11.827485,42.034166],[11.750173,42.127916],[11.736176,42.168891],[11.658214,42.279364],[11.539073,42.348863],[11.376638,42.406887],[11.333018,42.40058],[11.259044,42.420844],[11.211274,42.418891],[11.183849,42.366278],[11.155935,42.366278],[11.106619,42.391262],[11.086762,42.418362],[11.099132,42.442857],[11.164191,42.439828],[11.188448,42.480267],[11.18686,42.520819],[11.158458,42.564032],[11.128673,42.558051],[11.097423,42.606879],[11.080903,42.612698],[11.07781,42.632229],[11.005707,42.667914],[10.990001,42.710273],[10.943614,42.742987],[10.731293,42.804429],[10.764903,42.835273],[10.765636,42.877102],[10.77768,42.894721],[10.76352,42.91828],[10.632498,42.958482],[10.539073,42.949123],[10.54656,42.93476],[10.518565,42.925279],[10.499522,42.940497],[10.47755,42.990058],[10.5171,43.023912],[10.539073,43.079413],[10.54656,43.147121],[10.528168,43.246772],[10.437022,43.388577],[10.317231,43.492621],[10.29477,43.568549],[10.264008,43.809394],[10.210134,43.920233],[10.180675,43.955268],[10.136485,43.978705],[10.090587,44.025377],[9.988536,44.05976],[9.962738,44.044664],[9.844737,44.108629],[9.826427,44.107245],[9.833263,44.09984],[9.819591,44.093004],[9.847504,44.072496],[9.833263,44.052069],[9.846365,44.046291],[9.832286,44.042304],[9.819835,44.063381],[9.771821,44.079413],[9.682628,44.136542],[9.621104,44.148261],[9.573009,44.191596],[9.499034,44.221829],[9.484386,44.243842],[9.436778,44.239488],[9.422374,44.256781],[9.374522,44.271796],[9.367686,44.29442],[9.230642,44.353705],[9.210704,44.305325],[9.146658,44.328559],[9.130056,44.363349],[9.102061,44.373969],[8.76238,44.432115],[8.564789,44.357164],[8.466075,44.304267],[8.444509,44.283881],[8.449718,44.26435],[8.435395,44.240424],[8.411876,44.227037],[8.408214,44.193508],[8.256521,44.128363],[8.233165,44.103583],[8.216319,44.045233],[8.15268,43.983222],[8.167979,43.956488],[8.089203,43.919867],[8.067719,43.896674],[7.959727,43.852851],[7.785818,43.821967],[7.736583,43.798245],[7.544119,43.784491],[7.502289,43.792222],[7.47641,43.784491],[7.47641,43.764635],[7.404319,43.717969],[7.353184,43.715691],[7.330533,43.686424],[7.257273,43.691648],[7.203791,43.64436],[7.196677,43.656917],[7.151622,43.654771],[7.126154,43.605833],[7.138916,43.55402],[7.125511,43.547768],[7.112941,43.564544],[7.088427,43.568674],[7.037202,43.536264],[7.030634,43.547889],[6.9756,43.546946],[6.945203,43.527253],[6.940888,43.51246],[6.954299,43.500106],[6.894028,43.427628],[6.871072,43.426093],[6.862957,43.439362],[6.860136,43.415868],[6.846672,43.412577],[6.746501,43.417906],[6.731146,43.407847],[6.717838,43.350604],[6.674571,43.346381],[6.661306,43.322333],[6.597243,43.284007],[6.590892,43.268898],[6.611672,43.264288],[6.693374,43.272973],[6.685395,43.248037],[6.668356,43.239536],[6.665403,43.22129],[6.679801,43.201553],[6.609874,43.173407],[6.593272,43.18773],[6.539912,43.182204],[6.505683,43.150971],[6.401679,43.146938],[6.36608,43.118635],[6.375371,43.090841],[6.342258,43.090763],[6.280374,43.118666],[6.193198,43.108773],[6.162934,43.092597],[6.153168,43.071967],[6.152768,43.048107],[6.18542,43.045444],[6.180072,43.035922],[6.088517,43.034849],[6.132066,43.052638],[6.129088,43.071362],[6.109662,43.084316],[6.027008,43.078195],[6.01652,43.098936],[5.934093,43.113593],[5.940929,43.134019],[5.879405,43.120429],[5.91061,43.093204],[5.951379,43.079978],[5.875336,43.068793],[5.856605,43.044829],[5.781873,43.079118],[5.818085,43.09909],[5.811465,43.106725],[5.783407,43.114598],[5.776127,43.130811],[5.696299,43.146875],[5.673919,43.179889],[5.634213,43.187229],[5.61242,43.160429],[5.572706,43.169148],[5.524952,43.212629],[5.34698,43.215899],[5.369151,43.270413],[5.338883,43.334289],[5.294173,43.355472],[5.238279,43.328041],[5.034022,43.335476],[5.005572,43.381628],[5.026134,43.409329],[5.05714,43.422065],[5.173839,43.42829],[5.226329,43.480292],[5.22283,43.503974],[5.165538,43.482489],[5.139985,43.485785],[5.105724,43.533026],[5.053722,43.538153],[5.029145,43.55858],[5.009288,43.517646],[5.062266,43.451646],[5.051117,43.429267],[4.998466,43.414699],[4.928477,43.440131],[4.868175,43.421454],[4.850271,43.401435],[4.867532,43.365112],[4.901005,43.366965],[4.855778,43.341779],[4.833263,43.381985],[4.757823,43.422349],[4.742442,43.448717],[4.742442,43.524482],[4.725841,43.556789],[4.694591,43.579088],[4.72877,43.527899],[4.72877,43.456204],[4.742524,43.422553],[4.823019,43.367169],[4.820279,43.346356],[4.592336,43.359889],[4.566289,43.371094],[4.565544,43.387949],[4.585704,43.404242],[4.579594,43.430066],[4.513031,43.455797],[4.409419,43.447741],[4.181651,43.463772],[4.132823,43.487047],[4.117198,43.510484],[4.131196,43.536241],[4.105317,43.551866],[4.047455,43.556138],[3.952973,43.539944],[3.739919,43.412828],[3.622162,43.374905],[3.513357,43.281073],[3.385427,43.283922],[3.317719,43.263088],[3.244314,43.219428],[3.114024,43.106309],[3.038992,42.942776],[3.056082,42.907131],[3.037608,42.683214],[3.05185,42.554877],[3.145925,42.51496],[3.143077,42.492133],[3.18157,42.435085],[3.170177,42.396593],[3.187348,42.349514],[3.317719,42.322984],[3.263031,42.239854],[3.210134,42.239732],[3.170177,42.25967],[3.1303,42.239732],[3.118826,42.218329],[3.122488,42.140489],[3.173106,42.112006],[3.214496,42.068334],[3.195896,42.033118],[3.207856,41.990017],[3.235688,41.965522],[3.194916,41.888292],[3.150165,41.845351],[3.116829,41.847569],[3.078631,41.826618],[3.069058,41.799076],[2.950938,41.73428],[2.932991,41.712464],[2.84018,41.694648],[2.813162,41.670315],[2.792003,41.669013],[2.778497,41.645582],[2.449474,41.535224],[2.371349,41.489203],[2.296723,41.465318],[2.240408,41.420966],[2.163259,41.326646],[2.060313,41.274604],[1.62436,41.192165],[1.539236,41.187445],[1.217784,41.104682],[1.172944,41.058661],[1.097667,41.070868],[0.990408,41.0397],[0.714203,40.815212],[0.694835,40.785997],[0.750173,40.76557],[0.767263,40.771023],[0.750173,40.785997],[0.766938,40.78502],[0.841807,40.732123],[0.873709,40.727932],[0.858084,40.686265],[0.784028,40.660956],[0.677094,40.565172],[0.615896,40.553453],[0.592459,40.582099],[0.640636,40.586859],[0.663178,40.574734],[0.696218,40.590359],[0.732677,40.633734],[0.599783,40.613715],[0.563487,40.590033],[0.501313,40.484198],[0.452647,40.434068],[0.446137,40.408433],[0.420258,40.388251],[0.350597,40.284898],[0.205251,40.171536],[0.144542,40.078843],[0.066173,40.031928],[-0.002919,39.931952],[-0.091298,39.847927],[-0.194488,39.71544],[-0.208933,39.664089],[-0.257436,39.616238],[-0.312734,39.534003],[-0.330593,39.480407],[-0.30134,39.322008],[-0.215493,39.181839],[-0.242182,39.166275],[-0.226703,39.111782],[-0.105946,38.93651],[-0.009755,38.869696],[0.111013,38.849921],[0.153982,38.831],[0.185313,38.803534],[0.170909,38.796088],[0.227712,38.770209],[0.234548,38.742255],[0.176768,38.724026],[0.14503,38.686347],[0.083018,38.660956],[0.073131,38.645209],[0.080577,38.631008],[-0.01476,38.624416],[-0.042958,38.611721],[-0.060048,38.55272],[-0.075429,38.539944],[-0.176991,38.527248],[-0.329416,38.470038],[-0.395172,38.413764],[-0.413686,38.364814],[-0.460194,38.360053],[-0.474355,38.336737],[-0.509836,38.338365],[-0.518788,38.298651],[-0.504018,38.207221],[-0.515452,38.195502],[-0.591379,38.189643],[-0.623687,38.162421],[-0.645009,38.116034],[-0.65453,37.989325],[-0.718414,37.94302],[-0.758616,37.863349],[-0.760732,37.796129],[-0.787994,37.822821],[-0.812408,37.770087],[-0.856109,37.742499],[-0.809926,37.666897],[-0.754791,37.641303],[-0.734853,37.63935],[-0.726471,37.651516],[-0.707997,37.643012],[-0.705312,37.619534],[-0.736643,37.599433],[-0.886708,37.574286],[-0.92516,37.555894],[-0.9735,37.576402],[-1.087758,37.580878],[-1.119985,37.559027],[-1.105767,37.532135],[-1.167057,37.543755],[-1.178585,37.563883],[-1.242699,37.579203],[-1.261671,37.557661],[-1.323735,37.561991],[-1.470896,37.482245],[-1.496938,37.427802],[-1.515004,37.433214],[-1.641618,37.381036],[-1.652839,37.361259],[-1.670888,37.363308],[-1.728505,37.282416],[-1.812734,37.207058],[-1.855214,37.076606],[-1.906117,36.987616],[-1.900339,36.941189],[-1.988922,36.900499],[-2.013051,36.845771],[-2.056874,36.810085],[-2.071156,36.775336],[-2.100819,36.765163],[-2.126698,36.736396],[-2.166127,36.727566],[-2.203643,36.737128],[-2.282786,36.810085],[-2.361684,36.836778],[-2.433095,36.81627],[-2.481435,36.829942],[-2.56078,36.818793],[-2.576894,36.811306],[-2.617177,36.72842],[-2.658884,36.69481],[-2.718251,36.682034],[-2.756663,36.680365],[-2.820994,36.713894],[-2.848256,36.700222],[-2.886098,36.734402],[-2.933258,36.751654],[-2.987719,36.737109],[-3.227895,36.754828],[-3.329579,36.7449],[-3.415155,36.695516],[-3.477602,36.696096],[-3.515963,36.721047],[-3.549832,36.712373],[-3.6011,36.74255],[-3.731281,36.724097],[-3.838541,36.75197],[-3.960961,36.726793],[-4.056711,36.747992],[-4.110172,36.725733],[-4.224721,36.712388],[-4.403188,36.723863],[-4.433258,36.710679],[-4.524826,36.580715],[-4.5878,36.573818],[-4.615021,36.530556],[-4.65925,36.507636],[-4.722768,36.492987],[-4.902659,36.506537],[-4.994166,36.457094],[-5.062489,36.452216],[-5.186554,36.4112],[-5.253651,36.297105],[-5.290598,36.277411],[-5.285308,36.26081],[-5.334055,36.187812],[-5.34203,36.1105],[-5.366607,36.163153],[-5.425445,36.179755],[-5.442332,36.14879],[-5.4287,36.080797],[-5.438629,36.062812],[-5.611765,36.006456],[-5.629709,36.03677],[-5.689361,36.067125],[-5.713124,36.059963],[-5.796051,36.085517],[-5.917185,36.184068],[-5.983551,36.176988],[-6.036773,36.189521],[-6.104726,36.280707],[-6.159454,36.304307],[-6.184193,36.370714],[-6.218373,36.402452],[-6.279612,36.511298],[-6.310007,36.534125],[-6.289377,36.537299],[-6.257517,36.51378],[-6.231475,36.472683],[-6.179351,36.513536],[-6.224355,36.51085],[-6.234893,36.575751],[-6.283193,36.612372],[-6.379791,36.624254],[-6.394683,36.636908],[-6.437896,36.733303],[-6.433339,36.751207],[-6.345611,36.794989],[-6.335194,36.818264],[-6.338206,36.883734],[-6.304351,36.907213],[-6.223256,36.90233],[-6.194814,36.932115],[-6.239654,36.913398],[-6.283559,36.92593],[-6.344716,36.901272],[-6.346669,36.819892],[-6.352447,36.80858],[-6.38801,36.808173],[-6.471099,36.935614],[-6.499582,36.959662],[-6.744862,37.101386],[-6.892893,37.166571],[-6.917633,37.215074],[-6.852691,37.295233],[-6.931142,37.233873],[-6.962554,37.233832],[-6.928456,37.172349],[-7.10104,37.224251],[-7.127349,37.214748],[-7.085561,37.206488],[-7.32787,37.201565],[-7.381418,37.179918],[-7.414418,37.192816],[-7.400217,37.178534],[-7.407623,37.164862],[-7.445709,37.179633],[-7.490142,37.178534],[-7.627349,37.113959],[-7.819569,36.998725],[-7.949534,37.014106],[-7.958119,37.002631],[-7.9912,37.014106],[-7.976796,36.986762],[-8.035268,37.037502],[-8.179152,37.088099],[-8.293202,37.077704],[-8.365384,37.097999],[-8.438834,37.082734],[-8.580149,37.123969],[-8.641591,37.117743],[-8.686269,37.082953],[-8.74767,37.082953],[-8.859158,37.040798],[-8.878919,37.047209],[-8.946034,37.00788],[-8.9829,37.026597],[-8.997874,37.02147],[-8.985585,37.063381],[-8.913564,37.169908],[-8.922719,37.199652],[-8.881365,37.23248],[-8.86709,37.276725],[-8.882768,37.309931],[-8.838657,37.360318],[-8.815989,37.417914],[-8.795497,37.535362],[-8.826527,37.600572],[-8.799306,37.697577],[-8.757639,37.706732],[-8.752187,37.73078],[-8.808705,37.722886],[-8.817006,37.740302],[-8.797182,37.844873],[-8.804815,37.901873],[-8.820669,37.927267],[-8.894846,37.952541],[-8.867502,37.973619],[-8.815683,38.062115],[-8.774396,38.186949],[-8.795071,38.359227],[-8.878285,38.449164],[-8.942616,38.481391],[-8.927317,38.493801],[-8.90453,38.486396],[-8.80016,38.439114],[-8.798573,38.426093],[-8.65689,38.405951],[-8.606801,38.418687],[-8.66275,38.424506],[-8.736155,38.45185],[-8.752512,38.487982],[-8.737172,38.522366],[-8.76122,38.538072],[-8.757639,38.5633],[-8.773346,38.565334],[-8.792958,38.533596],[-8.812856,38.528551],[-8.780263,38.505439],[-8.788401,38.481391],[-8.905832,38.512397],[-8.95489,38.505144],[-8.999765,38.464253],[-8.991864,38.459478],[-9.048595,38.440671],[-9.145657,38.431383],[-9.200357,38.412481],[-9.230621,38.418687],[-9.231068,38.43769],[-9.190027,38.472532],[-9.183793,38.551537],[-9.252675,38.665484],[-9.145042,38.681068],[-9.107737,38.658881],[-9.113922,38.679389],[-9.052398,38.693671],[-8.942616,38.77558],[-8.970286,38.835435],[-8.963124,38.850653],[-8.986318,38.849433],[-9.011545,38.913398],[-8.943227,39.015204],[-8.908437,39.036282],[-8.826527,39.049262],[-8.765126,39.097724],[-8.836415,39.056708],[-8.935862,39.040717],[-9.10025,38.830227],[-9.098248,38.737858],[-9.112503,38.714182],[-9.220171,38.693895],[-9.285209,38.698758],[-9.321777,38.670325],[-9.404775,38.704088],[-9.471669,38.70246],[-9.491689,38.707587],[-9.484731,38.744696],[-9.497467,38.80976],[-9.455496,38.850469],[-9.422725,38.931404],[-9.436635,39.029486],[-9.422549,39.078625],[-9.35086,39.197309],[-9.34059,39.26683],[-9.354075,39.31623],[-9.409291,39.37519],[-9.352922,39.367934],[-9.260803,39.418442],[-9.2176,39.406195],[-9.205922,39.415473],[-9.229888,39.440741],[-9.182873,39.492584],[-9.135694,39.51618],[-9.090434,39.579275],[-9.071692,39.680437],[-8.868153,40.124823],[-8.853261,40.139228],[-8.825063,40.120063],[-8.784983,40.11872],[-8.784983,40.126166],[-8.816151,40.146552],[-8.896474,40.16474],[-8.908437,40.20067],[-8.865387,40.275458],[-8.753,40.640815],[-8.744618,40.646918],[-8.744618,40.619045],[-8.710276,40.653469],[-8.690012,40.646918],[-8.696156,40.673651],[-8.662099,40.669867],[-8.641591,40.694159],[-8.666331,40.713202],[-8.663645,40.724066],[-8.603871,40.735785],[-8.572662,40.755561],[-8.639882,40.740058],[-8.668446,40.747463],[-8.683705,40.783108],[-8.645579,40.823676],[-8.655263,40.844916],[-8.663197,40.814927],[-8.675689,40.824449],[-8.689809,40.804104],[-8.714263,40.709052],[-8.750803,40.653144],[-8.6551,40.993801],[-8.666127,41.132758],[-8.648346,41.152777],[-8.68578,41.159491],[-8.737172,41.249661],[-8.744456,41.328111],[-8.783803,41.393866],[-8.774849,41.468338],[-8.830511,41.671586],[-8.827056,41.682807],[-8.743276,41.696967],[-8.696156,41.721991],[-8.829986,41.694648],[-8.861113,41.704368],[-8.880306,41.736862],[-8.874745,41.849555],[-8.762766,41.931952],[-8.750803,41.96898],[-8.7954,41.925686],[-8.864654,41.888902],[-8.881256,41.893297],[-8.89859,42.101752],[-8.884592,42.126044],[-8.826527,42.13052],[-8.82372,42.14761],[-8.846995,42.160834],[-8.815989,42.174506],[-8.805776,42.197496],[-8.625152,42.301947],[-8.621653,42.340806],[-8.626454,42.348334],[-8.649892,42.335598],[-8.674794,42.299018],[-8.784983,42.260077],[-8.867502,42.256415],[-8.853261,42.304836],[-8.832997,42.28913],[-8.827219,42.296698],[-8.830719,42.34162],[-8.771962,42.342719],[-8.655263,42.441352],[-8.694488,42.439643],[-8.757639,42.407213],[-8.843577,42.403713],[-8.867502,42.4147],[-8.88801,42.455634],[-8.942616,42.469306],[-8.881256,42.496568],[-8.860829,42.485012],[-8.874338,42.469306],[-8.826527,42.461859],[-8.825063,42.49494],[-8.812856,42.502753],[-8.822987,42.569525],[-8.775502,42.604722],[-8.730946,42.688422],[-8.753896,42.656887],[-8.784983,42.64057],[-8.839508,42.68244],[-8.857004,42.649115],[-8.846995,42.64057],[-8.868764,42.617499],[-8.894846,42.620103],[-8.889475,42.630601],[-8.936391,42.606431],[-8.922231,42.593695],[-8.969879,42.579169],[-8.980784,42.551215],[-9.011545,42.530707],[-9.026357,42.543118],[-9.033355,42.578111],[-9.070872,42.596137],[-9.030141,42.707709],[-8.922231,42.788113],[-8.898264,42.792304],[-8.887685,42.831122],[-8.908437,42.839464],[-8.912587,42.816596],[-8.951039,42.795111],[-9.04894,42.794745],[-9.045644,42.778022],[-9.068674,42.759711],[-9.10025,42.757514],[-9.134999,42.812771],[-9.113189,42.816352],[-9.10025,42.833279],[-9.141225,42.857449],[-9.148671,42.884467],[-9.134511,42.917548],[-9.195872,42.949327],[-9.19579,42.926581],[-9.210072,42.925727],[-9.214345,42.939032],[-9.235585,42.934882],[-9.268422,42.891303],[-9.291982,42.922634],[-9.250966,43.016791],[-9.272125,43.031277],[-9.27953,43.054999],[-9.257924,43.060899],[-9.2176,43.114447],[-9.189809,43.102322],[-9.141225,43.134874],[-9.107737,43.14114],[-9.163319,43.139757],[-9.162262,43.148505],[-9.208363,43.137885],[-9.2176,43.155341],[-9.170074,43.188747],[-9.137929,43.201524],[-9.100413,43.189521],[-9.052398,43.196357],[-9.026967,43.21015],[-9.011545,43.238756],[-8.985748,43.226874],[-8.932525,43.235297],[-8.915273,43.245022],[-8.94815,43.249945],[-8.988026,43.283026],[-8.841176,43.338935],[-8.768544,43.307074],[-8.693105,43.293402],[-8.592519,43.324205],[-8.55842,43.313218],[-8.505971,43.331529],[-8.443023,43.375312],[-8.388295,43.385891],[-8.353586,43.348619],[-8.330719,43.405666],[-8.267201,43.385932],[-8.210194,43.313218],[-8.209625,43.390692],[-8.175404,43.416327],[-8.26476,43.427314],[-8.305165,43.451077],[-8.178782,43.473293],[-8.168568,43.492011],[-8.257314,43.477729],[-8.243723,43.485175],[-8.257314,43.492011],[-8.288971,43.472968],[-8.333119,43.471503],[-8.31664,43.522895],[-8.292104,43.532945],[-8.312652,43.567125],[-8.232249,43.575507],[-8.086659,43.65648],[-8.074615,43.639635],[-8.051869,43.642808],[-8.065541,43.642808],[-8.051869,43.65648],[-8.073964,43.678534],[-8.059316,43.709418],[-7.981191,43.717841],[-7.908559,43.766343],[-7.880849,43.763251],[-7.846506,43.717963],[-7.867584,43.717963],[-7.879262,43.700507],[-7.873769,43.684475],[-7.894887,43.684475],[-7.908559,43.670152],[-7.858388,43.668199],[-7.849233,43.675605],[-7.867584,43.697455],[-7.819163,43.697455],[-7.826039,43.711737],[-7.812001,43.72309],[-7.712758,43.760688],[-7.685536,43.793443],[-7.668324,43.772528],[-7.695627,43.745917],[-7.691558,43.72724],[-7.641021,43.752672],[-7.613026,43.704291],[-7.615956,43.688544],[-7.586415,43.717963],[-7.541412,43.731635],[-7.490142,43.725328],[-7.367055,43.68008],[-7.304107,43.598578],[-7.256744,43.58161],[-7.271067,43.561143],[-7.079335,43.56863],[-7.044301,43.559394],[-7.030873,43.53323],[-7.053619,43.496527],[-7.044586,43.479193],[-7.001373,43.556667],[-6.943959,43.565985],[-6.770823,43.56863],[-6.703725,43.557563],[-6.648671,43.579047],[-6.510121,43.547471],[-6.462961,43.554958],[-6.469106,43.575385],[-6.417633,43.561143],[-6.314605,43.56863],[-6.222768,43.595893],[-6.178049,43.575385],[-6.069163,43.569688],[-6.023508,43.588446],[-5.907379,43.588446],[-5.907379,43.636827],[-5.863515,43.641425],[-5.852203,43.66295],[-5.803822,43.650499],[-5.708852,43.56863],[-5.696767,43.582831],[-5.67748,43.561143],[-5.39387,43.555243],[-5.390736,43.541327],[-5.420806,43.513373],[-5.41393,43.506537],[-5.372426,43.520209],[-5.356801,43.538601],[-5.299875,43.537665],[-5.177887,43.489366],[-5.091664,43.486274],[-5.057037,43.468614],[-4.975168,43.458767],[-4.941029,43.471747],[-4.734934,43.4171],[-4.508168,43.402452],[-4.481679,43.383612],[-4.432525,43.402615],[-4.379262,43.383612],[-4.359364,43.399685],[-4.188588,43.405382],[-4.097727,43.435614],[-4.029205,43.438259],[-4.012766,43.452501],[-3.981435,43.438259],[-3.961008,43.445095],[-3.974599,43.458767],[-3.940053,43.477118],[-3.826731,43.497016],[-3.769154,43.479193],[-3.844309,43.445095],[-3.823842,43.430772],[-3.831288,43.424587],[-3.811187,43.425482],[-3.772288,43.452501],[-3.744985,43.438259],[-3.755523,43.471747],[-3.728871,43.465522],[-3.728871,43.479193],[-3.579416,43.518256],[-3.554351,43.516913],[-3.556264,43.499701],[-3.50536,43.479193],[-3.431508,43.466864],[-3.428619,43.446845],[-3.470041,43.454169],[-3.501698,43.430772],[-3.46109,43.412462],[-3.447011,43.430772],[-3.436187,43.419013],[-3.392486,43.424587],[-3.268951,43.40412],[-3.1315,43.35578],[-3.089508,43.366889],[-3.008168,43.320909],[-3.029286,43.376166],[-2.939931,43.4171],[-2.946685,43.430772],[-2.768625,43.452501],[-2.715199,43.424506],[-2.691029,43.36754],[-2.677805,43.406195],[-2.661204,43.411933],[-2.48351,43.370632],[-2.464426,43.349229],[-2.367421,43.315701],[-2.284657,43.303494],[-2.196278,43.314765],[-2.174469,43.297431],[-2.144846,43.301093],[-2.127797,43.287421],[-1.960357,43.343085],[-1.918691,43.32099],[-1.904652,43.328437],[-1.925689,43.342637],[-1.811269,43.395087],[-1.775502,43.376166],[-1.661,43.399685],[-1.59675,43.442532],[-1.476877,43.580064],[-1.445953,43.668443],[-1.346099,44.019192],[-1.281565,44.302191],[-1.247304,44.504543],[-1.257232,44.556057],[-1.186513,44.665473],[-1.100209,44.655341],[-1.044749,44.66942],[-1.044423,44.684638],[-1.069163,44.703192],[-1.055491,44.703192],[-1.065297,44.717475],[-1.172231,44.778266],[-1.233632,44.706855],[-1.260365,44.627427],[-1.199452,45.120836],[-1.157867,45.27912],[-1.139963,45.490058],[-1.085276,45.569037],[-1.058583,45.569648],[-1.062327,45.532416],[-1.039947,45.50727],[-0.915273,45.450426],[-0.766184,45.326077],[-0.715972,45.134508],[-0.6822,45.076483],[-0.568959,44.997992],[-0.556508,44.918524],[-0.534657,44.894965],[-0.548451,44.94953],[-0.538971,44.976508],[-0.550364,44.998196],[-0.596181,45.024644],[-0.539418,45.019517],[-0.493764,44.997992],[-0.518951,45.029446],[-0.602162,45.053453],[-0.637766,45.073065],[-0.655995,45.099107],[-0.719716,45.36107],[-0.795481,45.477118],[-0.841786,45.514553],[-0.98351,45.586982],[-0.990875,45.610053],[-1.083811,45.660386],[-1.149322,45.6789],[-1.194203,45.710191],[-1.247304,45.709906],[-1.230295,45.792426],[-1.163808,45.806708],[-1.144276,45.806098],[-1.05724,45.74022],[-0.987172,45.717353],[-1.125356,45.807685],[-1.151723,45.86815],[-1.112538,45.895657],[-1.073354,45.904364],[-1.070424,45.926337],[-1.089752,45.950751],[-1.069163,45.964342],[-1.096588,45.985419],[-1.110748,46.018378],[-1.072987,46.007473],[-1.048695,46.038804],[-1.084218,46.056545],[-1.097035,46.101549],[-1.129018,46.11579],[-1.117014,46.128241],[-1.152089,46.143866],[-1.151723,46.156195],[-1.200185,46.159125],[-1.210805,46.174547],[-1.18517,46.19717],[-1.190541,46.216295],[-1.179596,46.229478],[-1.110748,46.259223],[-1.102651,46.271959],[-1.110748,46.30268],[-1.132476,46.324123],[-1.177235,46.326158],[-1.214345,46.310696],[-1.213206,46.27912],[-1.240102,46.284247],[-1.277415,46.319525],[-1.370229,46.354193],[-1.44872,46.343411],[-1.481435,46.408189],[-1.62564,46.431138],[-1.617177,46.443549],[-1.633453,46.454291],[-1.686757,46.460883],[-1.761138,46.492011],[-1.789174,46.532945],[-1.781728,46.495429],[-1.7954,46.494534],[-1.827056,46.576972],[-1.822662,46.594387],[-1.89977,46.666246],[-1.909901,46.691799],[-1.956451,46.704291],[-1.994618,46.752021],[-2.050282,46.79206],[-2.118764,46.819973],[-2.128774,46.893459],[-2.096344,46.91649],[-2.102162,46.93065],[-2.049224,46.957465],[-2.00829,47.026353],[-1.990712,47.035386],[-2.003774,47.070014],[-2.030019,47.092108],[-2.090159,47.11518],[-2.241119,47.142483],[-2.165191,47.167873],[-2.158681,47.204495],[-2.172109,47.235256],[-2.160553,47.271186],[-2.127675,47.286811],[-2.014556,47.300116],[-1.947865,47.279364],[-1.917063,47.284166],[-1.898427,47.273424],[-1.918853,47.266018],[-1.803944,47.21898],[-1.72704,47.210761],[-1.788238,47.225572],[-1.905629,47.293931],[-2.010121,47.319729],[-2.148101,47.313218],[-2.206288,47.273424],[-2.278391,47.246405],[-2.31607,47.251654],[-2.371409,47.286444],[-2.404897,47.286444],[-2.419179,47.266018],[-2.448394,47.266588],[-2.541982,47.300116],[-2.476064,47.290676],[-2.436187,47.307034],[-2.480621,47.347886],[-2.501698,47.320624],[-2.514801,47.364936],[-2.556386,47.383246],[-2.476796,47.415676],[-2.439036,47.40998],[-2.439036,47.396308],[-2.391835,47.423651],[-2.44815,47.430609],[-2.439036,47.44477],[-2.488922,47.459174],[-2.480621,47.478217],[-2.49474,47.491197],[-2.363922,47.506171],[-2.425364,47.506171],[-2.517486,47.528388],[-2.631988,47.519843],[-2.599355,47.52912],[-2.576812,47.553941],[-2.638254,47.540269],[-2.617787,47.526679],[-2.665517,47.533515],[-2.667104,47.509589],[-2.680735,47.504218],[-2.714019,47.512397],[-2.817128,47.499213],[-2.868967,47.542182],[-2.90925,47.558417],[-2.865305,47.566636],[-2.850575,47.546536],[-2.816396,47.546536],[-2.80956,47.567613],[-2.794016,47.555121],[-2.741444,47.551337],[-2.720204,47.560777],[-2.727651,47.567613],[-2.688629,47.604397],[-2.68399,47.622992],[-2.706532,47.642727],[-2.695627,47.623358],[-2.714019,47.616034],[-2.699778,47.609198],[-2.708608,47.602281],[-2.77538,47.629096],[-2.734486,47.62226],[-2.746327,47.633857],[-2.789133,47.642727],[-2.77538,47.636542],[-2.847727,47.626166],[-2.86677,47.607164],[-2.919423,47.595526],[-2.912668,47.609198],[-2.939931,47.601752],[-2.944814,47.624091],[-2.933095,47.636542],[-2.957997,47.642157],[-2.97468,47.663804],[-2.963612,47.602607],[-2.933095,47.574449],[-2.939931,47.560777],[-2.994496,47.595526],[-2.988596,47.582261],[-3.003407,47.578681],[-3.01179,47.607164],[-3.015696,47.581244],[-3.042388,47.58808],[-3.073842,47.576483],[-3.12328,47.598782],[-3.131703,47.58808],[-3.118031,47.581244],[-3.12328,47.518988],[-3.084543,47.478217],[-3.131703,47.478217],[-3.145375,47.516099],[-3.131703,47.55744],[-3.141184,47.598049],[-3.200592,47.639594],[-3.18635,47.680609],[-3.111195,47.704169],[-3.118031,47.732123],[-3.13915,47.724677],[-3.13915,47.75259],[-3.153188,47.742011],[-3.193186,47.746405],[-3.169667,47.735419],[-3.159088,47.711005],[-3.207387,47.697333],[-3.193186,47.683743],[-3.224192,47.656399],[-3.262074,47.683743],[-3.358266,47.697333],[-3.282623,47.691148],[-3.298451,47.703843],[-3.358266,47.711005],[-3.340566,47.739488],[-3.317291,47.738959],[-3.282623,47.78734],[-3.331776,47.752509],[-3.383168,47.737047],[-3.364491,47.718451],[-3.446441,47.704576],[-3.52831,47.779934],[-3.625152,47.779934],[-3.649037,47.793606],[-3.706166,47.796942],[-3.723215,47.813381],[-3.77538,47.793606],[-3.789906,47.803209],[-3.851715,47.801011],[-3.886464,47.83747],[-3.885854,47.855048],[-3.961822,47.89997],[-3.988271,47.903469],[-3.979237,47.883002],[-4.008901,47.851264],[-4.029205,47.855048],[-4.001943,47.869289],[-4.036692,47.855048],[-4.106557,47.880113],[-4.132192,47.923896],[-4.14273,47.912014],[-4.111195,47.869289],[-4.15274,47.855048],[-4.17162,47.877021],[-4.185618,47.874416],[-4.188466,47.862128],[-4.173899,47.855048],[-4.180043,47.841986],[-4.15274,47.841986],[-4.185211,47.813381],[-4.225168,47.802436],[-4.371816,47.807196],[-4.371816,47.834459],[-4.347646,47.838324],[-4.34732,47.862942],[-4.371978,47.915839],[-4.434641,47.975653],[-4.533274,48.026313],[-4.572011,48.005927],[-4.601959,48.02558],[-4.728139,48.040595],[-4.700795,48.074774],[-4.683705,48.067328],[-4.361928,48.115709],[-4.304758,48.104071],[-4.28539,48.115383],[-4.275706,48.143622],[-4.302358,48.196357],[-4.366119,48.215155],[-4.379262,48.232367],[-4.404368,48.226142],[-4.457631,48.248969],[-4.485463,48.242621],[-4.531646,48.183092],[-4.557485,48.177191],[-4.543772,48.205064],[-4.563629,48.232367],[-4.54719,48.25259],[-4.554067,48.262763],[-4.626332,48.266547],[-4.626332,48.287055],[-4.575185,48.290025],[-4.57726,48.307522],[-4.546702,48.346829],[-4.530141,48.34162],[-4.543202,48.304674],[-4.515533,48.295844],[-4.426503,48.300035],[-4.388987,48.287055],[-4.262603,48.300035],[-4.289906,48.29385],[-4.269358,48.288398],[-4.187489,48.307522],[-4.218821,48.306057],[-4.234731,48.321723],[-4.257721,48.311347],[-4.275706,48.324856],[-4.324696,48.321723],[-4.269399,48.362738],[-4.324696,48.348456],[-4.324696,48.362738],[-4.337717,48.348456],[-4.384185,48.338121],[-4.406606,48.335395],[-4.406606,48.348456],[-4.453725,48.335395],[-4.396596,48.387763],[-4.289906,48.431586],[-4.599355,48.350165],[-4.690541,48.362738],[-4.704498,48.34162],[-4.768381,48.345404],[-4.783355,48.37641],[-4.76476,48.377631],[-4.766347,48.390448],[-4.784901,48.436184],[-4.768056,48.468655],[-4.749257,48.472602],[-4.774648,48.491278],[-4.739898,48.550727],[-4.721995,48.568183],[-4.700795,48.560736],[-4.708241,48.568183],[-4.673451,48.579576],[-4.57726,48.568183],[-4.607737,48.603013],[-4.530141,48.601711],[-4.557485,48.609117],[-4.563629,48.629625],[-4.406606,48.643256],[-4.426503,48.657538],[-4.343251,48.67886],[-4.299143,48.663642],[-4.306508,48.641547],[-4.242055,48.657538],[-4.193756,48.650092],[-4.213002,48.6612],[-4.173899,48.691107],[-4.079254,48.696926],[-4.064036,48.684882],[-4.056549,48.712144],[-3.973988,48.732815],[-3.972727,48.707709],[-3.961008,48.704739],[-3.967763,48.691107],[-3.951039,48.679389],[-3.954742,48.657538],[-3.911936,48.68122],[-3.891998,48.678046],[-3.906321,48.664374],[-3.851715,48.629625],[-3.844309,48.650092],[-3.8579,48.684882],[-3.837473,48.6706],[-3.837148,48.707261],[-3.829254,48.718451],[-3.816965,48.712144],[-3.810129,48.733222],[-3.797109,48.721177],[-3.731923,48.71898],[-3.686635,48.698554],[-3.638173,48.704739],[-3.638539,48.687812],[-3.614003,48.682685],[-3.570546,48.687974],[-3.580474,48.733222],[-3.52831,48.739488],[-3.577382,48.774237],[-3.581532,48.790595],[-3.542592,48.807807],[-3.515289,48.841946],[-3.419749,48.821438],[-3.433339,48.807807],[-3.397613,48.807318],[-3.213612,48.869818],[-3.207753,48.835924],[-3.227895,48.807807],[-3.22053,48.794135],[-3.178822,48.84101],[-3.103749,48.876654],[-3.08434,48.862209],[-3.090728,48.835679],[-3.077056,48.828274],[-3.125478,48.759955],[-3.0655,48.823961],[-3.008168,48.821438],[-3.008168,48.807807],[-3.042388,48.787909],[-2.933095,48.767401],[-2.946685,48.733222],[-2.826975,48.657538],[-2.812978,48.598578],[-2.714019,48.560736],[-2.734486,48.534003],[-2.682362,48.509019],[-2.676137,48.540229],[-2.620025,48.543606],[-2.569407,48.58869],[-2.459543,48.636461],[-2.487457,48.650092],[-2.44286,48.659084],[-2.421051,48.656968],[-2.412262,48.643256],[-2.38622,48.650092],[-2.31607,48.698554],[-2.281972,48.6706],[-2.330312,48.629625],[-2.312652,48.620185],[-2.250966,48.650092],[-2.213694,48.581855],[-2.195546,48.593451],[-2.192616,48.615912],[-2.174062,48.582953],[-2.159088,48.58869],[-2.172109,48.601711],[-2.161041,48.613023],[-2.124338,48.609117],[-2.144846,48.636461],[-2.052358,48.650092],[-2.022043,48.598944],[-2.000885,48.58869],[-2.00829,48.575019],[-1.976389,48.535631],[-1.980295,48.513577],[-1.939361,48.534003],[-1.967275,48.547065],[-1.980295,48.58869],[-1.952952,48.575019],[-2.000478,48.601304],[-2.028717,48.643256],[-1.987701,48.673774],[-1.985911,48.687893],[-1.939361,48.691107],[-1.945627,48.698554],[-1.843739,48.712144],[-1.836334,48.691107],[-1.861195,48.664211],[-1.860951,48.640855],[-1.79601,48.615912],[-1.643951,48.62344],[-1.579701,48.643256],[-1.500559,48.636461],[-1.393137,48.652411],[-1.356557,48.643256],[-1.394602,48.66828],[-1.443267,48.662828],[-1.4558,48.683417],[-1.502675,48.695502],[-1.516469,48.725165],[-1.553619,48.747138],[-1.566762,48.82217],[-1.602935,48.849351],[-1.578521,48.862616],[-1.56371,48.922105],[-1.542795,48.935248],[-1.563059,48.957587],[-1.545766,49.030341],[-1.507965,49.033677],[-1.549713,49.039781],[-1.579457,49.01317],[-1.593577,49.028998],[-1.589345,49.082099],[-1.603424,49.08397],[-1.607737,49.102729],[-1.595937,49.128485],[-1.569488,49.143541],[-1.589345,49.143541],[-1.610422,49.215888],[-1.602651,49.225409],[-1.548411,49.225491],[-1.616851,49.238227],[-1.624664,49.219306],[-1.671864,49.280097],[-1.658193,49.287543],[-1.699086,49.313544],[-1.706654,49.329169],[-1.686187,49.335354],[-1.699127,49.355862],[-1.714752,49.338528],[-1.775502,49.370103],[-1.767974,49.383734],[-1.816477,49.383734],[-1.819407,49.452053],[-1.884674,49.530911],[-1.843739,49.571845],[-1.839508,49.619778],[-1.869496,49.661689],[-1.945627,49.677965],[-1.935211,49.724107],[-1.839426,49.715399],[-1.816477,49.691636],[-1.617177,49.664293],[-1.606679,49.650051],[-1.572865,49.664293],[-1.511464,49.662543],[-1.455719,49.702216],[-1.409495,49.711575],[-1.263051,49.695502],[-1.227773,49.624091],[-1.253326,49.61225],[-1.264027,49.58926],[-1.301422,49.581773],[-1.306264,49.558092],[-1.261586,49.49315],[-1.175689,49.415229],[-1.181996,49.356187],[-1.151723,49.362698],[-1.122874,49.345445],[-1.103424,49.349026],[-1.113759,49.36579],[-1.106353,49.379462],[-1.072255,49.396796],[-0.940419,49.392279],[-0.822133,49.362698],[-0.583363,49.345893],[-0.546946,49.358954],[-0.479482,49.34276],[-0.411122,49.34276],[-0.219472,49.280097],[-0.194081,49.295233],[0.012869,49.334621],[0.162364,49.415188],[0.457286,49.467434],[0.493175,49.493598],[0.42213,49.464423],[0.256847,49.464057],[0.104421,49.493598],[0.078624,49.51553],[0.076589,49.53498],[0.13087,49.603502],[0.170909,49.691636],[0.23585,49.729315],[0.59669,49.857245],[0.674815,49.8758],[0.760916,49.875067],[1.221202,49.97899],[1.455821,50.123603],[1.486827,50.185045],[1.521007,50.214667],[1.555349,50.217719],[1.654307,50.186591],[1.672537,50.192532],[1.644542,50.212388],[1.66505,50.219794],[1.625499,50.224311],[1.593923,50.256293],[1.541515,50.277899],[1.551524,50.349066],[1.572032,50.375678],[1.610362,50.370673],[1.555186,50.404771],[1.573497,50.44538],[1.579275,50.533149],[1.610362,50.548163],[1.577891,50.588609],[1.562673,50.698961],[1.605642,50.790025],[1.580577,50.868801],[1.653331,50.889106],[1.729828,50.943915],[1.973481,51.007148],[2.134044,51.019965],[2.316091,51.059027],[2.384451,51.055325],[2.466075,51.068793],[2.579926,51.104804],[2.715668,51.169501],[3.124848,51.329657],[3.525727,51.415595],[3.755544,51.350084],[3.833995,51.343248],[3.955821,51.371772],[3.984141,51.410468],[4.029063,51.404202],[4.07016,51.370551],[4.121918,51.359361],[4.156505,51.357571],[4.180024,51.377427],[4.199555,51.376044],[4.241059,51.356594],[4.256114,51.328437],[4.302989,51.296088],[4.296723,51.267564],[4.316417,51.276842],[4.330821,51.296088],[4.289317,51.309149],[4.283051,51.350084],[4.257091,51.372504],[4.234711,51.419013],[4.20102,51.405341],[4.111095,51.406968],[4.015147,51.44892],[3.957042,51.455797],[3.90211,51.404934],[3.827159,51.391059],[3.689708,51.454291],[3.610037,51.445054],[3.535411,51.459215],[3.461925,51.518988],[3.447032,51.545966],[3.560395,51.594631],[3.851085,51.610785],[3.905772,51.569241],[3.871593,51.549384],[4.01588,51.530829],[4.05714,51.508368],[4.104828,51.445705],[4.283214,51.447699],[4.296723,51.470526],[4.267751,51.508287],[4.153331,51.535061],[4.091319,51.535061],[3.988129,51.590277],[4.067719,51.610663],[4.157237,51.607896],[4.207286,51.590277],[4.189952,51.616685],[4.135997,51.620429],[4.112966,51.63939],[4.112641,51.670803],[4.176931,51.685858],[4.071544,51.71719],[4.033946,51.784247],[3.981456,51.810004],[3.871593,51.788275],[3.862315,51.816067],[3.962657,51.847357],[4.047618,51.833686],[4.077647,51.843573],[4.032074,51.882025],[4.043468,51.908677],[4.015636,51.987698],[4.107677,51.991889],[4.141856,52.005601],[4.284679,52.112942],[4.406912,52.223456],[4.508149,52.336371],[4.596934,52.506578],[4.639334,52.70067],[4.669444,52.796576],[4.711681,52.863105],[4.733897,52.958889],[4.816905,52.967597],[4.824392,52.96015],[4.809418,52.929592],[4.832774,52.911322],[4.87379,52.903957],[5.078136,52.954006],[5.312755,53.082831],[5.379242,53.097357],[5.447439,53.220893],[5.591563,53.302802],[5.659679,53.311957],[5.980805,53.406073],[6.273936,53.412665],[6.311534,53.398993],[6.494395,53.438707],[6.730235,53.460639],[6.849783,53.444892],[6.866873,53.434272],[6.900564,53.351793],[7.02003,53.306138],[7.08546,53.309638],[7.073497,53.29564],[7.08074,53.266791],[7.194591,53.245022],[7.233572,53.273627],[7.229503,53.296576],[7.254731,53.319525],[7.291515,53.32392],[7.366547,53.302802],[7.34254,53.324042],[7.302908,53.33275],[7.075206,53.337592],[7.038259,53.348578],[7.023611,53.37641],[7.023285,53.450507],[7.051443,53.5126],[7.059744,53.521715],[7.11964,53.516303],[7.141775,53.537177],[7.131114,53.556952],[7.088878,53.573717],[7.100922,53.597886],[7.226085,53.66649],[7.305024,53.684801],[7.458832,53.695136],[7.503917,53.678656],[7.951427,53.72191],[8.031423,53.708075],[8.024913,53.672553],[8.052908,53.636298],[8.127615,53.590766],[8.119151,53.571926],[8.167979,53.553209],[8.155447,53.526028],[8.058767,53.502021],[8.086192,53.456122],[8.152354,53.449774],[8.205333,53.410712],[8.259451,53.412299],[8.315115,53.474921],[8.320486,53.509223],[8.291515,53.529364],[8.231212,53.525214],[8.248871,53.590277],[8.270681,53.61286],[8.329356,53.618109],[8.387706,53.577135],[8.552094,53.543606],[8.490001,53.486396],[8.485037,53.40119],[8.504405,53.358059],[8.497569,53.474758],[8.512869,53.496487],[8.556651,53.518215],[8.565766,53.546698],[8.508311,53.625149],[8.487071,53.666938],[8.486095,53.700426],[8.573253,53.857652],[8.607107,53.881537],[8.651866,53.892483],[8.782481,53.842475],[8.860688,53.831],[9.016287,53.840522],[9.035004,53.853583],[9.114513,53.865139],[9.274669,53.865139],[9.40268,53.742418],[9.484711,53.69009],[9.498383,53.659857],[9.567068,53.599595],[9.696625,53.556627],[9.832042,53.543606],[9.782074,53.569729],[9.692393,53.575914],[9.583669,53.612454],[9.550792,53.634589],[9.532237,53.711168],[9.435802,53.748684],[9.395193,53.831],[9.257823,53.885565],[9.093435,53.892483],[9.029959,53.907131],[9.007823,53.892483],[8.98463,53.89704],[8.916026,53.937405],[8.833344,54.036444],[8.890636,54.047797],[8.975352,54.024075],[8.997244,54.030219],[9.018321,54.097886],[8.974457,54.128079],[8.977306,54.145697],[8.952891,54.150092],[8.860688,54.12519],[8.812836,54.180487],[8.84669,54.233547],[8.83961,54.255561],[8.922048,54.274237],[8.963145,54.317613],[8.881114,54.290269],[8.88795,54.303941],[8.738943,54.293891],[8.678477,54.269192],[8.623383,54.290107],[8.602712,54.312079],[8.599864,54.33808],[8.614024,54.348375],[8.695567,54.358588],[8.650645,54.377997],[8.634776,54.365424],[8.629161,54.387681],[8.648448,54.406399],[8.886078,54.417792],[9.004731,54.465888],[9.011567,54.506334],[8.878754,54.606513],[8.825857,54.598131],[8.819021,54.605618],[8.853282,54.619289],[8.805431,54.687567],[8.688731,54.735297],[8.694347,54.76024],[8.648448,54.817857],[8.642751,54.844184],[8.674815,54.947943],[8.640961,55.023383],[8.644786,55.055732],[8.681895,55.133205],[8.56365,55.143378],[8.557384,55.096381],[8.49936,55.065579],[8.470225,55.078599],[8.458832,55.103461],[8.470225,55.177558],[8.488943,55.19717],[8.530528,55.200751],[8.593761,55.180976],[8.552094,55.160549],[8.555186,55.149359],[8.689464,55.141588],[8.648448,55.28026],[8.659679,55.327216],[8.617686,55.437934],[8.441905,55.463935],[8.310395,55.56269],[8.332367,55.572008],[8.313162,55.582709],[8.267833,55.580512],[8.239024,55.557929],[8.271739,55.530463],[8.243663,55.516791],[8.316742,55.489407],[8.326182,55.472113],[8.313324,55.469306],[8.193614,55.525946],[8.095225,55.549058],[8.181651,55.729071],[8.18336,55.769599],[8.127778,55.987616],[8.150564,55.977037],[8.19337,55.873847],[8.181651,55.828355],[8.193614,55.811835],[8.34783,55.86933],[8.387706,55.89289],[8.393321,55.909166],[8.372895,55.943427],[8.319509,55.986029],[8.308116,56.052924],[8.2824,56.075873],[8.149669,56.111151],[8.134776,55.993964],[8.120128,55.996568],[8.107921,56.024319],[8.103363,56.096869],[8.1338,56.205471],[8.122406,56.551663],[8.178722,56.672065],[8.213878,56.711819],[8.232432,56.688381],[8.202159,56.640204],[8.233165,56.633979],[8.253917,56.606106],[8.305919,56.597805],[8.291515,56.593004],[8.29835,56.558295],[8.315196,56.556871],[8.312022,56.578803],[8.3921,56.585273],[8.436534,56.580227],[8.514659,56.544664],[8.565766,56.578803],[8.596039,56.531806],[8.601085,56.501125],[8.665538,56.475898],[8.733165,56.485053],[8.762543,56.563381],[8.708995,56.588568],[8.681895,56.626532],[8.740896,56.634955],[8.805431,56.695461],[8.916759,56.708808],[8.840831,56.722357],[8.876638,56.764309],[8.95574,56.802965],[9.014903,56.797838],[9.063162,56.812567],[9.105968,56.800116],[9.120453,56.764594],[9.176036,56.708564],[9.093435,56.674994],[9.097504,56.658433],[9.059337,56.633979],[9.048839,56.607164],[9.060557,56.565741],[9.093435,56.57807],[9.106781,56.610785],[9.155447,56.612942],[9.141124,56.626044],[9.121349,56.620347],[9.155447,56.661322],[9.149425,56.638861],[9.276215,56.632961],[9.2824,56.610541],[9.250336,56.578803],[9.326182,56.530341],[9.34669,56.552069],[9.373057,56.55272],[9.372732,56.565375],[9.293712,56.561021],[9.32602,56.66942],[9.305675,56.695461],[9.270844,56.702338],[9.199067,56.676581],[9.177908,56.675849],[9.169119,56.688666],[9.22641,56.716254],[9.242524,56.747056],[9.196544,56.770453],[9.174978,56.806057],[9.210623,56.863105],[9.199555,56.879828],[9.162852,56.89411],[9.200206,56.93891],[9.279959,56.979804],[9.288748,56.997138],[9.437022,57.0244],[9.586762,56.997138],[9.57309,56.978827],[9.607921,56.969875],[9.688975,57.03913],[9.761241,57.05858],[9.915782,57.05858],[9.795665,57.106391],[9.711925,57.061265],[9.675141,57.079169],[9.580821,57.049302],[9.493988,57.04857],[9.245372,57.002346],[9.114513,57.05858],[9.112804,57.038642],[9.042654,57.017727],[8.996755,57.028062],[8.901622,56.986274],[8.893077,56.999661],[8.850434,57.003485],[8.833344,56.997138],[8.847992,56.988471],[8.811697,56.969875],[8.679535,56.952541],[8.621104,56.89411],[8.607921,56.849677],[8.569591,56.818427],[8.491384,56.794257],[8.491466,56.731391],[8.47641,56.715969],[8.525564,56.715969],[8.527029,56.695299],[8.500987,56.688666],[8.452891,56.702338],[8.408214,56.688666],[8.500987,56.674994],[8.586274,56.688666],[8.586274,56.653876],[8.608084,56.631049],[8.583018,56.60932],[8.546641,56.601711],[8.559581,56.593004],[8.511485,56.607001],[8.444835,56.664049],[8.352224,56.692939],[8.319509,56.722154],[8.302013,56.763739],[8.243663,56.777411],[8.260753,56.70539],[8.24586,56.704006],[8.238292,56.725043],[8.236176,56.771186],[8.270356,56.843248],[8.449718,57.003974],[8.618012,57.12287],[8.783946,57.104804],[8.914561,57.127427],[8.980479,57.161038],[9.230642,57.141099],[9.321544,57.14704],[9.497813,57.197008],[9.573253,57.242906],[9.788422,57.459296],[9.96697,57.591376],[10.197602,57.601223],[10.350597,57.648993],[10.539073,57.743842],[10.596039,57.751166],[10.648936,57.737006],[10.542491,57.69892],[10.46046,57.630561],[10.430431,57.570543],[10.458344,57.525458],[10.54656,57.435289],[10.517426,57.391303],[10.539073,57.236721],[10.446788,57.184882],[10.411469,57.144436],[10.347179,57.010199],[10.319672,56.997504],[10.239757,56.992825],[9.99464,57.092719],[9.926931,57.05858],[10.001964,57.083889],[10.192393,56.994045],[10.313731,56.982856],[10.279552,56.955512],[10.26588,56.907701],[10.295421,56.778876],[10.340587,56.717353],[10.318696,56.708238],[10.237559,56.715969],[10.203868,56.702338],[10.146495,56.722357],[9.945567,56.658149],[9.805919,56.640204],[9.851329,56.635728],[10.001475,56.661322],[10.062836,56.688666],[10.101329,56.682685],[10.150564,56.714423],[10.18336,56.708564],[10.175792,56.695461],[10.241954,56.688381],[10.334239,56.703843],[10.352794,56.68183],[10.357677,56.648749],[10.340343,56.620347],[10.214366,56.558295],[10.206798,56.490953],[10.18336,56.46955],[10.225597,56.475735],[10.237641,56.554389],[10.330333,56.603217],[10.350922,56.595893],[10.365245,56.558417],[10.4699,56.520901],[10.551524,56.51557],[10.822276,56.534247],[10.869884,56.514716],[10.964122,56.442206],[10.928477,56.40648],[10.911632,56.334052],[10.819591,56.260932],[10.755382,56.229315],[10.738617,56.154527],[10.707042,56.150865],[10.672211,56.165188],[10.648936,56.188381],[10.685232,56.196234],[10.687673,56.222235],[10.628591,56.237535],[10.549164,56.178209],[10.573741,56.112616],[10.518565,56.102729],[10.491222,56.13996],[10.525401,56.153632],[10.509451,56.170111],[10.46811,56.177069],[10.408702,56.164862],[10.354666,56.202053],[10.42921,56.22248],[10.477794,56.202338],[10.491222,56.216295],[10.475434,56.244696],[10.504731,56.277777],[10.442638,56.298651],[10.403005,56.298245],[10.393809,56.276516],[10.36378,56.26557],[10.336925,56.232733],[10.258474,56.190253],[10.220225,56.147895],[10.265636,56.073717],[10.23113,56.017035],[10.277517,56.017768],[10.252452,55.986233],[10.245372,55.914618],[10.18336,55.873725],[10.199392,55.850735],[10.18214,55.833686],[10.151052,55.838121],[10.101817,55.882392],[10.004649,55.879869],[9.944509,55.853583],[9.867442,55.851996],[9.892589,55.836249],[10.045746,55.813951],[10.017345,55.76557],[10.059825,55.749498],[10.018809,55.736274],[10.006847,55.725043],[10.01824,55.708564],[10.005219,55.701117],[9.9817,55.709418],[9.792247,55.674465],[9.686534,55.708564],[9.559581,55.715399],[9.552745,55.701117],[9.573578,55.695461],[9.658539,55.690375],[9.738292,55.629706],[9.85377,55.626654],[9.75766,55.571601],[9.712413,55.560289],[9.706879,55.537299],[9.60727,55.516791],[9.559581,55.523627],[9.566417,55.516791],[9.551931,55.505113],[9.498057,55.489447],[9.602387,55.495795],[9.660167,55.477973],[9.648936,55.441067],[9.586762,55.427436],[9.607921,55.393256],[9.600841,55.365912],[9.645274,55.342719],[9.634613,55.317572],[9.706065,55.265082],[9.710297,55.248684],[9.684418,55.197577],[9.569835,55.192532],[9.486339,55.156236],[9.511892,55.133205],[9.456554,55.125718],[9.521332,55.115871],[9.559581,55.085395],[9.516612,55.056545],[9.434337,55.037543],[9.455251,55.023179],[9.579926,55.050686],[9.662608,55.009711],[9.71754,55.001166],[9.738617,54.980862],[9.763194,54.900458],[9.711436,54.898586],[9.703461,54.886176],[9.744477,54.866278],[9.750255,54.846259],[9.731212,54.831529],[9.696625,54.858873],[9.623302,54.865302],[9.634613,54.87934],[9.610362,54.903225],[9.644216,54.913275],[9.638845,54.92475],[9.586762,54.92772],[9.545909,54.87934],[9.522146,54.879299],[9.456391,54.843817],[9.43629,54.810452],[9.510997,54.827826],[9.579926,54.866278],[9.583181,54.830268],[9.73463,54.807318],[9.801768,54.783393],[9.823741,54.756741],[9.895356,54.769477],[9.891449,54.790269],[9.94752,54.779527],[10.01824,54.701239],[9.97047,54.701239],[9.929454,54.673896],[9.996349,54.678778],[10.039073,54.666815],[10.026866,54.559963],[10.010427,54.534329],[9.965587,54.506171],[9.840099,54.475287],[9.883311,54.462104],[10.143403,54.491848],[10.203868,54.461005],[10.18393,54.449368],[10.191254,54.396715],[10.141775,54.37226],[10.155528,54.343411],[10.141775,54.324408],[10.180349,54.341132],[10.224376,54.413804],[10.272146,54.420071],[10.31837,54.443305],[10.36085,54.441107],[10.44337,54.406399],[10.601085,54.365424],[10.690196,54.31623],[10.731293,54.310207],[10.77711,54.315131],[10.935313,54.379543],[11.018809,54.385891],[10.975841,54.378404],[11.033946,54.367621],[11.104177,54.39289],[11.135509,54.385891],[11.087738,54.351752],[11.06658,54.358588],[11.094493,54.283515],[11.09018,54.207994],[11.06658,54.183905],[10.95045,54.139472],[10.892833,54.102525],[10.805431,54.094875],[10.752615,54.050116],[10.76588,54.024359],[10.799653,54.000556],[10.875499,53.995429],[10.88738,53.963935],[10.922618,53.961371],[10.964692,53.985419],[11.053477,54.00849],[11.175059,54.018012],[11.204356,53.989244],[11.245372,53.97842],[11.242931,53.945217],[11.293712,53.940863],[11.334158,53.961371],[11.358246,53.940863],[11.399913,53.940863],[11.457693,53.906155],[11.472423,53.968817],[11.497895,53.981838],[11.49171,54.002346],[11.52589,54.022773],[11.519054,54.036444],[11.573497,54.039049],[11.591319,54.065619],[11.624522,54.083645],[11.625255,54.109809],[11.689708,54.155219],[11.812266,54.149807],[12.050629,54.179918],[12.088145,54.194078],[12.091645,54.114],[12.115001,54.097886],[12.095063,54.145697],[12.142833,54.180487],[12.101329,54.173651],[12.108897,54.18301],[12.18686,54.243354],[12.342133,54.303941],[12.501964,54.473578],[12.533865,54.488267],[12.527029,54.482123],[12.54835,54.462063],[12.591482,54.451728],[12.879649,54.448798],[12.921153,54.433498],[12.870779,54.416815],[12.694591,54.433661],[12.670421,54.420071],[12.624197,54.422919],[12.608409,54.406399],[12.581716,54.406399],[12.602224,54.392076],[12.594737,54.385891],[12.554047,54.390815],[12.527029,54.37226],[12.490977,54.390082],[12.438487,54.387519],[12.418468,54.360663],[12.424001,54.344916],[12.396739,54.351752],[12.391612,54.321112],[12.362559,54.310207],[12.380138,54.277086],[12.368826,54.269192],[12.412446,54.25141],[12.458181,54.255561],[12.41033,54.269192],[12.42628,54.289618],[12.472423,54.310207],[12.478689,54.331855],[12.560557,54.358588],[12.540782,54.37226],[12.574229,54.379096],[12.592947,54.36933],[12.677257,54.392076],[12.670421,54.406399],[12.680837,54.410875],[12.71754,54.413804],[12.692393,54.396186],[12.684093,54.37226],[12.7046,54.399604],[12.735037,54.37816],[12.78712,54.392076],[12.818044,54.357978],[12.854666,54.357856],[12.929373,54.414374],[13.0088,54.438056],[13.03419,54.433661],[13.021495,54.426459],[13.028575,54.401842],[13.095551,54.37226],[13.076671,54.352525],[13.109223,54.310207],[13.114919,54.280015],[13.170665,54.276597],[13.143403,54.263007],[13.176117,54.264838],[13.288829,54.23428],[13.348888,54.180487],[13.321544,54.166815],[13.403494,54.173651],[13.382986,54.153144],[13.417735,54.153144],[13.465099,54.098456],[13.507091,54.091051],[13.479259,54.12519],[13.602712,54.139472],[13.711925,54.173651],[13.698253,54.153144],[13.808116,54.104682],[13.773204,54.046332],[13.746104,54.036444],[13.797618,53.998928],[13.838634,53.986314],[13.848643,53.955552],[13.906016,53.943061],[13.907563,53.933539],[13.890147,53.912909],[13.818533,53.877997],[13.808116,53.865139],[13.817068,53.852932],[14.037446,53.755276],[14.186534,53.739814],[14.234141,53.761786],[14.264496,53.751614],[14.259532,53.727973],[14.212738,53.708075],[14.225352,53.703762],[14.273692,53.700629],[14.304861,53.712551],[14.288585,53.727973],[14.301606,53.734849],[14.288585,53.741645],[14.2942,53.749091],[14.414561,53.682359],[14.531016,53.657782],[14.590587,53.598375],[14.62379,53.652818],[14.575938,53.659654],[14.544932,53.704047],[14.575938,53.769517],[14.62379,53.769517],[14.61671,53.794745],[14.630626,53.851508],[14.587087,53.812649],[14.569102,53.824164],[14.58961,53.837836],[14.575857,53.854804],[14.441173,53.869615],[14.425548,53.879828],[14.431895,53.906155],[14.422048,53.896145],[14.385102,53.897284],[14.363048,53.879381],[14.40919,53.871568],[14.415701,53.853013],[14.328298,53.831],[14.342052,53.82099],[14.328298,53.817328],[14.274669,53.830797],[14.203136,53.878323],[14.087413,53.870429],[14.04835,53.879381],[13.99586,53.853746],[13.938487,53.844672],[13.840099,53.850287],[13.821788,53.865139],[13.931651,53.899319],[13.938975,53.928209],[13.901866,53.969794],[13.90447,53.995429],[13.972667,53.989244],[13.958995,53.940863],[13.987478,53.961412],[14.027843,53.961371],[14.014334,53.947089],[14.04835,53.940863],[14.040294,53.953843],[14.05128,54.005072],[14.037446,54.021715],[14.014334,54.016018],[13.9817,54.056342],[13.946056,54.066596],[13.915863,54.056383],[13.924815,54.036444],[13.89088,54.010159],[13.855968,54.002346],[13.876313,54.036444],[13.863617,54.049994],[13.7942,54.018134],[13.774099,54.022773],[13.814952,54.101264],[13.75294,54.153144],[13.777599,54.174018],[13.814952,54.173651],[13.855968,54.118354],[13.882498,54.102444],[14.016612,54.060004],[14.192393,53.946112],[14.237478,53.928656],[14.406749,53.92182],[14.517345,53.965237],[14.781912,54.034613],[15.010102,54.06981],[15.288341,54.138861],[15.665782,54.198432],[15.859711,54.249986],[16.020844,54.261786],[16.131521,54.283515],[16.069347,54.263007],[16.091075,54.253974],[16.17921,54.263007],[16.172374,54.276597],[16.220063,54.276597],[16.21518,54.299628],[16.137706,54.290269],[16.213552,54.316107],[16.275401,54.358588],[16.231781,54.322577],[16.323904,54.349921],[16.336762,54.358588],[16.32488,54.373114],[16.281586,54.358588],[16.439789,54.488267],[16.434418,54.472357],[16.444509,54.469875],[16.473399,54.482123],[16.473888,54.499661],[16.446056,54.488267],[16.501313,54.532416],[16.569591,54.557196],[16.778494,54.575141],[16.939952,54.606024],[17.035818,54.66706],[17.337413,54.74901],[17.715668,54.790432],[17.885427,54.824123],[18.152354,54.838324],[18.339529,54.833482],[18.75172,54.69009],[18.813975,54.643215],[18.835297,54.603095],[18.817638,54.598131],[18.784028,54.623521],[18.707774,54.701239],[18.654552,54.71015],[18.447765,54.789984],[18.42921,54.781684],[18.41505,54.753119],[18.413097,54.73192],[18.447765,54.718248],[18.474457,54.687567],[18.475922,54.640082],[18.506358,54.634101],[18.52296,54.646552],[18.5171,54.62995],[18.570649,54.55036],[18.574067,54.450385],[18.588064,54.433661],[18.694347,54.404527],[18.717296,54.382025],[18.885916,54.350165],[18.954356,54.358588],[19.00208,54.344924],[19.377208,54.377631],[19.531016,54.414944],[19.626475,54.461005],[19.831879,54.598131],[19.896332,54.662177],[19.900157,54.687567],[19.956309,54.756903],[19.958832,54.79682],[19.920665,54.889594],[19.940766,54.934394],[19.976736,54.964586],[19.99586,54.968085],[20.033702,54.948188],[20.205821,54.958441],[20.406993,54.951606],[20.634044,55.048774],[20.822276,55.180976],[20.999522,55.357001],[21.082367,55.497626],[21.099376,55.5987],[21.085216,55.722846],[21.117442,55.699774],[21.131521,55.655585],[21.133556,55.568305],[21.119884,55.489447],[21.087169,55.441067],[21.106212,55.42121],[21.073497,55.391791],[21.037852,55.328599],[20.988943,55.291327],[20.989513,55.270413],[20.913097,55.233222],[20.834809,55.152045],[20.687836,55.050686],[20.530935,54.964667],[20.558116,54.940823],[20.763682,54.947699],[20.805186,54.940823],[20.860362,54.911322],[20.969086,54.899807],[21.055919,54.914455],[21.090668,54.901557],[21.230154,54.93891],[21.243419,54.961249],[21.219412,55.013251],[21.181326,55.193345],[21.201671,55.214423],[21.236827,55.200629],[21.267589,55.211737],[21.264415,55.284003],[21.291189,55.297065],[21.259451,55.336249],[21.257091,55.369371],[21.188813,55.338609],[21.18336,55.346177],[21.248302,55.417873],[21.248383,55.442328],[21.147227,55.678168],[21.074392,55.74494],[21.044688,55.873725],[21.05836,55.95185],[21.052582,56.077541],[21.028819,56.147406],[20.98406,56.210435],[20.969086,56.253485],[20.982677,56.290758],[20.970551,56.388983],[21.003184,56.434801],[21.006358,56.519965],[21.024262,56.510484],[21.044688,56.462104],[21.030528,56.448432],[21.044688,56.442206],[21.044688,56.421129],[21.030528,56.408108],[21.061778,56.38703],[21.079763,56.403062],[21.05836,56.503648],[21.003103,56.530015],[20.992198,56.548896],[21.05836,56.688666],[21.065196,56.774319],[21.052745,56.828925],[21.065196,56.84634],[21.222911,56.907701],[21.382498,57.008938],[21.413585,57.073188],[21.401052,57.151313],[21.414806,57.184882],[21.421397,57.288723],[21.729666,57.573798],[21.771658,57.586127],[21.999278,57.600328],[22.483735,57.742499],[22.585785,57.759711],[22.610362,57.754625],[22.590831,57.706122],[22.590994,57.644761],[22.656098,57.585761],[22.878917,57.481269],[23.031423,57.394477],[23.130219,57.370795],[23.174571,57.297349],[23.198741,57.224189],[23.222423,57.207017],[23.260916,57.098944],[23.340099,57.05858],[23.508556,57.031236],[23.585134,56.979071],[23.69516,56.967271],[23.952891,57.013251],[24.035655,57.068996],[24.210785,57.123725],[24.379161,57.230211],[24.400645,57.258124],[24.408865,57.298163],[24.379893,57.506537],[24.358572,57.55036],[24.374766,57.613471],[24.357677,57.685492],[24.299571,57.743842],[24.285981,57.832587],[24.398285,58.023261],[24.464122,58.07217],[24.472911,58.154731],[24.454845,58.196438],[24.470958,58.250922],[24.548513,58.289293],[24.560395,58.312323],[24.551036,58.333726],[24.444184,58.386135],[24.361827,58.397284],[24.315929,58.37995],[24.286876,58.318549],[24.243337,58.280219],[24.156016,58.276842],[24.111664,58.241034],[23.980235,58.318427],[23.854666,58.339667],[23.833507,58.353949],[23.740977,58.343085],[23.718923,58.399563],[23.677419,58.435248],[23.678966,58.524156],[23.663829,58.5362],[23.622406,58.52912],[23.584321,58.544867],[23.561209,58.583157],[23.516368,58.554633],[23.501475,58.562486],[23.51824,58.603746],[23.493175,58.673407],[23.497732,58.696601],[23.546641,58.709621],[23.53004,58.722846],[23.533051,58.747463],[23.584483,58.737942],[23.697032,58.751166],[23.802501,58.730699],[23.804861,58.747992],[23.779552,58.766425],[23.785492,58.777981],[23.816173,58.784613],[23.87436,58.771674],[23.815684,58.799954],[23.78419,58.800971],[23.75766,58.785346],[23.739513,58.798],[23.603363,58.794827],[23.542735,58.775377],[23.429454,58.764838],[23.466563,58.800727],[23.526134,58.81977],[23.463634,58.864163],[23.422374,58.908677],[23.422048,58.928697],[23.443696,58.944037],[23.584483,58.953559],[23.624848,58.972602],[23.628103,58.9914],[23.605479,59.03266],[23.559825,59.052802],[23.614431,59.011298],[23.580333,59.005072],[23.552989,58.970893],[23.461274,58.992377],[23.408376,59.02558],[23.43629,59.02558],[23.434906,59.056098],[23.490733,59.088284],[23.51824,59.07331],[23.519379,59.124986],[23.470876,59.212144],[23.525645,59.230414],[23.578461,59.226304],[23.641856,59.257392],[23.730479,59.230414],[23.742931,59.250149],[23.723643,59.265082],[23.756847,59.283637],[23.888845,59.278754],[24.038585,59.29328],[24.080577,59.271308],[24.100108,59.294501],[24.092052,59.312567],[24.019379,59.367255],[24.034841,59.388658],[24.080577,59.395453],[24.164887,59.354071],[24.221934,59.35517],[24.163097,59.402289],[24.306163,59.419094],[24.333832,59.470608],[24.422537,59.477444],[24.498302,59.443834],[24.548188,59.462958],[24.642589,59.436428],[24.660492,59.440619],[24.656586,59.449897],[24.621837,59.470608],[24.658539,59.472073],[24.674978,59.496039],[24.69752,59.491034],[24.744395,59.447211],[24.772634,59.4501],[24.815766,59.489325],[24.783539,59.519843],[24.772634,59.559963],[24.803477,59.570502],[24.934418,59.508043],[25.012218,59.518378],[25.09783,59.49787],[25.116466,59.503119],[25.107921,59.528998],[25.145518,59.53913],[25.409434,59.491034],[25.402354,59.514309],[25.415782,59.527086],[25.543712,59.535142],[25.497081,59.570868],[25.481944,59.611151],[25.484874,59.669827],[25.622325,59.580471],[25.676768,59.566067],[25.705903,59.569281],[25.718516,59.587592],[25.684825,59.628648],[25.690684,59.649359],[25.670665,59.655504],[25.694672,59.670885],[25.780528,59.635688],[25.773123,59.628241],[25.793712,59.591213],[25.826182,59.575263],[25.861339,59.586127],[25.883067,59.631334],[25.944509,59.594672],[25.965017,59.597317],[25.964366,59.621405],[25.988536,59.634345],[26.036388,59.623236],[26.090994,59.585639],[26.28004,59.587307],[26.497813,59.539984],[26.584727,59.559963],[26.66505,59.551947],[26.826915,59.476955],[26.937673,59.4501],[27.116222,59.442043],[27.409028,59.45189],[27.873302,59.40762],[27.983165,59.446967],[28.055349,59.527899],[28.072602,59.57803],[27.993419,59.703315],[28.007009,59.758246],[28.058604,59.789618],[28.086925,59.799384],[28.159841,59.776109],[28.185232,59.758612],[28.223888,59.691107],[28.375255,59.666327],[28.404959,59.682847],[28.417735,59.708401],[28.427501,59.813422],[28.476085,59.851752],[28.535818,59.859565],[28.581879,59.834052],[28.678559,59.813178],[28.718028,59.786811],[28.766775,59.799547],[28.83253,59.786526],[28.8838,59.816596],[28.919119,59.813951],[28.976329,59.831285],[29.034434,59.886705],[29.030772,59.901109],[28.980235,59.929877],[29.014415,59.929877],[29.089366,59.979926],[29.148220132901326,60.0],[29.266287,59.998114],[29.80421,59.94009],[29.862804,59.917955],[30.161957,59.868476],[30.216319,59.907213],[30.224294,59.933254],[30.206798,59.943549],[30.246104,59.974921],[30.212812783410143,60.0],[45.0,60.0],[45.0,34.0],[35.64084866966539,34.0]]],[[[24.475579568617015,60.0],[24.445649,59.992255],[24.41627,59.99136],[24.475579568617015,60.0]]],[[[24.312673,59.997504],[24.31363723410648,60.0],[24.31995353251408,60.0],[24.312673,59.997504]]],[[[23.940684,59.999335],[23.873057,59.993069],[23.79949,59.95661],[23.771251,59.967963],[23.607595,59.95661],[23.573497,59.977688],[23.429454,59.95661],[23.471272125110847,60.0],[23.940684,59.999335]]],[[[23.439708,59.994452],[23.326427,59.923041],[23.222341,59.886217],[23.222179,59.867825],[23.251313,59.841132],[22.888194,59.813178],[22.946137,59.847968],[23.168142,59.888902],[23.165863,59.91767],[23.247081,59.922431],[23.293712,59.958686],[23.32101066837195,60.0],[23.439708,59.994452]]],[[[23.29587803321882,60.0],[23.223399,59.929877],[23.203624,59.929877],[23.209727,59.943549],[23.188813,59.950181],[23.171235,59.936428],[23.131847,59.942939],[23.110688,59.923285],[23.100597,59.940416],[23.111339,59.97427],[23.128184,59.9831],[23.206914703976437,60.0],[23.29587803321882,60.0]]],[[[18.868175,59.99372],[18.903087,59.947211],[19.005544,59.911811],[19.024425,59.884508],[19.04363,59.882066],[19.036794,59.902533],[19.071625,59.896308],[19.067882,59.833686],[19.021251,59.840033],[18.949067,59.89997],[18.885997,59.929877],[18.930675,59.885484],[18.924083,59.852281],[18.861583,59.803046],[18.754568,59.791164],[18.733897,59.768785],[19.042003,59.78498],[19.085216,59.772203],[19.074474,59.749701],[19.035981,59.728502],[18.956798,59.719224],[18.913341,59.751776],[18.879893,59.721584],[18.781261,59.701565],[18.757823,59.691067],[18.755626,59.676663],[18.714122,59.673245],[18.693614,59.649359],[18.742035,59.649359],[18.735606,59.641506],[18.70045,59.621405],[18.660004,59.635688],[18.686534,59.60578],[18.639985,59.583645],[18.48406,59.53441],[18.379649,59.476386],[18.269054,59.477444],[18.303233,59.456977],[18.248546,59.4501],[18.282725,59.436428],[18.276866,59.422553],[18.293142,59.414049],[18.337901,59.408515],[18.307302,59.396796],[18.188487,59.407416],[18.15919,59.422187],[18.207042,59.422187],[18.199474,59.450873],[18.181407,59.458197],[18.145518,59.443834],[18.113292,59.454657],[18.084483,59.438951],[18.098399,59.408515],[18.06544,59.397162],[18.008962,59.408515],[18.146169,59.340237],[18.095063,59.338406],[18.095144,59.326809],[18.196625,59.334174],[18.220551,59.31977],[18.254731,59.362779],[18.318126,59.375922],[18.389659,59.369452],[18.447765,59.353909],[18.426768,59.340237],[18.470063,59.337104],[18.481944,59.347724],[18.447765,59.395453],[18.495616,59.395453],[18.437511,59.419257],[18.426768,59.436428],[18.48463,59.434231],[18.536632,59.415961],[18.543956,59.395453],[18.612315,59.374945],[18.600841,59.362494],[18.543956,59.36815],[18.632579,59.34691],[18.646495,59.330268],[18.619802,59.308295],[18.519298,59.298285],[18.461192,59.312445],[18.364431,59.306586],[18.337901,59.312934],[18.344737,59.334052],[18.29127,59.322699],[18.27589,59.312934],[18.316905,59.278754],[18.283051,59.278998],[18.27296,59.274237],[18.279307,59.261705],[18.412283,59.215033],[18.426768,59.196845],[18.335704,59.235907],[18.313731,59.234076],[18.313487,59.222113],[18.365245,59.209906],[18.387055,59.183092],[18.406261,59.189399],[18.392589,59.168891],[18.429698,59.174628],[18.424164,59.143948],[18.343761,59.14175],[18.290212,59.120551],[18.324229,59.1081],[18.200857,59.080756],[18.255382,59.101264],[18.24171,59.1081],[18.255382,59.120551],[18.223643,59.119534],[18.185232,59.099311],[18.138682,59.093817],[18.096202,59.058336],[18.043224,59.059719],[18.050548,59.03856],[18.013682,59.044908],[18.002696,59.03856],[18.018565,59.022895],[17.961192,58.963446],[17.970551,58.935981],[17.961192,58.922512],[17.930675,58.910061],[17.899669,58.915717],[17.892833,58.861029],[17.869395,58.877021],[17.861176,58.919094],[17.814708,58.928209],[17.773611,58.960679],[17.803477,58.908271],[17.786306,58.884223],[17.774425,58.886217],[17.78297,58.915717],[17.749278,58.923814],[17.741466,58.983954],[17.755707,59.006334],[17.756114,59.085191],[17.768809,59.120551],[17.732758,59.114447],[17.71046,59.052802],[17.665782,59.080756],[17.693614,59.131415],[17.658946,59.168891],[17.673106,59.134752],[17.647472,59.108059],[17.611095,59.093817],[17.620453,59.072577],[17.614513,59.032131],[17.631602,59.018134],[17.607107,58.965969],[17.576915,58.956692],[17.611095,58.94302],[17.601248,58.927802],[17.62672,58.917792],[17.598969,58.89411],[17.535981,58.902045],[17.590668,58.861029],[17.555675,58.854153],[17.447276,58.895209],[17.469086,58.870429],[17.449962,58.815863],[17.488292,58.799628],[17.459727,58.791449],[17.337413,58.806464],[17.371593,58.778998],[17.376801,58.76439],[17.357758,58.751166],[17.276052,58.748847],[17.276052,58.730699],[17.162364,58.732001],[17.086925,58.764838],[17.028168,58.751166],[17.083507,58.737535],[17.062511,58.710191],[17.145681,58.696601],[17.093028,58.660834],[16.974946,58.68537],[16.953868,58.669257],[17.001638,58.667873],[17.035818,58.641303],[16.924164,58.625434],[16.233735,58.669257],[16.257091,58.65176],[16.254893,58.634508],[16.17921,58.634508],[16.285411,58.615912],[16.333995,58.639146],[16.371593,58.620551],[16.371593,58.603746],[16.387706,58.59162],[16.40919,58.596625],[16.439789,58.648139],[16.517833,58.624579],[16.635916,58.626776],[16.748302,58.592922],[16.741547,58.614],[16.789317,58.607164],[16.785981,58.57274],[16.830333,58.559394],[16.816661,58.546373],[16.844005,58.546373],[16.834158,58.529527],[16.940196,58.491116],[16.844005,58.477484],[16.852875,58.46308],[16.748302,58.429023],[16.597911,58.448635],[16.441417,58.485989],[16.412608,58.477484],[16.705577,58.407701],[16.714854,58.360175],[16.766612,58.368598],[16.775076,58.339667],[16.631684,58.353949],[16.699962,58.319159],[16.698497,58.301703],[16.727061,58.303616],[16.72047,58.319159],[16.799164,58.323635],[16.789317,58.305569],[16.761404,58.305569],[16.754568,58.285102],[16.706798,58.278266],[16.802989,58.244696],[16.789317,58.23725],[16.8213,58.207099],[16.822276,58.179633],[16.788259,58.179267],[16.809825,58.162095],[16.777192,58.13052],[16.617442,58.203111],[16.671886,58.165269],[16.68629,58.147895],[16.659516,58.147895],[16.736095,58.084784],[16.714854,58.079576],[16.71225,58.059516],[16.68629,58.058539],[16.754568,58.02497],[16.69158,58.014838],[16.699962,57.997707],[16.644705,58.038642],[16.631196,58.027899],[16.637218,58.014472],[16.659516,57.99022],[16.68629,57.99022],[16.706391,57.962104],[16.735362,57.97191],[16.741547,57.946194],[16.782481,57.915107],[16.727306,57.928778],[16.768809,57.887844],[16.758149,57.877021],[16.723399,57.88349],[16.682872,57.918891],[16.670746,57.891425],[16.610606,57.89468],[16.60377,57.928778],[16.644705,57.921332],[16.51531,57.998847],[16.494477,57.984036],[16.504568,57.97016],[16.532074,57.950263],[16.590099,57.935614],[16.569591,57.921332],[16.57252,57.893948],[16.562755,57.887844],[16.480805,57.915107],[16.494477,57.902086],[16.487071,57.89468],[16.460297,57.902086],[16.706798,57.750637],[16.682953,57.747301],[16.635102,57.765692],[16.54184,57.839016],[16.419444,57.89468],[16.438975,57.865383],[16.53004,57.825263],[16.594493,57.772895],[16.665212,57.737006],[16.65211,57.72956],[16.690766,57.725653],[16.714854,57.702826],[16.693126,57.702826],[16.706798,57.688544],[16.576996,57.709662],[16.619965,57.666653],[16.617686,57.658271],[16.583263,57.661933],[16.630544,57.629096],[16.562755,57.592963],[16.555919,57.627143],[16.520518,57.627143],[16.542247,57.607327],[16.520518,57.586127],[16.542247,57.572496],[16.514985,57.566311],[16.629161,57.556871],[16.688975,57.471747],[16.659516,57.476264],[16.672211,57.459662],[16.633311,57.437079],[16.672618,57.415473],[16.625743,57.398993],[16.631684,57.380764],[16.547618,57.382514],[16.534841,57.360256],[16.569591,57.346584],[16.547374,57.328803],[16.562755,57.319281],[16.485199,57.294623],[16.469086,57.275377],[16.494477,57.242906],[16.465994,57.228013],[16.465017,57.177314],[16.509451,57.127346],[16.552501,57.110093],[16.569591,57.086493],[16.554454,57.080756],[16.583263,57.044908],[16.534841,57.051744],[16.52768,57.065375],[16.500336,57.03974],[16.439789,57.051744],[16.473399,57.031236],[16.439789,57.014106],[16.434906,56.99787],[16.46811,56.949286],[16.436371,56.911119],[16.439789,56.866848],[16.40797,56.79914],[16.428559,56.782945],[16.46339,56.797838],[16.47169,56.777411],[16.361095,56.763739],[16.377778,56.725898],[16.371593,56.661322],[16.341563,56.651272],[16.301117,56.663275],[16.246349,56.642401],[16.220958,56.60871],[16.207042,56.53852],[16.178722,56.537055],[16.095225,56.419379],[16.038259,56.255072],[15.93214,56.174709],[15.87436,56.102729],[15.851736,56.086371],[15.788748,56.106431],[15.826508,56.159369],[15.806163,56.167914],[15.731212,56.157213],[15.713634,56.174709],[15.648204,56.194566],[15.592133,56.160549],[15.575938,56.174709],[15.596202,56.203762],[15.586436,56.208889],[15.492931,56.176337],[15.479991,56.151842],[15.433279,56.1789],[15.403982,56.179755],[15.365571,56.141099],[15.295258,56.147406],[15.322602,56.153632],[15.295258,56.188381],[15.234548,56.157213],[15.192393,56.152899],[15.154307,56.168647],[15.093028,56.161078],[15.075531,56.188381],[15.034679,56.181545],[15.049001,56.153632],[14.95338,56.172919],[14.848155,56.163967],[14.84962,56.147406],[14.830251,56.142646],[14.774587,56.167914],[14.701345,56.161363],[14.685802,56.147406],[14.682302,56.117133],[14.70338,56.109442],[14.767751,56.030707],[14.715505,56.002346],[14.70574,56.017035],[14.673025,56.005316],[14.611501,56.011135],[14.62379,56.024482],[14.603282,56.058051],[14.582205,56.043769],[14.569102,56.058051],[14.497406,56.040473],[14.407725,55.977037],[14.346446,55.953315],[14.323253,55.915717],[14.271007,55.894477],[14.234711,55.862698],[14.208507,55.821275],[14.195811,55.725653],[14.273692,55.667629],[14.284516,55.622952],[14.367524,55.545396],[14.348806,55.510565],[14.264903,55.461249],[14.199718,55.398993],[14.158376,55.387193],[14.06422,55.390774],[13.897227,55.434882],[13.842296,55.42121],[13.647309,55.42121],[13.580821,55.388821],[13.503429,55.388373],[13.410899,55.352281],[13.312511,55.342678],[12.979177,55.403266],[12.932628,55.388007],[12.832774,55.382554],[12.828787,55.400092],[12.859386,55.434882],[12.929698,55.418769],[12.965831,55.434882],[12.963227,55.45425],[12.985688,55.447903],[12.917491,55.547187],[12.929373,55.578925],[13.038341,55.635199],[13.057953,55.660712],[13.054861,55.694037],[13.011485,55.72842],[12.974376,55.726467],[12.965831,55.746161],[12.922618,55.749457],[12.911306,55.763861],[12.931895,55.769477],[12.93865,55.790473],[12.926036,55.834052],[12.8213,55.886705],[12.804942,55.929267],[12.770763,55.948432],[12.752289,55.996568],[12.719493,56.012152],[12.698009,56.0515],[12.602224,56.123196],[12.553722,56.181545],[12.504568,56.275336],[12.451427,56.304429],[12.646251,56.25727],[12.704845,56.22248],[12.814464,56.236151],[12.833507,56.265692],[12.829438,56.278551],[12.783458,56.293402],[12.731781,56.359687],[12.643809,56.396064],[12.621593,56.419338],[12.656912,56.455268],[12.713715,56.467353],[12.833263,56.442572],[12.890147,56.455268],[12.93336,56.506537],[12.934418,56.547065],[12.871755,56.649482],[12.731781,56.64704],[12.679861,56.679592],[12.664317,56.714301],[12.615733,56.750067],[12.594737,56.787991],[12.598318,56.82099],[12.533865,56.84634],[12.469574,56.892035],[12.356456,56.923814],[12.342133,56.962958],[12.354259,56.985663],[12.340994,57.014065],[12.271251,57.042873],[12.247406,57.060736],[12.245291,57.079047],[12.218598,57.092719],[12.237641,57.108059],[12.204356,57.147935],[12.197439,57.184882],[12.149099,57.1883],[12.191254,57.212592],[12.101329,57.236721],[12.156505,57.242906],[12.095063,57.250393],[12.147227,57.285468],[12.144054,57.310126],[12.104991,57.34455],[12.067149,57.339789],[12.049815,57.351142],[12.108735,57.394355],[12.060313,57.394355],[12.092052,57.411363],[12.059255,57.458808],[12.04363,57.461819],[12.006602,57.434149],[11.979015,57.346584],[11.972179,57.364081],[11.933604,57.360826],[11.944835,57.3876],[11.903331,57.394355],[11.915212,57.403388],[11.907074,57.465277],[11.944835,57.489936],[11.910167,57.503607],[11.931163,57.511054],[11.903331,57.524115],[11.917654,57.539537],[11.91684,57.620917],[11.897146,57.627143],[11.891856,57.612982],[11.867361,57.607408],[11.834972,57.661933],[11.844574,57.68301],[11.909516,57.686835],[11.923676,57.702826],[11.845876,57.693305],[11.747732,57.713609],[11.751801,57.69599],[11.705414,57.698432],[11.706309,57.721991],[11.810395,57.781399],[11.751801,57.784817],[11.686778,57.837633],[11.656261,57.839423],[11.703949,57.8605],[11.693614,57.881171],[11.707286,57.891425],[11.759288,57.902086],[11.745616,57.915107],[11.766124,57.928778],[11.736583,57.938666],[11.800141,58.022284],[11.78297,58.069159],[11.800955,58.086412],[11.793468,58.100084],[11.818126,58.103176],[11.828461,58.121243],[11.841319,58.193793],[11.875743,58.199164],[11.889659,58.216783],[11.851817,58.22663],[11.80893,58.302191],[11.882823,58.332831],[11.870372,58.345364],[11.806977,58.326606],[11.726736,58.327094],[11.725759,58.312974],[11.678966,58.30744],[11.581065,58.250922],[11.52589,58.257758],[11.539561,58.23725],[11.50587,58.243069],[11.496593,58.258368],[11.503673,58.280219],[11.541759,58.333564],[11.622081,58.388129],[11.607758,58.394965],[11.621755,58.405992],[11.669932,58.422187],[11.652599,58.437405],[11.628917,58.431342],[11.588634,58.401109],[11.553233,58.463202],[11.551768,58.399359],[11.522472,58.336249],[11.465994,58.294135],[11.396169,58.264594],[11.44337,58.305569],[11.399181,58.302965],[11.3838,58.318183],[11.401052,58.336819],[11.448578,58.341742],[11.422862,58.363837],[11.424083,58.388129],[11.406993,58.387356],[11.370616,58.34748],[11.345876,58.346015],[11.424083,58.442694],[11.334158,58.367621],[11.253591,58.365912],[11.2317,58.339667],[11.220876,58.346259],[11.208995,58.418931],[11.259044,58.422187],[11.251475,58.442328],[11.293712,58.470038],[11.25766,58.482164],[11.238536,58.50788],[11.252208,58.518459],[11.255626,58.555732],[11.286306,58.579901],[11.265798,58.579901],[11.269786,58.592231],[11.252208,58.607164],[11.259044,58.634508],[11.210623,58.679185],[11.218028,58.707953],[11.177419,58.718573],[11.178559,58.736477],[11.210623,58.757392],[11.206879,58.770941],[11.233409,58.808173],[11.2317,58.843695],[11.197602,58.864163],[11.197602,58.922512],[11.146739,58.93122],[11.108165,58.953559],[11.117442,58.968817],[11.183849,58.9914],[11.122813,58.994086],[11.115001,59.008205],[11.193614,59.080146],[11.320974,59.099514],[11.354666,59.09162],[11.393809,59.019436],[11.429698,58.9914],[11.437755,58.998236],[11.370453,59.100653],[11.313813,59.11518],[11.182384,59.116034],[11.174653,59.140937],[11.206716,59.145697],[11.178559,59.164984],[11.176443,59.196845],[11.135509,59.183173],[11.153087,59.162543],[11.135509,59.142239],[11.118826,59.142279],[11.087738,59.175767],[11.099132,59.134182],[11.032481,59.127997],[11.039806,59.143744],[10.998302,59.172309],[10.948497,59.183336],[10.936209,59.183173],[10.944021,59.149319],[10.916352,59.142239],[10.900645,59.164008],[10.90211,59.196845],[10.850271,59.180365],[10.841156,59.161444],[10.822927,59.163967],[10.802013,59.188788],[10.779145,59.189399],[10.78419,59.206285],[10.766368,59.231757],[10.77296,59.252102],[10.738129,59.216702],[10.743663,59.268012],[10.779145,59.312934],[10.734711,59.334052],[10.700694,59.306708],[10.674083,59.315741],[10.642751,59.374945],[10.659679,59.400214],[10.591645,59.43065],[10.644542,59.49315],[10.662934,59.488715],[10.648936,59.443834],[10.662446,59.437893],[10.685069,59.450263],[10.690278,59.480658],[10.651134,59.526435],[10.656423,59.594672],[10.625987,59.637274],[10.614594,59.69717],[10.597504,59.684556],[10.560232,59.726223],[10.614594,59.833686],[10.655528,59.856676],[10.680349,59.827338],[10.717784,59.738105],[10.758474,59.850165],[10.745128,59.882066],[10.752615,59.888902],[10.688731,59.91177],[10.66627,59.888902],[10.62143,59.896308],[10.594249,59.882066],[10.52947,59.88231],[10.475434,59.850043],[10.473806,59.841376],[10.498709,59.833686],[10.484548,59.788642],[10.502208,59.708726],[10.539806,59.675035],[10.582693,59.662055],[10.614594,59.607733],[10.59311,59.57038],[10.542735,59.535549],[10.483735,59.514472],[10.436697,59.518378],[10.423595,59.53384],[10.42921,59.597846],[10.397634,59.688056],[10.266856,59.739732],[10.238943,59.738756],[10.224376,59.723822],[10.257091,59.701077],[10.379242,59.658352],[10.394867,59.611151],[10.381033,59.535346],[10.364268,59.525824],[10.237315,59.559963],[10.267914,59.525051],[10.331309,59.495063],[10.369395,59.455268],[10.47755,59.429633],[10.480317,59.412095],[10.444509,59.348944],[10.514171,59.302924],[10.487071,59.284125],[10.469574,59.247789],[10.36085,59.271308],[10.36199,59.21955],[10.330251,59.209662],[10.313731,59.127997],[10.289806,59.134589],[10.306895,59.059719],[10.272146,59.114325],[10.262462,59.03856],[10.224376,59.114325],[10.211274,59.066555],[10.232188,59.040351],[10.207042,59.016425],[10.140798,58.999945],[10.114513,59.005072],[10.161876,59.027533],[10.163422,59.052314],[10.059418,59.018134],[10.016775,59.033677],[10.033376,58.993476],[10.014822,58.973131],[9.957367,58.956692],[9.846202,58.955634],[9.812185,58.963446],[9.838878,58.971869],[9.845225,58.989325],[9.836762,59.009345],[9.781749,59.051174],[9.765961,59.052395],[9.758149,59.032375],[9.706065,59.064276],[9.703461,59.086982],[9.688487,59.090766],[9.683116,59.046047],[9.66863,59.051459],[9.628429,59.1081],[9.640473,59.11758],[9.630626,59.131415],[9.600922,59.115668],[9.539073,59.120551],[9.621349,59.075263],[9.654145,59.037299],[9.726817,59.015204],[9.723969,58.983954],[9.703461,58.998236],[9.684744,58.983466],[9.655772,58.983954],[9.689789,58.956692],[9.594249,58.94302],[9.607921,58.928697],[9.575938,58.921454],[9.470063,58.928697],[9.523936,58.900051],[9.511485,58.895209],[9.455903,58.897691],[9.450369,58.881537],[9.37379,58.895413],[9.360199,58.881537],[9.394216,58.889879],[9.403656,58.880927],[9.339529,58.862616],[9.298839,58.881537],[9.270844,58.833157],[9.312511,58.826321],[9.379649,58.844184],[9.450369,58.833157],[9.367035,58.792182],[9.408702,58.799628],[9.306488,58.738715],[9.070974,58.741197],[9.062999,58.723822],[9.143565,58.709784],[9.169119,58.716457],[9.100841,58.737535],[9.214692,58.721625],[9.216319,58.702786],[9.059337,58.682929],[9.156016,58.688544],[9.200531,58.672349],[9.033837,58.594754],[8.990977,58.600328],[8.971202,58.586737],[8.913341,58.606879],[8.948904,58.579657],[8.94388,58.525985],[8.823519,58.452818],[8.754104,58.427587],[8.707295,58.378911],[8.641612,58.363918],[8.60727,58.332831],[8.579356,58.34748],[8.513438,58.293362],[8.506358,58.283108],[8.518077,58.271389],[8.501231,58.257229],[8.435395,58.257758],[8.409353,58.27204],[8.400564,58.265815],[8.406261,58.244208],[8.353526,58.244696],[8.295258,58.212714],[8.243663,58.203111],[8.271739,58.196275],[8.227224,58.163153],[8.223155,58.134833],[8.201915,58.122992],[8.15797,58.144477],[8.122895,58.102037],[8.047048,58.116889],[8.024587,58.141059],[8.079845,58.162095],[8.029552,58.22484],[8.00408,58.223049],[8.022146,58.202826],[8.022309,58.163764],[8.007498,58.144477],[7.934093,58.109442],[7.956309,58.093248],[7.695974,58.058539],[7.66391,58.067288],[7.653575,58.064643],[7.660899,58.045478],[7.62672,58.052314],[7.629242,58.031236],[7.614757,58.022121],[7.578868,58.045478],[7.578868,58.017524],[7.390636,58.017524],[7.267589,58.035956],[7.249848,58.058539],[7.174978,58.031195],[7.155528,58.050279],[7.082774,58.036851],[7.07602,58.006537],[7.006602,57.99315],[6.997244,57.997138],[6.99936,58.030707],[7.087738,58.070624],[7.116222,58.058539],[7.147472,58.100084],[7.034923,58.062323],[6.935313,58.045478],[6.996104,58.100084],[6.980317,58.105373],[6.900564,58.052314],[6.90797,58.100084],[6.866384,58.079576],[6.80421,58.100084],[6.870779,58.119208],[6.949962,58.120917],[6.989268,58.141059],[6.87379,58.134833],[6.801524,58.179348],[6.777599,58.182034],[6.807953,58.120551],[6.731456,58.119859],[6.715587,58.134833],[6.727306,58.145209],[6.722423,58.189439],[6.688243,58.120551],[6.782563,58.065334],[6.75408,58.058092],[6.595876,58.075873],[6.530528,58.120551],[6.568126,58.131781],[6.597016,58.1765],[6.674571,58.182034],[6.654063,58.189439],[6.675141,58.206977],[6.845958,58.271389],[6.802989,58.270453],[6.681407,58.223049],[6.633637,58.274848],[6.656261,58.302802],[6.695079,58.291897],[6.708751,58.312974],[6.687266,58.327338],[6.619965,58.319159],[6.626231,58.244696],[6.562348,58.243109],[6.347515,58.285851],[6.010102,58.384914],[5.978038,58.414496],[5.9546,58.477484],[5.796653,58.489246],[5.778391,58.520899],[5.704171,58.520767],[5.646251,58.548651],[5.652355,58.562733],[5.571544,58.628323],[5.506923,58.729898],[5.477951,58.754747],[5.526723,58.784114],[5.539673,58.815479],[5.530528,58.86872],[5.57252,58.894029],[5.550548,58.915717],[5.53712,58.956122],[5.617361,58.907294],[5.626231,58.925605],[5.550548,58.970893],[5.570649,58.982082],[5.591563,58.977118],[5.578868,58.989081],[5.523204,58.9914],[5.550548,59.03856],[5.715587,58.977118],[5.70102,58.919135],[5.715587,58.867255],[5.735525,58.928697],[5.818126,58.936184],[5.821788,58.963446],[5.853526,58.965033],[5.919607,58.945054],[5.969981,58.903632],[6.09254,58.847235],[6.228852,58.839993],[6.118988,58.853583],[6.082042,58.870795],[6.057628,58.902045],[6.105317,58.950385],[6.194835,58.983954],[6.626231,59.052802],[6.352061,59.033026],[6.298676,59.015123],[6.160411,58.998236],[6.126801,58.98371],[6.033865,58.905178],[5.975108,58.963446],[5.98406,58.984076],[6.050792,58.998236],[6.009125,59.02558],[5.934093,59.018134],[5.875499,59.06623],[5.872732,59.086982],[5.890636,59.103909],[6.126475,59.148424],[6.0088,59.149359],[6.064301,59.207221],[6.171397,59.26142],[6.252126,59.277248],[6.323904,59.315009],[6.461681,59.31977],[6.313813,59.322943],[6.154145,59.267768],[6.112315,59.274563],[6.084972,59.306708],[6.236339,59.31977],[6.199229,59.351549],[6.197602,59.334703],[6.17213,59.321234],[6.146983,59.340237],[6.122813,59.31977],[6.092459,59.31977],[6.057628,59.353909],[6.054047,59.334621],[6.037446,59.32746],[5.995453,59.334052],[6.041515,59.383694],[6.174327,59.443834],[6.18865,59.429633],[6.222667,59.49787],[6.242686,59.510565],[6.427501,59.550971],[6.5442,59.559963],[6.505219,59.571275],[6.336111,59.553616],[6.236339,59.525824],[6.278575,59.572008],[6.288748,59.629136],[6.311534,59.655504],[6.286469,59.649237],[6.237315,59.549791],[6.153005,59.459418],[6.027029,59.402289],[5.982595,59.429633],[5.988617,59.415961],[5.968923,59.402289],[5.995453,59.381171],[5.924164,59.35578],[5.886241,59.402289],[5.886241,59.446967],[6.153168,59.477444],[6.10434,59.492906],[6.024669,59.474311],[5.901866,59.479071],[5.872732,59.487982],[5.807384,59.539374],[5.77711,59.525824],[5.803477,59.494778],[5.797537,59.463121],[5.748383,59.445787],[5.72283,59.451158],[5.708263,59.470608],[5.713715,59.446682],[5.696462,59.429429],[5.646169,59.408515],[5.78419,59.429267],[5.85255,59.384996],[5.85963,59.350775],[5.704845,59.340237],[5.677745,59.309801],[5.61199,59.293036],[5.618663,59.316881],[5.646169,59.334052],[5.586599,59.41649],[5.56072,59.409329],[5.585297,59.395453],[5.567882,59.316352],[5.505382,59.277737],[5.475434,59.278754],[5.435802,59.307685],[5.423839,59.330471],[5.440603,59.369818],[5.433116,59.405097],[5.404307,59.378974],[5.399425,59.296698],[5.372732,59.307196],[5.349946,59.366441],[5.358246,59.387193],[5.348399,59.415961],[5.332693,59.411526],[5.331391,59.353909],[5.297211,59.344672],[5.231212,59.424262],[5.201671,59.429633],[5.182302,59.511217],[5.199718,59.524604],[5.242686,59.525824],[5.201671,59.546291],[5.237804,59.559638],[5.290375,59.600898],[5.304047,59.628241],[5.344249,59.64765],[5.385997,59.649359],[5.413341,59.594672],[5.427013,59.635688],[5.399669,59.669827],[5.411632,59.689195],[5.489106,59.738105],[5.4817,59.723822],[5.505544,59.692694],[5.480479,59.621324],[5.487804,59.575019],[5.450857,59.546291],[5.416759,59.542914],[5.407725,59.521796],[5.416759,59.504706],[5.516368,59.539496],[5.54005,59.598293],[5.523611,59.617906],[5.564138,59.676663],[5.721934,59.663479],[5.730968,59.64765],[5.715587,59.607733],[5.754405,59.609849],[5.766856,59.645575],[5.789073,59.65644],[5.879405,59.655504],[5.879405,59.676663],[5.788585,59.660142],[5.746104,59.675523],[5.81422,59.729071],[5.886241,59.738105],[5.903087,59.764797],[5.934093,59.74494],[5.98585,59.735745],[6.038097,59.745185],[6.191742,59.805976],[6.21518,59.82746],[6.291759,59.840318],[6.311534,59.854193],[6.244314,59.843573],[6.002289,59.758612],[5.963878,59.759955],[5.934093,59.779039],[5.934418,59.794623],[5.961436,59.816596],[5.968923,59.861029],[5.934255,59.841498],[5.914399,59.791449],[5.831716,59.772203],[5.715099,59.831732],[5.70753,59.838121],[5.721853,59.861029],[5.681407,59.841498],[5.659841,59.839993],[5.646169,59.854193],[5.742931,59.882066],[5.740245,59.909898],[5.772227,59.930732],[5.971528,59.95954],[5.982595,59.981106],[5.95035757341164,60.0],[18.868175,59.99372]]],[[[5.76047349395499,60.0],[5.739268,59.994452],[5.726480062200627,60.0],[5.76047349395499,60.0]]],[[[27.176362,59.841376],[27.175304,59.856716],[27.194835,59.864529],[27.21933,59.841213],[27.176362,59.841376]]],[[[29.787446,59.996772],[29.800548,59.985541],[29.786876,59.975084],[29.73025324442751,60.0],[29.787446,59.996772]]],[[[27.89191997099592,60.0],[27.820486,59.982733],[27.802582,59.999335],[27.89191997099592,60.0]]],[[[33.971365,35.321275],[33.91212,35.259996],[33.899913,35.164455],[34.051036,35.033026],[34.099132,34.965155],[34.034516,34.97248],[34.011567,34.987616],[33.957286,34.98192],[33.910167,34.97016],[33.862315,34.937893],[33.80421,34.972602],[33.760427,34.979682],[33.680349,34.966295],[33.646658,34.931952],[33.632579,34.852484],[33.605642,34.821763],[33.5442,34.815009],[33.513194,34.785468],[33.43865,34.762763],[33.415212,34.75845],[33.400157,34.773383],[33.399181,34.745307],[33.260102,34.700507],[33.086436,34.69481],[33.02589,34.651313],[33.009939,34.624905],[33.009125,34.597398],[33.030284,34.568549],[32.940929,34.568549],[32.944672,34.593695],[32.913585,34.656684],[32.834321,34.670966],[32.749197,34.649848],[32.665782,34.652167],[32.556651,34.699368],[32.475841,34.713202],[32.419119,34.747992],[32.379161,34.849066],[32.323416,34.898424],[32.331391,34.924221],[32.312185,34.950263],[32.305919,35.00141],[32.271739,35.072821],[32.286632,35.097154],[32.353363,35.047919],[32.413829,35.043036],[32.479666,35.082953],[32.553966,35.178046],[32.574718,35.1706],[32.650401,35.188056],[32.745372,35.178046],[32.82838,35.148586],[32.865245,35.156968],[32.914724,35.200832],[32.929373,35.232978],[32.936046,35.336615],[32.920421,35.397773],[33.069796,35.358724],[33.14008,35.362159],[33.427501,35.328925],[33.66033,35.35932],[33.783508,35.416718],[33.834646,35.40998],[34.035622,35.471383],[34.13119,35.511347],[34.181651,35.554185],[34.319672,35.586168],[34.59254,35.691962],[34.572765,35.643541],[34.542328,35.637274],[34.352306,35.520697],[34.137706,35.415107],[34.08546,35.369859],[34.05893,35.324123],[34.019786,35.314358],[33.971365,35.321275]]],[[[33.787608,36.181505],[33.778005,36.173692],[33.781261,36.178738],[33.787608,36.181505]]],[[[29.814789,45.641059],[29.8567,45.649115],[30.075694,45.792426],[30.125987,45.811469],[29.908051,45.666449],[29.807465,45.614325],[29.730968,45.591376],[29.801443,45.621894],[29.814789,45.641059]]],[[[32.619395,46.060004],[32.783214,46.046332],[32.881684,46.055406],[32.913585,46.038804],[32.978689,46.05329],[32.99936,46.035305],[33.045095,46.037909],[33.057465,46.025214],[33.04005,46.012152],[32.619395,46.060004]]],[[[31.737153,46.220771],[31.580333,46.262763],[31.549001,46.282416],[31.514008,46.329413],[31.504405,46.373358],[31.521983,46.368476],[31.554373,46.296332],[31.618175,46.259223],[32.070811,46.18244],[32.16627,46.149359],[31.737153,46.220771]]]]}}]}
